filename,size paramter of equivalent volume sphere,wavelength (m),extinction efficiency,scattering efficiency,average geometrical cross section (m^2),volume (m^3),maximum distance from the center of mass (m),single scattering albedo,asymmetry factor
MTC_vo_08600_005380_g2,3.93088E+01,8.60000E-06,2.09907E+00,1.13365E+00,1.24810E-08,6.52380E-13,9.74000E-05,5.40072E-01,9.51563E-01
MTC_vo_08600_037232_g1,2.72016E+02,8.60000E-06,2.02359E+00,1.03684E+00,1.02510E-06,2.16180E-10,1.33400E-03,5.12379E-01,9.79776E-01
MTC_vo_08600_005938_g2,4.33850E+01,8.60000E-06,2.09587E+00,1.12473E+00,1.52040E-08,8.77100E-13,1.07500E-04,5.36641E-01,9.54463E-01
MTC_vo_08600_000389_fd,2.84106E+00,8.60000E-06,8.63843E-01,6.47191E-01,6.63345E-11,2.45394E-16,7.11741E-06,7.49199E-01,7.69615E-01
MTC_vo_08600_014360_g2,1.04916E+02,8.60000E-06,2.04681E+00,1.06227E+00,1.15670E-07,1.24040E-11,3.54200E-04,5.18989E-01,9.61194E-01
MTC_vo_08600_027910_g1,2.03910E+02,8.60000E-06,2.02858E+00,1.04219E+00,5.76030E-07,9.10640E-11,1.00000E-03,5.13751E-01,9.78544E-01
MTC_vo_08600_000148_fd,1.08051E+00,8.60000E-06,1.35765E-01,5.60636E-02,9.59232E-12,1.34951E-17,2.73747E-06,4.12945E-01,2.83994E-01
MTC_vo_08600_001999_fd,1.46031E+01,8.60000E-06,2.28946E+00,1.50333E+00,1.75443E-09,3.33401E-14,3.65452E-05,6.56633E-01,9.17111E-01
MTC_vo_08600_001440_fd,1.05226E+01,8.60000E-06,2.42831E+00,1.75864E+00,9.10267E-10,1.24727E-14,2.62797E-05,7.24227E-01,9.06545E-01
MTC_vo_08600_000077_fd,5.60301E-01,8.60000E-06,4.43578E-02,5.64158E-03,2.57765E-12,1.88137E-18,1.36873E-06,1.27183E-01,8.34921E-02
MTC_vo_08600_016611_g2,1.21364E+02,8.60000E-06,2.04230E+00,1.05770E+00,1.74030E-07,1.92000E-11,4.69800E-04,5.17896E-01,9.62328E-01
MTC_vo_08600_000203_fd,1.48065E+00,8.60000E-06,2.46443E-01,1.37094E-01,1.80137E-11,3.47294E-17,3.69558E-06,5.56292E-01,4.84148E-01
MTC_vo_08600_000104_fd,7.60383E-01,8.60000E-06,6.99690E-02,1.73088E-02,4.75010E-12,4.70269E-18,1.91623E-06,2.47378E-01,1.44482E-01
MTC_vo_08600_018632_g2,1.36129E+02,8.60000E-06,2.03958E+00,1.05423E+00,2.27420E-07,2.70950E-11,5.93300E-04,5.16885E-01,9.62707E-01
MTC_vo_08600_020201_g2,1.47591E+02,8.60000E-06,2.03643E+00,1.05448E+00,3.01920E-07,3.45310E-11,7.23800E-04,5.17809E-01,9.62528E-01
MTC_vo_08600_000055_fd,4.00231E-01,8.60000E-06,2.86018E-02,1.55092E-03,1.31113E-12,6.85641E-19,9.58113E-07,5.42246E-02,5.98224E-02
MTC_vo_08600_003883_g2,2.83715E+01,8.60000E-06,2.05812E+00,1.12148E+00,6.49200E-09,2.45290E-13,7.02990E-05,5.44908E-01,9.34914E-01
MTC_vo_08600_012061_g2,8.81157E+01,8.60000E-06,2.04924E+00,1.06800E+00,7.84090E-08,7.34840E-12,2.81100E-04,5.21171E-01,9.59617E-01
MTC_vo_08600_009333_g2,6.81853E+01,8.60000E-06,2.06123E+00,1.07703E+00,4.04210E-08,3.40490E-12,1.87300E-04,5.22518E-01,9.57426E-01
MTC_vo_08600_051633_g1,3.77232E+02,8.60000E-06,2.01897E+00,1.03351E+00,1.97140E-06,5.76580E-10,1.85000E-03,5.11902E-01,9.80658E-01
MTC_vo_08600_001041_fd,7.60217E+00,8.60000E-06,2.48792E+00,1.94273E+00,4.75068E-10,4.70285E-15,1.90254E-05,7.80865E-01,9.04473E-01
MTC_vo_08600_000750_fd,5.48166E+00,8.60000E-06,2.10021E+00,1.68000E+00,2.46974E-10,1.76296E-15,1.36873E-05,7.99923E-01,8.87399E-01
MTC_vo_08600_071617_g1,5.23235E+02,8.60000E-06,2.01525E+00,1.03162E+00,3.79270E-06,1.53860E-09,2.56600E-03,5.11906E-01,9.81224E-01
MTC_vo_08600_000542_fd,3.96133E+00,8.60000E-06,1.45625E+00,1.14098E+00,1.28967E-10,6.65252E-16,9.85487E-06,7.83508E-01,8.49367E-01
MTC_vo_08600_002801_g2,2.04617E+01,8.60000E-06,2.17159E+00,1.28163E+00,3.37870E-09,9.20150E-14,5.07010E-05,5.90179E-01,9.18845E-01
MTC_vo_08600_000279_fd,2.04083E+00,8.60000E-06,4.64182E-01,3.13144E-01,3.42246E-11,9.09484E-17,5.06431E-06,6.74614E-01,6.60712E-01
MTC_vo_00490_3_g1_016611,2.13006E+03,4.90000E-07,2.00638E+00,2.00615E+00,1.74220E-07,1.92000E-11,4.69800E-04,9.99886E-01,7.29569E-01
MTC_vo_00490_3_g1_005380,6.89909E+02,4.90000E-07,2.01352E+00,2.01337E+00,1.25050E-08,6.52380E-13,9.74000E-05,9.99922E-01,7.60568E-01
MTC_vo_00490_3_g1_020201,2.59036E+03,4.90000E-07,2.00560E+00,2.00514E+00,3.02000E-07,3.45310E-11,7.23800E-04,9.99770E-01,7.21282E-01
MTC_vo_00490_3_g1_018632,2.38921E+03,4.90000E-07,2.00591E+00,2.00556E+00,2.27770E-07,2.70950E-11,5.93300E-04,9.99825E-01,7.22789E-01
MTC_vo_00490_1_fd_000279,3.58187E+01,4.90000E-07,2.13380E+00,2.13380E+00,3.43018E-11,9.09492E-17,5.10028E-06,1.00000E+00,7.67258E-01
MTC_vo_00490_3_g1_037232,4.77415E+03,4.90000E-07,2.00372E+00,2.00325E+00,1.02580E-06,2.16180E-10,1.33400E-03,9.99763E-01,7.21246E-01
MTC_vo_00490_3_g1_014360,1.84139E+03,4.90000E-07,2.00703E+00,2.00687E+00,1.15390E-07,1.24040E-11,3.54200E-04,9.99921E-01,7.38219E-01
MTC_vo_00490_1_fd_000148,1.89639E+01,4.90000E-07,2.23477E+00,2.23477E+00,9.60181E-12,1.34950E-17,2.69831E-06,1.00000E+00,7.81155E-01
MTC_vo_00490_2_g2_001453,1.86291E+02,4.90000E-07,2.03311E+00,2.03306E+00,9.09780E-10,1.28440E-14,2.63000E-05,9.99973E-01,7.38505E-01
MTC_vo_00490_2_g2_002016,2.58539E+02,4.90000E-07,2.02540E+00,2.02517E+00,1.75230E-09,3.43320E-14,3.65000E-05,9.99888E-01,7.40705E-01
MTC_vo_00490_2_g2_000392,5.02909E+01,4.90000E-07,2.09203E+00,2.09197E+00,6.62590E-11,2.52690E-16,7.10000E-06,9.99972E-01,7.64590E-01
MTC_vo_00490_1_fd_000104,1.33457E+01,4.90000E-07,2.36822E+00,2.36822E+00,4.74838E-12,4.70290E-18,1.90286E-06,1.00000E+00,7.99488E-01
MTC_vo_00490_2_g2_000757,9.70416E+01,4.90000E-07,2.05230E+00,2.05223E+00,2.46660E-10,1.81550E-15,1.37000E-05,9.99968E-01,7.37851E-01
MTC_vo_00490_1_fd_000077,9.83389E+00,4.90000E-07,2.57777E+00,2.57777E+00,2.57705E-12,1.88139E-18,1.40375E-06,1.00000E+00,8.26029E-01
MTC_vo_00490_3_g1_003883,4.97949E+02,4.90000E-07,2.01681E+00,2.01669E+00,6.51420E-09,2.45290E-13,7.03000E-05,9.99940E-01,7.60234E-01
MTC_vo_00490_3_g1_051633,6.62084E+03,4.90000E-07,2.00300E+00,2.00253E+00,1.97290E-06,5.76590E-10,1.85000E-03,9.99768E-01,7.21381E-01
MTC_vo_00490_1_fd_000203,2.59869E+01,4.90000E-07,2.03729E+00,2.03729E+00,1.80510E-11,3.47289E-17,3.69653E-06,1.00000E+00,7.59164E-01
MTC_vo_00490_3_g1_005938,7.61450E+02,4.90000E-07,2.01266E+00,2.01252E+00,1.52320E-08,8.77100E-13,1.07500E-04,9.99926E-01,7.60516E-01
MTC_vo_00490_3_g1_009333,1.19672E+03,4.90000E-07,2.00937E+00,2.00931E+00,4.04360E-08,3.40490E-12,1.87300E-04,9.99973E-01,7.44998E-01
MTC_vo_00490_3_g1_071617,9.18331E+03,4.90000E-07,2.00241E+00,2.00194E+00,3.79560E-06,1.53860E-09,2.56600E-03,9.99767E-01,7.21407E-01
MTC_vo_00490_1_fd_000055,7.02438E+00,4.90000E-07,2.78058E+00,2.78058E+00,1.31482E-12,6.85619E-19,9.98220E-07,1.00000E+00,8.60069E-01
MTC_vo_00490_2_g2_000547,7.01244E+01,4.90000E-07,2.06844E+00,2.06835E+00,1.28820E-10,6.85060E-16,9.90000E-06,9.99959E-01,7.49131E-01
MTC_vo_00490_3_g1_002801,3.59121E+02,4.90000E-07,2.02090E+00,2.02078E+00,3.38800E-09,9.20120E-14,5.07000E-05,9.99938E-01,7.60357E-01
MTC_vo_00490_3_g1_027910,3.57882E+03,4.90000E-07,2.00451E+00,2.00404E+00,5.76460E-07,9.10640E-11,1.00000E-03,9.99764E-01,7.21276E-01
MTC_vo_00490_2_g2_001050,1.34582E+02,4.90000E-07,2.04431E+00,2.04423E+00,4.74420E-10,4.84270E-15,1.90000E-05,9.99960E-01,7.34386E-01
MTC_vo_00490_3_g1_012061,1.54653E+03,4.90000E-07,2.00790E+00,2.00776E+00,7.86110E-08,7.34850E-12,2.81100E-04,9.99932E-01,7.40934E-01
MTC_vo_05714_3_g1_037232,4.09404E+02,5.71400E-06,2.01921E+00,1.04144E+00,1.02510E-06,2.16180E-10,1.33400E-03,5.15765E-01,9.80248E-01
MTC_vo_05714_2_g2_003883,4.27019E+01,5.71400E-06,2.10479E+00,1.17476E+00,6.50210E-09,2.45300E-13,7.03000E-05,5.58133E-01,9.51524E-01
MTC_vo_05714_1_fd_000148,1.62626E+00,5.71400E-06,2.90779E-01,1.77395E-01,9.58381E-12,1.34955E-17,2.72823E-06,6.10068E-01,5.46107E-01
MTC_vo_05714_1_fd_000389,4.27597E+00,5.71400E-06,1.65828E+00,1.34252E+00,6.62719E-11,2.45386E-16,7.09341E-06,8.09589E-01,8.60906E-01
MTC_vo_05714_1_fd_000750,8.25027E+00,5.71400E-06,2.54952E+00,2.01195E+00,2.46748E-10,1.76293E-15,1.37321E-05,7.89151E-01,8.99500E-01
MTC_vo_05714_2_g2_012061,1.32621E+02,5.71400E-06,2.04124E+00,1.07171E+00,7.84280E-08,7.34850E-12,2.81100E-04,5.25029E-01,9.63764E-01
MTC_vo_05714_2_g2_005938,6.52974E+01,5.71400E-06,2.06113E+00,1.10504E+00,1.52040E-08,8.77090E-13,1.07500E-04,5.36134E-01,9.59930E-01
MTC_vo_05714_3_g1_018632,2.04885E+02,5.71400E-06,2.03047E+00,1.05445E+00,2.27780E-07,2.70950E-11,5.93300E-04,5.19312E-01,9.78068E-01
MTC_vo_05714_3_g1_020201,2.22135E+02,5.71400E-06,2.02887E+00,1.05411E+00,3.01780E-07,3.45310E-11,7.23800E-04,5.19553E-01,9.78185E-01
MTC_vo_05714_1_fd_000279,3.07163E+00,5.71400E-06,1.00806E+00,7.79761E-01,3.41941E-11,9.09517E-17,5.09270E-06,7.73524E-01,7.90181E-01
MTC_vo_05714_1_fd_002776,3.05283E+01,5.71400E-06,2.05185E+00,1.16889E+00,3.38975E-09,8.93533E-14,5.07452E-05,5.69676E-01,9.48376E-01
MTC_vo_05714_2_g2_009333,1.02624E+02,5.71400E-06,2.04935E+00,1.07948E+00,4.04210E-08,3.40490E-12,1.87300E-04,5.26740E-01,9.62022E-01
MTC_vo_05714_1_fd_000203,2.22851E+00,5.71400E-06,5.54943E-01,3.91952E-01,1.79979E-11,3.47299E-17,3.72859E-06,7.06292E-01,6.92127E-01
MTC_vo_05714_2_g2_005380,5.91624E+01,5.71400E-06,2.06800E+00,1.11606E+00,1.24810E-08,6.52370E-13,9.74000E-05,5.39679E-01,9.58420E-01
MTC_vo_05714_1_fd_000055,6.02391E-01,5.71400E-06,4.50941E-02,8.87162E-03,1.31471E-12,6.85690E-19,1.00035E-06,1.96736E-01,9.34668E-02
MTC_vo_05714_3_g1_071617,7.87508E+02,5.71400E-06,2.01242E+00,1.03568E+00,3.79250E-06,1.53860E-09,2.56600E-03,5.14645E-01,9.81159E-01
MTC_vo_05714_1_fd_000542,5.96213E+00,5.71400E-06,2.29767E+00,1.87731E+00,1.28848E-10,6.65264E-16,9.91258E-06,8.17048E-01,8.89966E-01
MTC_vo_05714_2_g2_016611,1.82662E+02,5.71400E-06,2.03333E+00,1.05919E+00,1.74240E-07,1.92000E-11,4.69800E-04,5.20914E-01,9.65663E-01
MTC_vo_05714_3_g1_027910,3.06899E+02,5.71400E-06,2.02328E+00,1.04594E+00,5.76020E-07,9.10640E-11,1.00000E-03,5.16954E-01,9.79518E-01
MTC_vo_05714_2_g2_014360,1.57907E+02,5.71400E-06,2.03561E+00,1.06216E+00,1.15290E-07,1.24040E-11,3.54200E-04,5.21789E-01,9.64647E-01
MTC_vo_05714_1_fd_000104,1.14443E+00,5.71400E-06,1.44382E-01,6.87058E-02,4.74607E-12,4.70267E-18,1.90976E-06,4.75862E-01,3.15956E-01
MTC_vo_05714_1_fd_001041,1.14418E+01,5.71400E-06,2.39357E+00,1.73554E+00,4.74671E-10,4.70278E-15,1.90067E-05,7.25083E-01,8.99863E-01
MTC_vo_05714_1_fd_001440,1.58373E+01,5.71400E-06,2.26678E+00,1.50127E+00,9.10358E-10,1.24728E-14,2.62820E-05,6.62290E-01,9.13588E-01
MTC_vo_05714_1_fd_000077,8.43299E-01,5.71400E-06,7.93786E-02,2.60864E-02,2.57681E-12,1.88139E-18,1.36412E-06,3.28633E-01,1.76843E-01
MTC_vo_05714_1_fd_001999,2.19788E+01,5.71400E-06,2.14294E+00,1.30016E+00,1.75586E-09,3.33406E-14,3.64674E-05,6.06717E-01,9.31348E-01
MTC_vo_05714_3_g1_051633,5.67766E+02,5.71400E-06,2.01544E+00,1.03805E+00,1.97130E-06,5.76590E-10,1.85000E-03,5.15047E-01,9.80786E-01
MTC_vo_08450_002801_g2,2.08247E+01,8.45000E-06,2.15836E+00,1.25795E+00,3.37860E-09,9.20110E-14,5.07000E-05,5.82826E-01,9.19100E-01
MTC_vo_08450_000542_fd,4.03168E+00,8.45000E-06,1.53063E+00,1.20654E+00,1.28966E-10,6.65268E-16,9.95196E-06,7.88264E-01,8.52207E-01
MTC_vo_08450_000279_fd,2.07706E+00,8.45000E-06,4.94717E-01,3.39681E-01,3.42250E-11,9.09489E-17,5.11047E-06,6.86616E-01,6.67574E-01
MTC_vo_08450_001041_fd,7.73700E+00,8.45000E-06,2.51081E+00,1.95357E+00,4.75054E-10,4.70264E-15,1.89625E-05,7.78064E-01,9.02545E-01
MTC_vo_08450_071617_g1,5.32523E+02,8.45000E-06,2.01551E+00,1.03184E+00,3.79270E-06,1.53860E-09,2.56600E-03,5.11953E-01,9.80762E-01
MTC_vo_08450_000750_fd,5.57897E+00,8.45000E-06,2.16904E+00,1.73831E+00,2.46966E-10,1.76297E-15,1.37176E-05,8.01416E-01,8.87420E-01
MTC_vo_08450_051633_g1,3.83931E+02,8.45000E-06,2.01928E+00,1.03360E+00,1.97140E-06,5.76590E-10,1.85000E-03,5.11867E-01,9.80214E-01
MTC_vo_08450_012061_g2,8.96803E+01,8.45000E-06,2.05036E+00,1.06663E+00,7.84100E-08,7.34850E-12,2.81100E-04,5.20215E-01,9.59523E-01
MTC_vo_08450_009333_g2,6.93957E+01,8.45000E-06,2.06208E+00,1.07500E+00,4.04210E-08,3.40490E-12,1.87300E-04,5.21319E-01,9.57379E-01
MTC_vo_08450_003883_g2,2.88752E+01,8.45000E-06,2.05888E+00,1.11565E+00,6.50690E-09,2.45290E-13,7.03000E-05,5.41872E-01,9.35513E-01
MTC_vo_08450_000055_fd,4.07329E-01,8.45000E-06,2.93391E-02,1.71994E-03,1.31223E-12,6.85611E-19,9.41401E-07,5.86228E-02,5.98645E-02
MTC_vo_08450_000104_fd,7.73879E-01,8.45000E-06,7.34706E-02,1.91549E-02,4.75010E-12,4.70265E-18,1.88280E-06,2.60715E-01,1.49405E-01
MTC_vo_08450_000203_fd,1.50693E+00,8.45000E-06,2.61127E-01,1.49126E-01,1.80135E-11,3.47286E-17,3.76561E-06,5.71087E-01,4.96617E-01
MTC_vo_08450_018632_g2,1.38546E+02,8.45000E-06,2.04033E+00,1.05332E+00,2.27420E-07,2.70950E-11,5.93300E-04,5.16249E-01,9.62601E-01
MTC_vo_08450_020201_g2,1.50211E+02,8.45000E-06,2.03728E+00,1.05360E+00,3.01930E-07,3.45310E-11,7.23800E-04,5.17161E-01,9.62393E-01
MTC_vo_08450_016611_g2,1.23518E+02,8.45000E-06,2.04215E+00,1.05575E+00,1.74030E-07,1.92000E-11,4.69800E-04,5.16981E-01,9.62158E-01
MTC_vo_08450_000077_fd,5.70252E-01,8.45000E-06,4.58878E-02,6.25593E-03,2.57782E-12,1.88142E-18,1.34486E-06,1.36331E-01,8.55696E-02
MTC_vo_08450_001440_fd,1.07093E+01,8.45000E-06,2.41715E+00,1.73567E+00,9.10140E-10,1.24724E-14,2.63592E-05,7.18064E-01,9.04279E-01
MTC_vo_08450_001999_fd,1.48623E+01,8.45000E-06,2.28314E+00,1.48724E+00,1.75455E-09,3.33402E-14,3.64457E-05,6.51402E-01,9.16501E-01
MTC_vo_08450_000389_fd,2.89148E+00,8.45000E-06,9.17197E-01,6.93838E-01,6.63328E-11,2.45389E-16,7.12775E-06,7.56477E-01,7.74463E-01
MTC_vo_08450_027910_g1,2.07529E+02,8.45000E-06,2.02906E+00,1.04169E+00,5.76030E-07,9.10640E-11,1.00000E-03,5.13386E-01,9.78163E-01
MTC_vo_08450_014360_g2,1.06779E+02,8.45000E-06,2.04674E+00,1.06023E+00,1.15670E-07,1.24040E-11,3.54200E-04,5.18008E-01,9.61051E-01
MTC_vo_08450_000148_fd,1.09969E+00,8.45000E-06,1.42842E-01,6.14061E-02,9.59219E-12,1.34953E-17,2.68972E-06,4.29888E-01,2.93653E-01
MTC_vo_08450_005380_g2,4.00066E+01,8.45000E-06,2.10478E+00,1.13425E+00,1.24810E-08,6.52380E-13,9.74000E-05,5.38891E-01,9.51967E-01
MTC_vo_08450_005938_g2,4.41549E+01,8.45000E-06,2.09460E+00,1.11888E+00,1.52040E-08,8.77090E-13,1.07500E-04,5.34173E-01,9.54467E-01
MTC_vo_08450_037232_g1,2.76844E+02,8.45000E-06,2.02398E+00,1.03672E+00,1.02510E-06,2.16180E-10,1.33400E-03,5.12218E-01,9.79361E-01
MTC_vo_01520_1_fd_000104,4.30219E+00,1.52000E-06,1.64127E+00,1.63532E+00,4.74614E-12,4.70278E-18,1.91113E-06,9.96378E-01,8.50477E-01
MTC_vo_01520_1_fd_000077,3.17015E+00,1.52000E-06,9.43947E-01,9.39788E-01,2.57672E-12,1.88141E-18,1.40311E-06,9.95594E-01,7.89151E-01
MTC_vo_01520_3_g1_051633,2.13435E+03,1.52000E-06,2.00782E+00,1.27414E+00,1.97290E-06,5.76590E-10,1.85000E-03,6.34589E-01,9.29935E-01
MTC_vo_01520_1_fd_000203,8.37744E+00,1.52000E-06,2.76293E+00,2.75052E+00,1.79976E-11,3.47300E-17,3.70131E-06,9.95508E-01,8.65882E-01
MTC_vo_01520_2_g2_005380,2.22405E+02,1.52000E-06,2.03550E+00,1.75651E+00,1.24780E-08,6.52380E-13,9.74000E-05,8.62940E-01,8.17668E-01
MTC_vo_01520_3_g1_009333,3.85785E+02,1.52000E-06,2.02445E+00,1.62979E+00,4.04460E-08,3.40490E-12,1.87300E-04,8.05051E-01,8.51553E-01
MTC_vo_01520_1_fd_000055,2.26446E+00,1.52000E-06,4.40357E-01,4.37567E-01,1.31472E-12,6.85636E-19,9.91854E-07,9.93666E-01,6.90421E-01
MTC_vo_01520_3_g1_071617,2.96041E+03,1.52000E-06,2.00628E+00,1.19771E+00,3.79560E-06,1.53860E-09,2.56600E-03,5.96981E-01,9.49680E-01
MTC_vo_01520_1_fd_000542,2.24129E+01,1.52000E-06,2.15306E+00,2.11874E+00,1.29171E-10,6.65262E-16,9.89434E-06,9.84060E-01,7.95400E-01
MTC_vo_01520_3_g1_027910,1.15370E+03,1.52000E-06,2.01178E+00,1.44776E+00,5.75980E-07,9.10640E-11,1.00000E-03,7.19642E-01,8.82124E-01
MTC_vo_01520_2_g2_001050,4.33851E+01,1.52000E-06,2.15924E+00,2.09458E+00,4.74500E-10,4.84270E-15,1.90000E-05,9.70054E-01,7.96988E-01
MTC_vo_01520_3_g1_012061,4.98552E+02,1.52000E-06,2.02061E+00,1.60139E+00,7.86200E-08,7.34850E-12,2.81100E-04,7.92530E-01,8.54053E-01
MTC_vo_01520_2_g2_002801,1.15769E+02,1.52000E-06,2.05372E+00,1.89293E+00,3.37800E-09,9.20120E-14,5.07000E-05,9.21709E-01,7.83146E-01
MTC_vo_01520_1_fd_000750,3.10148E+01,1.52000E-06,2.01085E+00,1.96330E+00,2.47508E-10,1.76298E-15,1.36924E-05,9.76354E-01,7.81812E-01
MTC_vo_01520_3_g1_016611,6.86664E+02,1.52000E-06,2.01665E+00,1.55337E+00,1.74250E-07,1.92000E-11,4.69800E-04,7.70274E-01,8.59265E-01
MTC_vo_01520_3_g1_018632,7.70206E+02,1.52000E-06,2.01542E+00,1.53175E+00,2.27780E-07,2.70950E-11,5.93300E-04,7.60014E-01,8.59571E-01
MTC_vo_01520_3_g1_020201,8.35052E+02,1.52000E-06,2.01461E+00,1.54405E+00,3.01750E-07,3.45310E-11,7.23800E-04,7.66427E-01,8.55735E-01
MTC_vo_01520_2_g2_005938,2.45467E+02,1.52000E-06,2.03295E+00,1.73184E+00,1.52000E-08,8.77090E-13,1.07500E-04,8.51882E-01,8.23358E-01
MTC_vo_01520_1_fd_000279,1.15468E+01,1.52000E-06,2.47323E+00,2.45579E+00,3.41986E-11,9.09501E-17,5.10442E-06,9.92950E-01,8.33551E-01
MTC_vo_01520_3_g1_037232,1.53904E+03,1.52000E-06,2.00972E+00,1.36331E+00,1.02580E-06,2.16180E-10,1.33400E-03,6.78357E-01,9.05623E-01
MTC_vo_01520_2_g2_003883,1.60523E+02,1.52000E-06,2.04314E+00,1.82954E+00,6.50030E-09,2.45290E-13,7.03000E-05,8.95456E-01,8.00294E-01
MTC_vo_01520_1_fd_000389,1.60745E+01,1.52000E-06,2.31887E+00,2.29434E+00,6.63622E-11,2.45398E-16,7.08812E-06,9.89425E-01,8.15451E-01
MTC_vo_01520_1_fd_000148,6.11344E+00,1.52000E-06,2.49157E+00,2.48278E+00,9.58392E-12,1.34955E-17,2.70945E-06,9.96472E-01,8.74264E-01
MTC_vo_01520_3_g1_014360,5.93605E+02,1.52000E-06,2.01835E+00,1.56161E+00,1.15400E-07,1.24040E-11,3.54200E-04,7.73708E-01,8.62655E-01
MTC_vo_01520_2_g2_001453,6.00544E+01,1.52000E-06,2.07111E+00,1.98297E+00,9.09160E-10,1.28440E-14,2.63000E-05,9.57444E-01,7.81677E-01
MTC_vo_01520_2_g2_002016,8.33447E+01,1.52000E-06,2.06860E+00,1.94907E+00,1.75080E-09,3.43320E-14,3.65000E-05,9.42215E-01,7.77878E-01
MTC_vo_02500_1_fd_000279,7.02043E+00,2.50000E-06,2.20587E+00,2.19192E+00,3.41942E-11,9.09480E-17,5.09296E-06,9.93677E-01,9.06331E-01
MTC_vo_02500_2_g2_005938,1.49244E+02,2.50000E-06,2.04439E+00,1.78509E+00,1.51870E-08,8.77100E-13,1.07500E-04,8.73164E-01,8.41885E-01
MTC_vo_02500_3_g1_020201,5.07712E+02,2.50000E-06,2.02065E+00,1.60251E+00,3.01770E-07,3.45310E-11,7.23800E-04,7.93065E-01,8.76016E-01
MTC_vo_02500_3_g1_018632,4.68285E+02,2.50000E-06,2.02179E+00,1.59117E+00,2.27790E-07,2.70950E-11,5.93300E-04,7.87007E-01,8.78949E-01
MTC_vo_02500_2_g2_009333,2.34557E+02,2.50000E-06,2.03554E+00,1.69301E+00,4.05460E-08,3.40490E-12,1.87300E-04,8.31726E-01,8.54795E-01
MTC_vo_02500_2_g2_002801,7.03876E+01,2.50000E-06,2.09181E+00,1.95651E+00,3.37860E-09,9.20120E-14,5.07000E-05,9.35317E-01,8.26037E-01
MTC_vo_02500_3_g1_016611,4.17492E+02,2.50000E-06,2.02353E+00,1.61281E+00,1.74250E-07,1.92000E-11,4.69800E-04,7.97027E-01,8.79833E-01
MTC_vo_02500_1_fd_000750,1.88571E+01,2.50000E-06,2.31044E+00,2.27167E+00,2.47248E-10,1.76301E-15,1.36873E-05,9.83218E-01,8.70962E-01
MTC_vo_02500_3_g1_014360,3.60912E+02,2.50000E-06,2.02593E+00,1.62152E+00,1.15400E-07,1.24040E-11,3.54200E-04,8.00385E-01,8.82769E-01
MTC_vo_02500_1_fd_000148,3.71698E+00,2.50000E-06,8.08819E-01,8.01894E-01,9.58398E-12,1.34956E-17,2.70563E-06,9.91439E-01,8.31633E-01
MTC_vo_02500_1_fd_000389,9.77335E+00,2.50000E-06,2.63205E+00,2.61224E+00,6.62717E-11,2.45401E-16,7.08240E-06,9.92476E-01,9.07706E-01
MTC_vo_02500_2_g2_002016,5.06740E+01,2.50000E-06,2.15738E+00,2.05738E+00,1.75110E-09,3.43330E-14,3.65000E-05,9.53646E-01,8.31267E-01
MTC_vo_02500_3_g1_037232,9.35734E+02,2.50000E-06,2.01374E+00,1.41806E+00,1.02500E-06,2.16180E-10,1.33400E-03,7.04191E-01,9.15885E-01
MTC_vo_02500_2_g2_003883,9.75981E+01,2.50000E-06,2.07031E+00,1.88923E+00,6.49470E-09,2.45290E-13,7.03000E-05,9.12534E-01,8.28972E-01
MTC_vo_02500_3_g1_051633,1.29769E+03,2.50000E-06,2.01105E+00,1.32212E+00,1.97130E-06,5.76590E-10,1.85000E-03,6.57428E-01,9.36569E-01
MTC_vo_02500_1_fd_000077,1.92745E+00,2.50000E-06,1.72382E-01,1.69135E-01,2.57677E-12,1.88141E-18,1.39261E-06,9.81165E-01,6.28366E-01
MTC_vo_02500_1_fd_000104,2.61572E+00,2.50000E-06,3.71819E-01,3.67176E-01,4.74609E-12,4.70268E-18,1.90986E-06,9.87512E-01,7.37289E-01
MTC_vo_02500_1_fd_001440,3.61976E+01,2.50000E-06,2.02700E+00,1.95299E+00,9.12167E-10,1.24726E-14,2.63004E-05,9.63490E-01,8.44562E-01
MTC_vo_02500_1_fd_001041,2.61514E+01,2.50000E-06,2.18802E+00,2.13441E+00,4.75989E-10,4.70281E-15,1.90190E-05,9.75499E-01,8.58738E-01
MTC_vo_02500_3_g1_012061,3.03119E+02,2.50000E-06,2.02912E+00,1.66094E+00,7.86110E-08,7.34850E-12,2.81100E-04,8.18551E-01,8.77534E-01
MTC_vo_02500_3_g1_027910,7.01449E+02,2.50000E-06,2.01665E+00,1.50593E+00,5.75980E-07,9.10640E-11,1.00000E-03,7.46748E-01,8.96792E-01
MTC_vo_02500_1_fd_000542,1.36272E+01,2.50000E-06,2.49410E+00,2.46615E+00,1.28918E-10,6.65282E-16,9.90739E-06,9.88796E-01,8.87569E-01
MTC_vo_02500_2_g2_005380,1.35222E+02,2.50000E-06,2.05186E+00,1.81264E+00,1.24670E-08,6.52380E-13,9.74000E-05,8.83413E-01,8.37816E-01
MTC_vo_02500_1_fd_000203,5.09340E+00,2.50000E-06,1.43833E+00,1.42848E+00,1.79976E-11,3.47283E-17,3.70035E-06,9.93150E-01,8.81071E-01
MTC_vo_02500_1_fd_000055,1.37679E+00,2.50000E-06,7.19493E-02,6.97711E-02,1.31472E-12,6.85636E-19,9.94718E-07,9.69727E-01,4.27278E-01
MTC_vo_02500_3_g1_071617,1.79993E+03,2.50000E-06,2.00888E+00,1.23666E+00,3.79560E-06,1.53860E-09,2.56600E-03,6.15596E-01,9.54321E-01
MSC_vo_00659_m02_g2_0145,1.38633E+02,6.58500E-07,2.05363E+00,2.05349E+00,9.09820E-10,1.28470E-14,2.62980E-05,9.99935E-01,7.59400E-01
MSC_vo_00659_m03_g1_5162,4.92530E+03,6.58500E-07,2.00457E+00,2.00398E+00,1.97830E-06,5.76110E-10,1.85000E-03,9.99704E-01,7.24700E-01
MSC_vo_00659_m01_fd_0008,7.31273E+00,6.58500E-07,2.78131E+00,2.78131E+00,2.57346E-12,1.87768E-18,1.40437E-06,1.00000E+00,8.62128E-01
MSC_vo_00659_m03_g1_0932,8.89548E+02,6.58500E-07,2.01431E+00,2.01423E+00,4.03280E-08,3.39400E-12,1.87300E-04,9.99960E-01,7.49000E-01
MSC_vo_00659_m03_g1_3722,3.55153E+03,6.58500E-07,2.00569E+00,2.00510E+00,1.02860E-06,2.16000E-10,1.33400E-03,9.99705E-01,7.24000E-01
MSC_vo_00659_m02_g2_0202,1.92429E+02,6.58500E-07,2.03682E+00,2.03678E+00,1.75290E-09,3.43570E-14,3.65030E-05,9.99977E-01,7.60200E-01
MSC_vo_00659_m02_g2_0039,3.74029E+01,6.58500E-07,2.18038E+00,2.18044E+00,6.62260E-11,2.52300E-16,7.09520E-06,1.00003E+00,7.87400E-01
MSC_vo_00659_m03_g1_0538,5.13453E+02,6.58500E-07,2.02065E+00,2.02048E+00,1.25110E-08,6.52690E-13,9.74000E-05,9.99915E-01,7.64200E-01
MSC_vo_00659_m02_g2_0055,5.22096E+01,6.58500E-07,2.10768E+00,2.10761E+00,1.29040E-10,6.86200E-16,9.90390E-06,9.99966E-01,7.73700E-01
MSC_vo_00659_m03_g1_1435,1.36921E+03,6.58500E-07,2.01074E+00,2.01055E+00,1.15300E-07,1.23770E-11,3.54200E-04,9.99908E-01,7.42100E-01
MSC_vo_00659_m03_g1_7160,6.83152E+03,6.58500E-07,2.00368E+00,2.00298E+00,3.80590E-06,1.53730E-09,2.56600E-03,9.99653E-01,7.24300E-01
MSC_vo_00659_m02_g2_0280,2.67290E+02,6.58500E-07,2.03181E+00,2.03185E+00,3.38210E-09,9.20770E-14,5.07040E-05,1.00002E+00,7.61500E-01
MSC_vo_00659_m02_g2_0076,7.22089E+01,6.58500E-07,2.08315E+00,2.08306E+00,2.46830E-10,1.81540E-15,1.36980E-05,9.99953E-01,7.66800E-01
MSC_vo_00659_m03_g1_1862,1.77706E+03,6.58500E-07,2.00902E+00,2.00864E+00,2.27690E-07,2.70590E-11,5.93300E-04,9.99807E-01,7.26800E-01
MSC_vo_00659_m01_fd_0015,1.41112E+01,6.58500E-07,2.35190E+00,2.35190E+00,9.59146E-12,1.34946E-17,2.70393E-06,1.00000E+00,8.02620E-01
MSC_vo_00659_m03_g1_2790,2.66232E+03,6.58500E-07,2.00689E+00,2.00640E+00,5.78020E-07,9.09880E-11,1.00000E-03,9.99756E-01,7.24900E-01
MSC_vo_00659_m02_g2_0105,1.00165E+02,6.58500E-07,2.06439E+00,2.06427E+00,4.74950E-10,4.84560E-15,1.90010E-05,9.99943E-01,7.59100E-01
MSC_vo_00659_m01_fd_0005,5.22567E+00,6.58500E-07,2.28843E+00,2.28843E+00,1.31406E-12,6.85116E-19,9.95634E-07,1.00000E+00,8.59872E-01
MSC_vo_00659_m02_g2_0388,3.70602E+02,6.58500E-07,2.02556E+00,2.02550E+00,6.51170E-09,2.45430E-13,7.03020E-05,9.99968E-01,7.64500E-01
MSC_vo_00659_m03_g1_0594,5.66695E+02,6.58500E-07,2.01933E+00,2.01916E+00,1.52410E-08,8.77510E-13,1.07500E-04,9.99914E-01,7.64300E-01
MSC_vo_00659_m03_g1_1205,1.15010E+03,6.58500E-07,2.01206E+00,2.01188E+00,7.84920E-08,7.33510E-12,2.81100E-04,9.99909E-01,7.45100E-01
MSC_vo_00659_m03_g1_2020,1.92699E+03,6.58500E-07,2.00855E+00,2.00806E+00,3.02810E-07,3.45020E-11,7.23800E-04,9.99757E-01,7.24800E-01
MSC_vo_00659_m03_g1_1660,1.58429E+03,6.58500E-07,2.00974E+00,2.00946E+00,1.74340E-07,1.91740E-11,4.69800E-04,9.99857E-01,7.34400E-01
MSC_vo_00659_m01_fd_0020,1.93373E+01,6.58500E-07,2.23259E+00,2.23259E+00,1.80335E-11,3.47290E-17,3.69956E-06,1.00000E+00,7.85606E-01
MSC_vo_00659_m01_fd_0010,9.92814E+00,6.58500E-07,2.58251E+00,2.58251E+00,4.74374E-12,4.69921E-18,1.89694E-06,1.00000E+00,8.30909E-01
MSC_vo_00659_m01_fd_0028,2.66533E+01,6.58500E-07,2.04306E+00,2.04306E+00,3.42998E-11,9.09499E-17,5.10393E-06,9.99999E-01,7.64436E-01
MTC_vo_10400_003883_g2,2.34614E+01,1.04000E-05,2.00679E+00,1.02061E+00,6.51040E-09,2.45300E-13,7.03000E-05,5.08580E-01,9.68637E-01
MTC_vo_10400_018633_g2,1.12569E+02,1.04000E-05,1.99952E+00,1.00040E+00,2.28120E-07,2.70950E-11,5.93300E-04,5.00318E-01,9.80259E-01
MTC_vo_10400_000055_fd,3.30967E-01,1.04000E-05,5.31286E-02,2.50774E-04,1.30886E-12,6.85684E-19,9.93127E-07,4.72013E-03,5.17451E-02
MTC_vo_10400_000203_fd,1.22439E+00,1.04000E-05,2.16740E-01,2.29091E-02,1.80138E-11,3.47293E-17,3.64146E-06,1.05699E-01,3.60455E-01
MTC_vo_10400_000104_fd,6.28786E-01,1.04000E-05,1.04265E-01,2.69888E-03,4.75040E-12,4.70285E-18,1.82073E-06,2.58849E-02,1.01558E-01
MTC_vo_10400_020201_g2,1.22046E+02,1.04000E-05,1.99900E+00,1.00222E+00,3.02250E-07,3.45310E-11,7.23800E-04,5.01362E-01,9.80332E-01
MTC_vo_10400_000542_fd,3.27572E+00,1.04000E-05,6.64222E-01,2.12886E-01,1.28964E-10,6.65255E-16,9.93127E-06,3.20505E-01,8.17932E-01
MTC_vo_10400_000279_fd,1.68762E+00,1.04000E-05,3.12107E-01,5.22308E-02,3.42251E-11,9.09501E-17,5.13116E-06,1.67349E-01,5.66144E-01
MTC_vo_10400_000750_fd,4.53293E+00,1.04000E-05,9.30456E-01,3.63121E-01,2.46975E-10,1.76299E-15,1.37383E-05,3.90261E-01,8.90463E-01
MTC_vo_10400_071617_g1,4.32675E+02,1.04000E-05,1.99964E+00,1.00690E+00,3.79500E-06,1.53860E-09,2.56600E-03,5.03542E-01,9.91239E-01
MTC_vo_10400_001041_fd,6.28632E+00,1.04000E-05,1.25320E+00,5.70130E-01,4.75047E-10,4.70265E-15,1.90349E-05,4.54938E-01,9.29705E-01
MTC_vo_10400_051633_g1,3.11944E+02,1.04000E-05,1.99955E+00,1.00534E+00,1.97260E-06,5.76590E-10,1.85000E-03,5.02781E-01,9.90668E-01
MTC_vo_10400_009333_g2,5.63840E+01,1.04000E-05,2.00581E+00,1.00337E+00,4.04650E-08,3.40490E-12,1.87300E-04,5.00231E-01,9.78039E-01
MTC_vo_10400_012061_g2,7.28653E+01,1.04000E-05,1.99881E+00,1.00026E+00,7.86580E-08,7.34850E-12,2.81100E-04,5.00428E-01,9.79182E-01
MTC_vo_10400_001999_fd,1.20756E+01,1.04000E-05,1.79191E+00,9.17643E-01,1.75323E-09,3.33398E-14,3.65802E-05,5.12102E-01,9.67103E-01
MTC_vo_10400_014360_g2,8.67577E+01,1.04000E-05,2.00261E+00,1.00217E+00,1.15640E-07,1.24040E-11,3.54200E-04,5.00431E-01,9.79874E-01
MTC_vo_10400_002776_fd,1.67730E+01,1.04000E-05,1.94117E+00,1.00715E+00,3.38718E-09,8.93548E-14,5.06991E-04,5.18835E-01,9.75398E-01
MTC_vo_10400_027910_g1,1.68618E+02,1.04000E-05,1.99932E+00,1.00260E+00,5.76370E-07,9.10640E-11,1.00000E-03,5.01468E-01,9.88882E-01
MTC_vo_10400_000389_fd,2.34933E+00,1.04000E-05,4.57398E-01,1.11669E-01,6.63321E-11,2.45390E-16,7.11741E-06,2.44139E-01,7.15991E-01
MTC_vo_10400_000148_fd,8.93496E-01,1.04000E-05,1.52291E-01,8.90021E-03,9.59237E-12,1.34951E-17,2.64834E-06,5.84423E-02,2.01593E-01
MTC_vo_10400_005380_g2,3.25050E+01,1.04000E-05,2.00336E+00,1.00655E+00,1.24970E-08,6.52360E-13,9.73990E-05,5.02429E-01,9.74845E-01
MTC_vo_10400_037232_g1,2.24936E+02,1.04000E-05,1.99944E+00,1.00375E+00,1.02570E-06,2.16180E-10,1.33400E-03,5.02017E-01,9.89862E-01
MTC_vo_10400_005938_g2,3.58758E+01,1.04000E-05,1.99847E+00,1.00031E+00,1.52230E-08,8.77080E-13,1.07500E-04,5.00537E-01,9.76162E-01
MTC_vo_10400_016612_g2,1.00359E+02,1.04000E-05,1.99813E+00,9.99355E-01,1.74680E-07,1.92000E-11,4.69800E-04,5.00144E-01,9.80255E-01
MTC_vo_10400_000077_fd,4.63327E-01,1.04000E-05,7.52074E-02,8.71566E-04,2.57399E-12,1.88138E-18,1.43838E-04,1.15888E-02,6.92117E-02
MTC_vo_10400_001440_fd,8.70131E+00,1.04000E-05,1.53046E+00,7.46225E-01,9.10255E-10,1.24724E-14,2.63179E-05,4.87582E-01,9.52999E-01
MTC_vo_04000_018632_g1,2.92678E+02,4.00000E-06,2.02473E+00,1.07686E+00,2.27790E-07,2.70950E-11,5.93300E-04,5.31856E-01,9.69081E-01
MTC_vo_04000_020201_g1,3.17320E+02,4.00000E-06,2.02343E+00,1.07905E+00,3.01770E-07,3.45310E-11,7.23800E-04,5.33276E-01,9.68742E-01
MTC_vo_04000_037232_g1,5.84834E+02,4.00000E-06,2.01559E+00,1.05081E+00,1.02500E-06,2.16180E-10,1.33400E-03,5.21343E-01,9.73697E-01
MTC_vo_04000_005938_g2,9.32777E+01,4.00000E-06,2.05246E+00,1.15929E+00,1.52100E-08,8.77100E-13,1.07500E-04,5.64833E-01,9.43970E-01
MTC_vo_04000_016611_g1,2.60932E+02,4.00000E-06,2.02669E+00,1.08227E+00,1.74250E-07,1.92000E-11,4.69800E-04,5.34010E-01,9.67806E-01
MTC_vo_04000_005380_g2,8.45139E+01,4.00000E-06,2.05862E+00,1.17782E+00,1.24860E-08,6.52380E-13,9.74000E-05,5.72140E-01,9.40173E-01
MTC_vo_04000_000148_fd,2.32311E+00,4.00000E-06,7.69218E-01,6.99143E-01,9.58372E-12,1.34955E-17,2.67380E-06,9.08901E-01,7.00649E-01
MTC_vo_04000_000389_fd,6.10825E+00,4.00000E-06,2.75671E+00,2.55323E+00,6.62751E-11,2.45389E-16,7.13014E-06,9.26186E-01,8.48804E-01
MTC_vo_04000_014360_g2,2.25570E+02,4.00000E-06,2.03022E+00,1.08952E+00,1.15680E-07,1.24040E-11,3.54200E-04,5.36651E-01,9.54848E-01
MTC_vo_04000_027910_g1,4.38406E+02,4.00000E-06,2.01889E+00,1.06056E+00,5.76020E-07,9.10640E-11,1.00000E-03,5.25319E-01,9.72137E-01
MTC_vo_04000_001440_fd,2.26234E+01,4.00000E-06,2.06968E+00,1.49433E+00,9.11708E-10,1.24724E-14,2.62924E-05,7.22010E-01,8.41146E-01
MTC_vo_04000_000077_fd,1.20465E+00,4.00000E-06,1.55078E-01,1.24444E-01,2.57677E-12,1.88136E-18,1.40056E-06,8.02458E-01,3.44854E-01
MTC_vo_04000_000203_fd,3.18339E+00,4.00000E-06,1.43297E+00,1.33164E+00,1.79979E-11,3.47289E-17,3.69239E-06,9.29288E-01,7.87870E-01
MTC_vo_04000_000104_fd,1.63483E+00,4.00000E-06,3.29964E-01,2.84951E-01,4.74602E-12,4.70274E-18,1.90986E-06,8.63584E-01,5.49868E-01
MTC_vo_04000_002016_g2,3.16710E+01,4.00000E-06,2.15055E+00,1.47599E+00,1.75110E-09,3.43320E-14,3.65000E-05,6.86330E-01,8.86529E-01
MTC_vo_04000_003883_g2,6.09988E+01,4.00000E-06,2.07345E+00,1.24535E+00,6.50210E-09,2.45290E-13,7.03000E-05,6.00615E-01,9.25325E-01
MTC_vo_04000_000055_fd,8.60494E-01,4.00000E-06,6.26036E-02,4.22585E-02,1.31472E-12,6.85636E-19,1.01859E-06,6.75017E-01,1.82412E-01
MTC_vo_04000_051633_g1,8.11053E+02,4.00000E-06,2.01253E+00,1.04463E+00,1.97130E-06,5.76590E-10,1.85000E-03,5.19062E-01,9.74608E-01
MTC_vo_04000_012061_g2,1.89450E+02,4.00000E-06,2.03418E+00,1.10194E+00,7.86980E-08,7.34850E-12,2.81100E-04,5.41713E-01,9.52311E-01
MTC_vo_04000_009333_g2,1.46598E+02,4.00000E-06,2.03979E+00,1.11251E+00,4.04340E-08,3.40490E-12,1.87300E-04,5.45406E-01,9.49672E-01
MTC_vo_04000_000279_fd,4.38783E+00,4.00000E-06,2.25314E+00,2.10766E+00,3.41926E-11,9.09517E-17,5.09296E-06,9.35435E-01,8.40798E-01
MTC_vo_04000_000542_fd,8.51695E+00,4.00000E-06,2.59259E+00,2.31421E+00,1.28848E-10,6.65276E-16,9.93127E-06,8.92625E-01,8.22857E-01
MTC_vo_04000_002801_g2,4.39921E+01,4.00000E-06,2.09778E+00,1.34036E+00,3.38440E-09,9.20110E-14,5.07000E-05,6.38941E-01,9.05848E-01
MTC_vo_04000_001041_fd,1.63443E+01,4.00000E-06,2.25295E+00,1.78306E+00,4.75160E-10,4.70253E-15,1.89713E-05,7.91434E-01,8.24631E-01
MTC_vo_04000_000750_fd,1.17856E+01,4.00000E-06,2.37565E+00,2.00736E+00,2.46750E-10,1.76298E-15,1.36873E-05,8.44972E-01,8.12254E-01
MTC_vo_04000_071617_g1,1.12496E+03,4.00000E-06,2.01008E+00,1.04128E+00,3.79250E-06,1.53860E-09,2.56600E-03,5.18030E-01,9.75088E-01
MSC_vo_12555_m02_g2_2019,1.01061E+02,1.25550E-05,2.01846E+00,1.04493E+00,3.03520E-07,3.44940E-11,7.23740E-04,5.17688E-01,9.32500E-01
MSC_vo_12555_m01_fd_0054,2.71386E+00,1.25550E-05,1.80609E+00,7.01740E-01,1.29002E-10,6.65550E-16,9.99095E-06,3.88542E-01,7.83470E-01
MSC_vo_12555_m03_g1_5162,2.58328E+02,1.25550E-05,2.00982E+00,1.05400E+00,1.97830E-06,5.76110E-10,1.85000E-03,5.24425E-01,9.44700E-01
MSC_vo_12555_m02_g2_1660,8.30907E+01,1.25550E-05,2.02132E+00,1.04717E+00,1.74560E-07,1.91710E-11,4.69770E-04,5.18064E-01,9.30400E-01
MSC_vo_12555_m01_fd_0008,3.83802E-01,1.25550E-05,2.78165E-01,5.00715E-03,2.57023E-12,1.88142E-18,1.39873E-06,1.80007E-02,3.72363E-02
MSC_vo_12555_m01_fd_0039,1.94643E+00,1.25550E-05,1.50165E+00,4.90025E-01,6.63547E-11,2.45523E-16,7.19349E-06,3.26324E-01,6.78838E-01
MSC_vo_12555_m03_g1_3722,1.86275E+02,1.25550E-05,2.01221E+00,1.05151E+00,1.02860E-06,2.16000E-10,1.33400E-03,5.22567E-01,9.43800E-01
MSC_vo_12555_m01_fd_0144,7.20846E+00,1.25550E-05,2.12084E+00,9.98472E-01,9.10317E-10,1.24759E-14,2.63761E-05,4.70791E-01,9.08138E-01
MSC_vo_12555_m01_fd_0385,1.92646E+01,1.25550E-05,2.05391E+00,1.03489E+00,6.51611E-09,2.38207E-13,7.03363E-05,5.03866E-01,9.30390E-01
MSC_vo_12555_m03_g1_7160,3.58308E+02,1.25550E-05,2.00789E+00,1.05600E+00,3.80590E-06,1.53730E-09,2.56600E-03,5.25923E-01,9.45300E-01
MSC_vo_12555_m01_fd_0104,5.20305E+00,1.25550E-05,2.09439E+00,9.50110E-01,4.74237E-10,4.69113E-15,1.89828E-05,4.53645E-01,8.86949E-01
MSC_vo_12555_m01_fd_0533,2.66901E+01,1.25550E-05,2.04238E+00,1.04217E+00,1.25216E-08,6.33531E-13,9.73119E-05,5.10274E-01,9.32761E-01
MSC_vo_12555_m01_fd_0015,7.40239E-01,1.25550E-05,5.89320E-01,5.57145E-02,9.59521E-12,1.35010E-17,2.79747E-06,9.45404E-02,1.38622E-01
MSC_vo_12555_m02_g2_0594,2.97235E+01,1.25550E-05,2.03961E+00,1.04568E+00,1.52160E-08,8.77580E-13,1.07500E-04,5.12687E-01,9.19200E-01
MSC_vo_12555_m03_g1_2790,1.39636E+02,1.25550E-05,2.01480E+00,1.04883E+00,5.78010E-07,9.09870E-11,9.99990E-04,5.20562E-01,9.42900E-01
MSC_vo_12555_m02_g2_1435,7.18295E+01,1.25550E-05,2.02325E+00,1.04766E+00,1.15530E-07,1.23850E-11,3.54280E-04,5.17808E-01,9.28100E-01
MSC_vo_12555_m01_fd_0200,1.00021E+01,1.25550E-05,2.07311E+00,1.00008E+00,1.75275E-09,3.33321E-14,3.65669E-05,4.82405E-01,9.19026E-01
MSC_vo_12555_m02_g2_1206,6.03315E+01,1.25550E-05,2.02559E+00,1.04570E+00,7.85860E-08,7.33870E-12,2.81150E-04,5.16245E-01,9.27600E-01
MSC_vo_12555_m02_g2_1862,9.31997E+01,1.25550E-05,2.01958E+00,1.04437E+00,2.28110E-07,2.70540E-11,5.93260E-04,5.17125E-01,9.31700E-01
MSC_vo_12555_m01_fd_0005,2.74161E-01,1.25550E-05,1.92850E-01,1.31785E-03,1.30626E-12,6.85706E-19,9.99095E-07,6.83357E-03,1.97853E-02
MSC_vo_12555_m02_g2_0935,4.67881E+01,1.25550E-05,2.03097E+00,1.04943E+00,4.05420E-08,3.42290E-12,1.87830E-04,5.16715E-01,9.23700E-01
MSC_vo_12555_m01_fd_0020,1.01420E+00,1.25550E-05,8.37972E-01,1.41741E-01,1.80129E-11,3.47263E-17,3.79656E-06,1.69148E-01,2.70158E-01
MSC_vo_12555_m01_fd_0278,1.38939E+01,1.25550E-05,2.06431E+00,1.02247E+00,3.38422E-09,8.93531E-14,5.07540E-05,4.95306E-01,9.26207E-01
MSC_vo_12555_m01_fd_0075,3.75662E+00,1.25550E-05,2.00132E+00,8.57557E-01,2.47198E-10,1.76544E-15,1.37875E-05,4.28497E-01,8.50045E-01
MSC_vo_12555_m01_fd_0010,5.20859E-01,1.25550E-05,3.92925E-01,1.60299E-02,4.74372E-12,4.70289E-18,1.99819E-06,4.07963E-02,6.77220E-02
MSC_vo_12555_m01_fd_0028,1.39819E+00,1.25550E-05,1.14983E+00,2.85685E-01,3.42369E-11,9.09970E-17,5.19529E-06,2.48460E-01,4.92863E-01
MTC_vo_00860_014360_g1,1.04916E+03,8.60000E-07,2.01319E+00,2.01247E+00,1.15390E-07,1.24040E-11,3.54200E-04,9.99646E-01,7.44735E-01
MTC_vo_00860_000055_fd,4.00230E+00,8.60000E-07,1.56537E+00,1.56537E+00,1.31472E-12,6.85636E-19,9.99175E-07,9.99999E-01,8.35773E-01
MTC_vo_00860_003883_g2,2.83715E+02,8.60000E-07,2.03332E+00,2.03309E+00,6.50040E-09,2.45290E-13,7.03000E-05,9.99888E-01,7.47541E-01
MTC_vo_00860_005938_g1,4.33848E+02,8.60000E-07,2.02376E+00,2.02336E+00,1.52320E-08,8.77090E-13,1.07500E-04,9.99803E-01,7.66720E-01
MTC_vo_00860_002016_g2,1.47307E+02,8.60000E-07,2.04546E+00,2.04527E+00,1.75080E-09,3.43320E-14,3.65000E-05,9.99910E-01,7.38204E-01
MTC_vo_00860_005380_g1,3.93088E+02,8.60000E-07,2.02537E+00,2.02497E+00,1.25050E-08,6.52380E-13,9.74000E-05,9.99804E-01,7.66457E-01
MTC_vo_00860_000104_fd,7.60395E+00,8.60000E-07,2.78499E+00,2.78499E+00,4.74610E-12,4.70291E-18,1.90254E-06,9.99998E-01,8.62867E-01
MTC_vo_00860_000203_fd,1.48067E+01,8.60000E-07,2.34057E+00,2.34056E+00,1.80170E-11,3.47304E-17,3.69558E-06,9.99996E-01,8.04360E-01
MTC_vo_00860_071617_g1,5.23235E+03,8.60000E-07,2.00452E+00,2.00198E+00,3.79560E-06,1.53860E-09,2.56600E-03,9.98736E-01,7.28541E-01
MTC_vo_00860_002801_g2,2.04615E+02,8.60000E-07,2.04081E+00,2.04062E+00,3.38100E-09,9.20120E-14,5.07000E-05,9.99908E-01,7.47098E-01
MTC_vo_00860_000279_fd,2.04082E+01,8.60000E-07,2.20007E+00,2.20005E+00,3.42751E-11,9.09478E-17,5.10537E-06,9.99994E-01,7.84997E-01
MTC_vo_00860_000757_g2,5.52912E+01,8.60000E-07,2.09408E+00,2.09395E+00,2.46700E-10,1.81550E-15,1.37000E-05,9.99936E-01,7.64614E-01
MTC_vo_00860_051633_g1,3.77234E+03,8.60000E-07,2.00562E+00,2.00367E+00,1.97290E-06,5.76590E-10,1.85000E-03,9.99026E-01,7.28315E-01
MTC_vo_00860_027910_g1,2.03910E+03,8.60000E-07,2.00847E+00,2.00720E+00,5.76460E-07,9.10640E-11,1.00000E-03,9.99368E-01,7.28275E-01
MTC_vo_00860_000389_fd,2.84106E+01,8.60000E-07,2.02674E+00,2.02672E+00,6.64791E-11,2.45394E-16,7.10372E-06,9.99990E-01,7.66232E-01
MTC_vo_00860_000148_fd,1.08050E+01,8.60000E-07,2.50627E+00,2.50627E+00,9.58365E-12,1.34949E-17,2.69640E-06,9.99997E-01,8.25292E-01
MTC_vo_00860_001050_g2,7.66807E+01,8.60000E-07,2.07914E+00,2.07907E+00,4.74420E-10,4.84270E-15,1.90000E-05,9.99967E-01,7.48170E-01
MTC_vo_00860_000547_g2,3.99548E+01,8.60000E-07,2.17834E+00,2.17825E+00,1.28830E-10,6.85070E-16,9.90000E-06,9.99961E-01,7.85432E-01
MTC_vo_00860_016611_g1,1.21364E+03,8.60000E-07,2.01197E+00,2.01118E+00,1.74220E-07,1.92000E-11,4.69800E-04,9.99610E-01,7.36533E-01
MTC_vo_00860_037232_g1,2.72016E+03,8.60000E-07,2.00699E+00,2.00545E+00,1.02580E-06,2.16180E-10,1.33400E-03,9.99232E-01,7.28225E-01
MTC_vo_00860_020201_g1,1.47591E+03,8.60000E-07,2.01050E+00,2.00947E+00,3.02000E-07,3.45310E-11,7.23800E-04,9.99485E-01,7.28059E-01
MTC_vo_00860_018632_g1,1.36129E+03,8.60000E-07,2.01108E+00,2.01013E+00,2.27770E-07,2.70950E-11,5.93300E-04,9.99525E-01,7.29581E-01
MTC_vo_00860_000077_fd,5.60294E+00,8.60000E-07,2.41562E+00,2.41562E+00,2.57672E-12,1.88130E-18,1.39611E-06,9.99999E-01,8.65063E-01
MTC_vo_00860_009333_g1,6.81853E+02,8.60000E-07,2.01757E+00,2.01709E+00,4.04360E-08,3.40490E-12,1.87300E-04,9.99759E-01,7.52017E-01
MTC_vo_00860_001453_g2,1.06143E+02,8.60000E-07,2.06874E+00,2.06860E+00,9.09000E-10,1.28440E-14,2.63000E-05,9.99933E-01,7.42651E-01
MTC_vo_00860_012061_g1,8.81161E+02,8.60000E-07,2.01481E+00,2.01419E+00,7.86110E-08,7.34850E-12,2.81100E-04,9.99692E-01,7.47825E-01
MTC_vo_06500_012061_g2,1.16584E+02,6.50000E-06,2.04277E+00,1.04668E+00,7.85230E-08,7.34850E-12,2.81100E-04,5.12383E-01,9.69054E-01
MTC_vo_06500_009333_g2,9.02144E+01,6.50000E-06,2.05059E+00,1.05085E+00,4.04650E-08,3.40490E-12,1.87300E-04,5.12465E-01,9.67288E-01
MTC_vo_06500_051633_g1,4.99110E+02,6.50000E-06,2.01595E+00,1.03307E+00,1.97260E-06,5.76590E-10,1.85000E-03,5.12447E-01,9.77831E-01
MTC_vo_06500_001041_fd,1.00582E+01,6.50000E-06,2.37256E+00,1.53411E+00,4.75070E-10,4.70273E-15,1.90349E-05,6.46605E-01,9.12212E-01
MTC_vo_06500_000750_fd,7.25265E+00,6.50000E-06,2.45359E+00,1.73236E+00,2.46975E-10,1.76296E-15,1.36555E-05,7.06049E-01,9.01820E-01
MTC_vo_06500_071617_g1,6.92280E+02,6.50000E-06,2.01282E+00,1.03250E+00,3.79490E-06,1.53860E-09,2.56600E-03,5.12960E-01,9.78183E-01
MTC_vo_06500_000279_fd,2.70016E+00,6.50000E-06,1.00582E+00,6.79777E-01,3.42246E-11,9.09480E-17,5.06908E-06,6.75843E-01,7.58920E-01
MTC_vo_06500_000542_fd,5.24119E+00,6.50000E-06,2.18716E+00,1.60116E+00,1.28984E-10,6.65272E-16,9.93127E-06,7.32075E-01,8.82962E-01
MTC_vo_06500_002801_g2,2.70723E+01,6.50000E-06,2.07664E+00,1.07117E+00,3.38620E-09,9.20130E-14,5.07000E-05,5.15821E-01,9.53085E-01
MTC_vo_06500_016611_g2,1.60574E+02,6.50000E-06,2.03446E+00,1.04082E+00,1.74670E-07,1.92000E-11,4.69800E-04,5.11596E-01,9.70695E-01
MTC_vo_06500_000203_fd,1.95901E+00,6.50000E-06,5.78272E-01,3.43243E-01,1.80139E-11,3.47288E-17,3.72423E-06,5.93567E-01,6.48846E-01
MTC_vo_06500_000104_fd,1.00604E+00,6.50000E-06,1.72521E-01,5.64293E-02,4.75012E-12,4.70268E-18,1.86211E-06,3.27086E-01,2.49017E-01
MTC_vo_06500_018633_g2,1.80110E+02,6.50000E-06,2.03153E+00,1.03739E+00,2.28120E-07,2.70950E-11,5.93300E-04,5.10642E-01,9.71302E-01
MTC_vo_06500_000055_fd,5.29521E-01,6.50000E-06,6.34365E-02,5.75110E-03,1.31426E-12,6.85581E-19,1.03451E-06,9.06593E-02,7.59381E-02
MTC_vo_06500_003883_g2,3.75377E+01,6.50000E-06,2.09901E+00,1.09089E+00,6.51030E-09,2.45290E-13,7.03000E-05,5.19717E-01,9.61257E-01
MTC_vo_06500_001440_fd,1.39223E+01,6.50000E-06,2.26095E+00,1.33380E+00,9.10561E-10,1.24729E-14,2.62765E-05,5.89930E-01,9.28932E-01
MTC_vo_06500_000077_fd,7.41322E-01,6.50000E-06,1.01588E-01,1.98966E-02,2.57900E-12,1.88137E-18,1.44831E-06,1.95856E-01,1.37543E-01
MTC_vo_06500_037232_g1,3.59898E+02,6.50000E-06,2.01983E+00,1.03390E+00,1.02570E-06,2.16180E-10,1.33400E-03,5.11874E-01,9.77329E-01
MTC_vo_06500_005938_g2,5.74014E+01,6.50000E-06,2.06529E+00,1.06306E+00,1.52230E-08,8.77090E-13,1.07500E-04,5.14726E-01,9.65108E-01
MTC_vo_06500_005380_g2,5.20083E+01,6.50000E-06,2.07152E+00,1.06738E+00,1.24970E-08,6.52370E-13,9.74000E-05,5.15261E-01,9.64423E-01
MTC_vo_06500_020201_g1,1.95274E+02,6.50000E-06,2.02981E+00,1.03711E+00,3.01950E-07,3.45310E-11,7.23800E-04,5.10937E-01,9.75730E-01
MTC_vo_06500_000148_fd,1.42959E+00,6.50000E-06,3.23950E-01,1.54700E-01,9.59240E-12,1.34951E-17,2.68972E-06,4.77542E-01,4.65462E-01
MTC_vo_06500_000389_fd,3.75891E+00,6.50000E-06,1.60204E+00,1.14809E+00,6.63326E-11,2.45387E-16,7.13810E-06,7.16644E-01,8.41415E-01
MTC_vo_06500_014360_g2,1.38812E+02,6.50000E-06,2.03732E+00,1.04209E+00,1.15640E-07,1.24040E-11,3.54200E-04,5.11499E-01,9.69615E-01
MTC_vo_06500_027910_g1,2.69788E+02,6.50000E-06,2.02403E+00,1.03499E+00,5.76360E-07,9.10640E-11,1.00000E-03,5.11349E-01,9.76717E-01
MTC_vo_06500_001999_fd,1.93210E+01,6.50000E-06,2.15541E+00,1.17141E+00,1.75653E-09,3.33403E-14,3.65181E-05,5.43476E-01,9.45389E-01
MTC_vo_00749_2_g2_003883,3.25761E+02,7.49000E-07,2.02432E+00,2.02409E+00,6.50040E-09,2.45290E-13,7.03000E-05,9.99890E-01,7.46593E-01
MTC_vo_00749_3_g1_037232,3.12328E+03,7.49000E-07,2.00495E+00,2.00417E+00,1.02580E-06,2.16180E-10,1.33400E-03,9.99609E-01,7.26660E-01
MTC_vo_00749_2_g2_002016,1.69137E+02,7.49000E-07,2.03872E+00,2.03865E+00,1.75230E-09,3.43320E-14,3.65000E-05,9.99967E-01,7.43889E-01
MTC_vo_00749_2_g2_001453,1.21873E+02,7.49000E-07,2.04329E+00,2.04312E+00,9.09000E-10,1.28440E-14,2.63000E-05,9.99919E-01,7.39715E-01
MTC_vo_00749_1_fd_000389,3.26211E+01,7.49000E-07,2.04211E+00,2.04210E+00,6.64807E-11,2.45395E-16,7.10474E-06,9.99997E-01,7.63651E-01
MTC_vo_00749_1_fd_000148,1.24065E+01,7.49000E-07,2.40518E+00,2.40518E+00,9.58383E-12,1.34956E-17,2.69408E-06,9.99999E-01,8.09942E-01
MTC_vo_00749_3_g1_014360,1.20465E+03,7.49000E-07,2.00934E+00,2.00901E+00,1.15390E-07,1.24040E-11,3.54200E-04,9.99837E-01,7.43358E-01
MTC_vo_00749_2_g2_002801,2.34939E+02,7.49000E-07,2.02726E+00,2.02707E+00,3.38100E-09,9.20120E-14,5.07000E-05,9.99904E-01,7.44813E-01
MTC_vo_00749_1_fd_000279,2.34328E+01,7.49000E-07,2.09104E+00,2.09104E+00,3.42880E-11,9.09498E-17,5.10206E-06,9.99998E-01,7.71478E-01
MTC_vo_00749_3_g1_018632,1.56303E+03,7.49000E-07,2.00785E+00,2.00732E+00,2.27770E-07,2.70950E-11,5.93300E-04,9.99736E-01,7.28091E-01
MTC_vo_00749_3_g1_020201,1.69463E+03,7.49000E-07,2.00744E+00,2.00681E+00,3.02000E-07,3.45310E-11,7.23800E-04,9.99686E-01,7.26544E-01
MTC_vo_00749_3_g1_005380,4.51343E+02,7.49000E-07,2.01797E+00,2.01774E+00,1.25050E-08,6.52380E-13,9.74000E-05,9.99887E-01,7.65394E-01
MTC_vo_00749_3_g1_071617,6.00777E+03,7.49000E-07,2.00320E+00,2.00209E+00,3.79560E-06,1.53860E-09,2.56600E-03,9.99448E-01,7.26762E-01
MTC_vo_00749_1_fd_000055,4.59538E+00,7.49000E-07,1.95093E+00,1.95093E+00,1.31462E-12,6.85614E-19,1.00134E-06,1.00000E+00,8.53486E-01
MTC_vo_00749_3_g1_009333,7.82902E+02,7.49000E-07,2.01245E+00,2.01225E+00,4.04360E-08,3.40490E-12,1.87300E-04,9.99903E-01,7.50500E-01
MTC_vo_00749_3_g1_005938,4.98143E+02,7.49000E-07,2.01683E+00,2.01662E+00,1.52320E-08,8.77090E-13,1.07500E-04,9.99896E-01,7.65228E-01
MTC_vo_00749_1_fd_000203,1.70008E+01,7.49000E-07,2.29325E+00,2.29325E+00,1.80252E-11,3.47293E-17,3.69542E-06,9.99999E-01,7.95498E-01
MTC_vo_00749_2_g2_001050,8.80446E+01,7.49000E-07,2.05021E+00,2.05006E+00,4.74420E-10,4.84270E-15,1.90000E-05,9.99925E-01,7.43397E-01
MTC_vo_00749_3_g1_012061,1.01175E+03,7.49000E-07,2.01049E+00,2.01021E+00,7.86110E-08,7.34850E-12,2.81100E-04,9.99857E-01,7.46282E-01
MTC_vo_00749_3_g1_027910,2.34129E+03,7.49000E-07,2.00600E+00,2.00528E+00,5.76460E-07,9.10640E-11,1.00000E-03,9.99645E-01,7.26678E-01
MTC_vo_00749_2_g2_000547,4.58758E+01,7.49000E-07,2.07846E+00,2.07839E+00,1.28820E-10,6.85060E-16,9.90000E-06,9.99968E-01,7.70997E-01
MTC_vo_00749_2_g2_000757,6.34840E+01,7.49000E-07,2.05237E+00,2.05230E+00,2.46700E-10,1.81540E-15,1.37000E-05,9.99967E-01,7.55258E-01
MTC_vo_00749_3_g1_016612,1.39350E+03,7.49000E-07,2.00848E+00,2.00808E+00,1.74220E-07,1.92000E-11,4.69800E-04,9.99801E-01,7.34911E-01
MTC_vo_00749_1_fd_000104,8.73066E+00,7.49000E-07,2.70675E+00,2.70675E+00,4.74637E-12,4.70263E-18,1.89539E-06,9.99999E-01,8.46857E-01
MTC_vo_00749_3_g1_051633,4.33139E+03,7.49000E-07,2.00398E+00,2.00307E+00,1.97290E-06,5.76590E-10,1.85000E-03,9.99548E-01,7.26753E-01
MTC_vo_00749_1_fd_000077,6.43341E+00,7.49000E-07,2.67658E+00,2.67658E+00,2.57671E-12,1.88141E-18,1.39472E-06,1.00000E+00,8.68610E-01
MTC_vo_04580_1_fd_001440,1.97585E+01,4.58000E-06,2.13757E+00,1.31431E+00,9.11324E-10,1.24725E-14,2.63144E-05,6.14860E-01,9.03920E-01
MTC_vo_04580_1_fd_001041,1.42748E+01,4.58000E-06,2.28601E+00,1.55880E+00,4.74985E-10,4.70288E-15,1.90251E-05,6.81886E-01,8.80818E-01
MTC_vo_04580_1_fd_000104,1.42780E+00,4.58000E-06,2.71722E-01,1.82478E-01,4.74602E-12,4.70272E-18,1.89522E-06,6.71563E-01,4.61603E-01
MTC_vo_04580_2_g2_014360,1.97004E+02,4.58000E-06,2.03082E+00,1.05355E+00,1.15680E-07,1.24040E-11,3.54200E-04,5.18780E-01,9.59775E-01
MTC_vo_04580_3_g1_051633,7.08343E+02,4.58000E-06,2.01333E+00,1.03810E+00,1.97130E-06,5.76590E-10,1.85000E-03,5.15613E-01,9.75890E-01
MTC_vo_04580_1_fd_000077,1.05209E+00,4.58000E-06,1.39339E-01,7.72817E-02,2.57684E-12,1.88134E-18,1.38497E-06,5.54631E-01,2.69335E-01
MTC_vo_04580_1_fd_001999,2.74206E+01,4.58000E-06,2.06147E+00,1.16752E+00,1.75691E-09,3.33402E-14,3.65194E-05,5.66352E-01,9.29879E-01
MTC_vo_04580_3_g1_071617,9.82494E+02,4.58000E-06,2.01072E+00,1.03690E+00,3.79250E-06,1.53860E-09,2.56600E-03,5.15683E-01,9.76174E-01
MTC_vo_04580_1_fd_000055,7.51523E-01,4.58000E-06,6.53927E-02,2.37919E-02,1.31472E-12,6.85636E-19,1.02050E-06,3.63831E-01,1.40666E-01
MTC_vo_04580_2_g2_005380,7.38113E+01,4.58000E-06,2.06119E+00,1.09358E+00,1.24810E-08,6.52380E-13,9.74000E-05,5.30558E-01,9.55855E-01
MTC_vo_04580_1_fd_000203,2.78028E+00,4.58000E-06,1.10655E+00,9.10921E-01,1.79968E-11,3.47299E-17,3.71754E-06,8.23210E-01,7.59045E-01
MTC_vo_04580_3_g1_027910,3.82887E+02,4.58000E-06,2.02009E+00,1.04233E+00,5.76020E-07,9.10640E-11,1.00000E-03,5.15983E-01,9.74921E-01
MTC_vo_04580_1_fd_000542,7.43834E+00,4.58000E-06,2.63132E+00,2.14360E+00,1.28851E-10,6.65263E-16,9.91344E-06,8.14646E-01,8.65130E-01
MTC_vo_04580_3_g1_016611,2.27888E+02,4.58000E-06,2.02840E+00,1.05087E+00,1.74250E-07,1.92000E-11,4.69800E-04,5.18077E-01,9.72494E-01
MTC_vo_04580_2_g2_012061,1.65458E+02,4.58000E-06,2.03547E+00,1.05969E+00,7.86980E-08,7.34850E-12,2.81100E-04,5.20611E-01,9.59176E-01
MTC_vo_04580_1_fd_000750,1.02931E+01,4.58000E-06,2.41610E+00,1.80715E+00,2.46754E-10,1.76296E-15,1.37039E-05,7.47963E-01,8.62074E-01
MTC_vo_04580_2_g2_009333,1.28034E+02,4.58000E-06,2.04222E+00,1.06584E+00,4.04390E-08,3.40490E-12,1.87300E-04,5.21903E-01,9.57379E-01
MTC_vo_04580_1_fd_002776,3.80872E+01,4.58000E-06,2.10172E+00,1.16506E+00,3.38988E-09,8.93541E-14,5.07335E-05,5.54336E-01,9.51465E-01
MTC_vo_04580_1_fd_000279,3.83209E+00,4.58000E-06,1.81963E+00,1.54707E+00,3.41945E-11,9.09465E-17,5.10251E-06,8.50213E-01,8.32159E-01
MTC_vo_04580_2_g2_005938,8.14652E+01,4.58000E-06,2.05557E+00,1.08653E+00,1.52100E-08,8.77100E-13,1.07500E-04,5.28580E-01,9.55337E-01
MTC_vo_04580_3_g1_020201,2.77135E+02,4.58000E-06,2.02492E+00,1.04718E+00,3.01770E-07,3.45310E-11,7.23800E-04,5.17145E-01,9.73896E-01
MTC_vo_04580_3_g1_018632,2.55614E+02,4.58000E-06,2.02630E+00,1.04747E+00,2.27790E-07,2.70950E-11,5.93300E-04,5.16934E-01,9.73633E-01
MTC_vo_04580_2_g2_003883,5.32748E+01,4.58000E-06,2.06893E+00,1.11314E+00,6.50210E-09,2.45300E-13,7.03000E-05,5.38026E-01,9.49755E-01
MTC_vo_04580_3_g1_037232,5.10772E+02,4.58000E-06,2.01658E+00,1.03987E+00,1.02510E-06,2.16180E-10,1.33400E-03,5.15658E-01,9.75474E-01
MTC_vo_04580_1_fd_000148,2.02892E+00,4.58000E-06,5.91443E-01,4.53863E-01,9.58403E-12,1.34956E-17,2.69704E-06,7.67382E-01,6.57704E-01
MTC_vo_04580_1_fd_000389,5.33472E+00,4.58000E-06,2.48125E+00,2.10917E+00,6.62697E-11,2.45391E-16,7.07062E-06,8.50042E-01,8.63120E-01
MTC_vo_05000_3_g1_071617,8.99964E+02,5.00000E-06,2.01142E+00,1.04015E+00,3.79250E-06,1.53860E-09,2.56600E-03,5.17119E-01,9.77441E-01
MTC_vo_05000_1_fd_000055,6.88395E-01,5.00000E-06,3.25847E-02,1.63600E-02,1.31472E-12,6.85636E-19,1.03451E-06,5.02077E-01,1.18669E-01
MTC_vo_05000_2_g2_005380,6.76108E+01,5.00000E-06,2.06678E+00,1.21369E+00,1.24810E-08,6.52370E-13,9.74000E-05,5.87236E-01,9.35357E-01
MTC_vo_05000_1_fd_000203,2.54670E+00,5.00000E-06,8.09115E-01,7.29853E-01,1.79976E-11,3.47283E-17,3.66056E-06,9.02038E-01,7.30254E-01
MTC_vo_05000_2_g2_016611,2.08746E+02,5.00000E-06,2.03001E+00,1.09576E+00,1.74240E-07,1.92000E-11,4.69800E-04,5.39783E-01,9.55357E-01
MTC_vo_05000_3_g1_027910,3.50725E+02,5.00000E-06,2.02141E+00,1.06792E+00,5.76020E-07,9.10640E-11,1.00000E-03,5.28307E-01,9.73006E-01
MTC_vo_05000_1_fd_000542,6.81345E+00,5.00000E-06,2.72347E+00,2.49705E+00,1.28850E-10,6.65242E-16,9.86761E-06,9.16865E-01,8.61630E-01
MTC_vo_05000_1_fd_001440,1.80989E+01,5.00000E-06,2.22171E+00,1.71844E+00,9.10988E-10,1.24727E-14,2.62606E-05,7.73475E-01,8.45816E-01
MTC_vo_05000_1_fd_001041,1.30754E+01,5.00000E-06,2.34658E+00,1.94685E+00,4.74617E-10,4.70250E-15,1.90190E-05,8.29655E-01,8.34971E-01
MTC_vo_05000_1_fd_000104,1.30786E+00,5.00000E-06,1.67713E-01,1.32829E-01,4.74609E-12,4.70268E-18,1.90986E-06,7.92000E-01,3.97612E-01
MTC_vo_05000_2_g2_014360,1.80456E+02,5.00000E-06,2.03388E+00,1.10411E+00,1.15670E-07,1.24040E-11,3.54200E-04,5.42856E-01,9.54142E-01
MTC_vo_05000_3_g1_051633,6.48843E+02,5.00000E-06,2.01421E+00,1.04498E+00,1.97130E-06,5.76590E-10,1.85000E-03,5.18803E-01,9.76736E-01
MTC_vo_05000_1_fd_000077,9.63714E-01,5.00000E-06,7.67069E-02,5.24749E-02,2.57682E-12,1.88135E-18,1.43239E-06,6.84096E-01,2.27320E-01
MTC_vo_05000_1_fd_001999,2.51175E+01,5.00000E-06,2.05334E+00,1.44226E+00,1.75676E-09,3.33409E-14,3.65261E-05,7.02400E-01,8.62395E-01
MTC_vo_05000_2_g2_003883,4.87997E+01,5.00000E-06,2.08644E+00,1.29847E+00,6.50700E-09,2.45300E-13,7.03000E-05,6.22338E-01,9.17219E-01
MTC_vo_05000_3_g1_037232,4.67867E+02,5.00000E-06,2.01767E+00,1.05406E+00,1.02510E-06,2.16180E-10,1.33400E-03,5.22413E-01,9.75349E-01
MTC_vo_05000_1_fd_000389,4.88667E+00,5.00000E-06,2.28816E+00,2.12535E+00,6.62717E-11,2.45401E-16,7.08240E-06,9.28847E-01,8.54325E-01
MTC_vo_05000_1_fd_000148,1.85848E+00,5.00000E-06,3.92548E-01,3.38288E-01,9.58399E-12,1.34952E-17,2.70563E-06,8.61775E-01,6.17714E-01
MTC_vo_05000_2_g2_012061,1.51560E+02,5.00000E-06,2.03854E+00,1.12014E+00,7.84100E-08,7.34850E-12,2.81100E-04,5.49482E-01,9.50494E-01
MTC_vo_05000_1_fd_000750,9.42844E+00,5.00000E-06,2.53727E+00,2.23227E+00,2.46752E-10,1.76295E-15,1.36873E-05,8.79792E-01,8.40983E-01
MTC_vo_05000_2_g2_009333,1.17279E+02,5.00000E-06,2.04658E+00,1.13355E+00,4.04210E-08,3.40490E-12,1.87300E-04,5.53874E-01,9.47667E-01
MTC_vo_05000_1_fd_002776,3.48878E+01,5.00000E-06,2.12685E+00,1.41263E+00,3.39005E-09,8.93536E-14,5.06908E-05,6.64187E-01,9.01296E-01
MTC_vo_05000_3_g1_018633,2.34143E+02,5.00000E-06,2.02803E+00,1.08975E+00,2.27780E-07,2.70950E-11,5.93300E-04,5.37345E-01,9.68714E-01
MTC_vo_05000_1_fd_000279,3.51026E+00,5.00000E-06,1.48228E+00,1.36816E+00,3.41926E-11,9.09517E-17,5.09296E-06,9.23015E-01,8.12126E-01
MTC_vo_05000_3_g1_020201,2.53856E+02,5.00000E-06,2.02656E+00,1.09336E+00,3.01780E-07,3.45310E-11,7.23800E-04,5.39514E-01,9.67998E-01
MTC_vo_05000_2_g2_005938,7.46218E+01,5.00000E-06,2.06189E+00,1.19277E+00,1.52040E-08,8.77090E-13,1.07500E-04,5.78481E-01,9.39970E-01
MTC_vo_01860_2_g2_002801,9.46067E+01,1.86000E-06,2.05477E+00,2.01450E+00,3.37800E-09,9.20110E-14,5.07000E-05,9.80401E-01,7.65740E-01
MTC_vo_01860_3_g1_016611,5.61145E+02,1.86000E-06,2.01548E+00,1.86654E+00,1.74250E-07,1.92000E-11,4.69800E-04,9.26104E-01,7.87433E-01
MTC_vo_01860_1_fd_000750,2.53455E+01,1.86000E-06,2.07815E+00,2.06712E+00,2.47474E-10,1.76300E-15,1.37061E-05,9.94695E-01,7.94748E-01
MTC_vo_01860_1_fd_000279,9.43615E+00,1.86000E-06,2.68494E+00,2.68098E+00,3.42008E-11,9.09507E-17,5.09169E-06,9.98527E-01,8.64103E-01
MTC_vo_01860_3_g1_020201,6.82408E+02,1.86000E-06,2.01358E+00,1.85991E+00,3.01750E-07,3.45310E-11,7.23800E-04,9.23682E-01,7.80348E-01
MTC_vo_01860_3_g1_018632,6.29416E+02,1.86000E-06,2.01434E+00,1.85504E+00,2.27780E-07,2.70950E-11,5.93300E-04,9.20918E-01,7.82978E-01
MTC_vo_01860_2_g2_005938,2.00596E+02,1.86000E-06,2.03103E+00,1.94785E+00,1.52000E-08,8.77090E-13,1.07500E-04,9.59042E-01,7.79258E-01
MTC_vo_01860_2_g2_003883,1.31180E+02,1.86000E-06,2.04043E+00,1.98499E+00,6.49470E-09,2.45290E-13,7.03000E-05,9.72830E-01,7.66152E-01
MTC_vo_01860_3_g1_037232,1.25771E+03,1.86000E-06,2.00904E+00,1.75238E+00,1.02500E-06,2.16180E-10,1.33400E-03,8.72250E-01,8.05972E-01
MTC_vo_01860_2_g2_001453,4.90767E+01,1.86000E-06,2.08106E+00,2.05991E+00,9.09160E-10,1.28440E-14,2.63000E-05,9.89837E-01,7.84794E-01
MTC_vo_01860_1_fd_000389,1.31363E+01,1.86000E-06,2.40510E+00,2.39948E+00,6.62905E-11,2.45408E-16,7.10468E-06,9.97665E-01,8.33471E-01
MTC_vo_01860_3_g1_014360,4.85097E+02,1.86000E-06,2.01705E+00,1.87120E+00,1.15400E-07,1.24040E-11,3.54200E-04,9.27689E-01,7.93718E-01
MTC_vo_01860_1_fd_000148,4.99585E+00,1.86000E-06,1.92625E+00,1.92428E+00,9.58403E-12,1.34948E-17,2.69386E-06,9.98975E-01,8.65707E-01
MTC_vo_01860_2_g2_002016,6.81096E+01,1.86000E-06,2.04966E+00,2.02043E+00,1.75110E-09,3.43320E-14,3.65000E-05,9.85741E-01,7.72663E-01
MTC_vo_01860_1_fd_000104,3.51579E+00,1.86000E-06,1.07709E+00,1.07577E+00,4.74591E-12,4.70286E-18,1.89458E-06,9.98775E-01,8.14496E-01
MTC_vo_01860_1_fd_001041,3.51495E+01,1.86000E-06,2.02469E+00,2.00924E+00,4.76070E-10,4.70273E-15,1.90050E-05,9.92372E-01,7.85665E-01
MTC_vo_01860_3_g1_051633,1.74420E+03,1.86000E-06,2.00727E+00,1.67824E+00,1.97290E-06,5.76590E-10,1.85000E-03,8.36083E-01,8.24474E-01
MTC_vo_01860_1_fd_000077,2.59066E+00,1.86000E-06,5.59056E-01,5.58134E-01,2.57668E-12,1.88141E-18,1.39133E-06,9.98351E-01,7.33512E-01
MTC_vo_01860_2_g2_005380,1.81750E+02,1.86000E-06,2.03250E+00,1.95682E+00,1.24780E-08,6.52380E-13,9.74000E-05,9.62765E-01,7.77134E-01
MTC_vo_01860_1_fd_000203,6.84606E+00,1.86000E-06,2.61098E+00,2.60818E+00,1.79977E-11,3.47298E-17,3.70035E-06,9.98928E-01,8.81855E-01
MTC_vo_01860_3_g1_071617,2.41926E+03,1.86000E-06,2.00584E+00,1.59311E+00,3.79560E-06,1.53860E-09,2.56600E-03,7.94233E-01,8.46442E-01
MTC_vo_01860_1_fd_000055,1.85052E+00,1.86000E-06,2.38696E-01,2.38083E-01,1.31472E-12,6.85636E-19,1.00650E-06,9.97435E-01,6.11222E-01
MTC_vo_01860_3_g1_009333,3.15265E+02,1.86000E-06,2.02273E+00,1.90513E+00,4.04460E-08,3.40490E-12,1.87300E-04,9.41861E-01,7.94495E-01
MTC_vo_01860_3_g1_012061,4.07419E+02,1.86000E-06,2.01916E+00,1.89018E+00,7.86200E-08,7.34850E-12,2.81100E-04,9.36123E-01,7.92487E-01
MTC_vo_01860_3_g1_027910,9.42808E+02,1.86000E-06,2.01095E+00,1.80798E+00,5.75980E-07,9.10640E-11,1.00000E-03,8.99069E-01,7.92394E-01
MTC_vo_01860_1_fd_000542,1.83160E+01,1.86000E-06,2.28911E+00,2.28119E+00,1.29090E-10,6.65269E-16,9.88734E-06,9.96541E-01,8.17898E-01
MTC_vo_00510_001453_g2,1.78986E+02,5.10000E-07,2.03371E+00,2.03352E+00,9.09780E-10,1.28440E-14,2.63000E-05,9.99907E-01,7.38717E-01
MTC_vo_00510_009333_g1,1.14979E+03,5.10000E-07,2.00967E+00,2.00962E+00,4.04360E-08,3.40490E-12,1.87300E-04,9.99974E-01,7.45681E-01
MTC_vo_00510_012061_g1,1.48588E+03,5.10000E-07,2.00815E+00,2.00802E+00,7.86110E-08,7.34850E-12,2.81100E-04,9.99933E-01,7.41655E-01
MTC_vo_00510_000077_fd,9.44830E+00,5.10000E-07,2.62225E+00,2.62225E+00,2.57690E-12,1.88142E-18,1.39611E-06,1.00000E+00,8.30945E-01
MTC_vo_00510_002801_g1,3.45037E+02,5.10000E-07,2.02158E+00,2.02145E+00,3.38800E-09,9.20120E-14,5.07000E-05,9.99935E-01,7.60746E-01
MTC_vo_00510_016611_g1,2.04653E+03,5.10000E-07,2.00659E+00,2.00637E+00,1.74220E-07,1.92000E-11,4.69800E-04,9.99891E-01,7.30255E-01
MTC_vo_00510_037232_g1,4.58693E+03,5.10000E-07,2.00385E+00,2.00338E+00,1.02580E-06,2.16180E-10,1.33400E-03,9.99769E-01,7.22016E-01
MTC_vo_00510_020201_g1,2.48878E+03,5.10000E-07,2.00578E+00,2.00532E+00,3.02000E-07,3.45310E-11,7.23800E-04,9.99771E-01,7.21861E-01
MTC_vo_00510_027910_g1,3.43848E+03,5.10000E-07,2.00466E+00,2.00421E+00,5.76460E-07,9.10640E-11,1.00000E-03,9.99775E-01,7.22005E-01
MTC_vo_00510_018633_g1,2.29552E+03,5.10000E-07,2.00610E+00,2.00574E+00,2.27770E-07,2.70950E-11,5.93300E-04,9.99821E-01,7.23460E-01
MTC_vo_00510_000148_fd,1.82203E+01,5.10000E-07,2.26544E+00,2.26544E+00,9.60125E-12,1.34950E-17,2.70293E-06,1.00000E+00,7.85493E-01
MTC_vo_00510_003883_g1,4.78422E+02,5.10000E-07,2.01736E+00,2.01720E+00,6.51420E-09,2.45290E-13,7.03000E-05,9.99921E-01,7.60722E-01
MTC_vo_00510_001050_g2,1.29304E+02,5.10000E-07,2.04058E+00,2.04050E+00,4.74410E-10,4.84260E-15,1.90000E-05,9.99963E-01,7.34120E-01
MTC_vo_00510_000547_g2,6.73744E+01,5.10000E-07,2.06145E+00,2.06138E+00,1.28820E-10,6.85060E-16,9.90000E-06,9.99964E-01,7.50601E-01
MTC_vo_00510_051633_g1,6.36120E+03,5.10000E-07,2.00309E+00,2.00263E+00,1.97290E-06,5.76590E-10,1.85000E-03,9.99768E-01,7.21981E-01
MTC_vo_00510_071617_g1,8.82318E+03,5.10000E-07,2.00249E+00,2.00202E+00,3.79560E-06,1.53860E-09,2.56600E-03,9.99767E-01,7.22044E-01
MTC_vo_00510_000279_fd,3.44142E+01,5.10000E-07,2.11264E+00,2.11264E+00,3.42977E-11,9.09504E-17,5.09741E-06,1.00000E+00,7.65905E-01
MTC_vo_00510_000757_g2,9.32361E+01,5.10000E-07,2.05071E+00,2.05066E+00,2.46660E-10,1.81550E-15,1.37000E-05,9.99972E-01,7.38231E-01
MTC_vo_00510_002016_g2,2.48400E+02,5.10000E-07,2.02389E+00,2.02371E+00,1.75230E-09,3.43320E-14,3.65000E-05,9.99910E-01,7.41046E-01
MTC_vo_00510_005938_g1,7.31589E+02,5.10000E-07,2.01308E+00,2.01291E+00,1.52320E-08,8.77100E-13,1.07500E-04,9.99917E-01,7.60851E-01
MTC_vo_00510_005380_g1,6.62854E+02,5.10000E-07,2.01396E+00,2.01380E+00,1.25050E-08,6.52380E-13,9.74000E-05,9.99918E-01,7.60824E-01
MTC_vo_00510_000203_fd,2.49678E+01,5.10000E-07,2.05607E+00,2.05607E+00,1.80497E-11,3.47292E-17,3.70131E-06,1.00000E+00,7.62287E-01
MTC_vo_00510_000104_fd,1.28223E+01,5.10000E-07,2.38454E+00,2.38454E+00,4.74615E-12,4.70286E-18,1.89936E-06,1.00000E+00,8.01903E-01
MTC_vo_00510_014360_g1,1.76918E+03,5.10000E-07,2.00726E+00,2.00709E+00,1.15390E-07,1.24040E-11,3.54200E-04,9.99917E-01,7.38784E-01
MTC_vo_00510_000055_fd,6.74891E+00,5.10000E-07,2.75594E+00,2.75594E+00,1.31477E-12,6.85617E-19,9.98379E-07,1.00000E+00,8.62906E-01
MTC_vo_00510_000392_g2,4.83193E+01,5.10000E-07,2.08715E+00,2.08709E+00,6.62590E-11,2.52700E-16,7.10000E-06,9.99974E-01,7.67240E-01
MTC_vo_13500_012061_g2,5.61332E+01,1.35000E-05,2.04547E+00,1.05605E+00,7.86580E-08,7.34850E-12,2.81100E-04,5.16285E-01,9.34678E-01
MTC_vo_13500_009333_g2,4.34366E+01,1.35000E-05,2.05407E+00,1.06098E+00,4.04640E-08,3.40490E-12,1.87300E-04,5.16527E-01,9.30257E-01
MTC_vo_13500_051633_g1,2.40312E+02,1.35000E-05,2.01709E+00,1.05804E+00,1.97260E-06,5.76590E-10,1.85000E-03,5.24540E-01,9.41900E-01
MTC_vo_13500_001041_fd,4.84280E+00,1.35000E-05,2.26471E+00,1.09635E+00,4.75020E-10,4.70267E-15,1.90795E-04,4.84101E-01,8.75830E-01
MTC_vo_13500_003849_fd,1.79161E+01,1.35000E-05,2.09960E+00,1.05878E+00,6.51384E-09,2.38209E-13,7.02590E-05,5.04278E-01,9.27364E-01
MTC_vo_13500_071617_g1,3.33320E+02,1.35000E-05,2.01374E+00,1.05941E+00,3.79500E-06,1.53860E-09,2.56600E-03,5.26089E-01,9.42539E-01
MTC_vo_13500_000750_fd,3.49205E+00,1.35000E-05,2.20297E+00,1.05306E+00,2.46967E-10,1.76300E-15,1.37510E-05,4.78019E-01,8.36673E-01
MTC_vo_13500_000542_fd,2.52352E+00,1.35000E-05,1.95893E+00,8.89031E-01,1.28964E-10,6.65260E-16,9.88352E-06,4.53835E-01,7.64208E-01
MTC_vo_13500_000279_fd,1.30009E+00,1.35000E-05,1.06960E+00,3.29547E-01,3.42251E-11,9.09500E-17,5.15662E-06,3.08102E-01,4.42039E-01
MTC_vo_13500_016611_g2,7.73133E+01,1.35000E-05,2.03711E+00,1.05558E+00,1.74680E-07,1.92000E-11,4.69800E-04,5.18173E-01,9.37968E-01
MTC_vo_13500_000104_fd,4.84394E-01,1.35000E-05,2.88551E-01,1.42939E-02,4.74249E-12,4.70275E-18,1.93373E-06,4.95370E-02,6.33143E-02
MTC_vo_13500_000203_fd,9.43231E-01,1.35000E-05,7.08309E-01,1.48200E-01,1.80139E-11,3.47293E-17,3.65261E-06,2.09231E-01,2.32155E-01
MTC_vo_13500_018632_g2,8.67184E+01,1.35000E-05,2.03426E+00,1.05210E+00,2.28120E-07,2.70940E-11,5.93300E-04,5.17191E-01,9.39544E-01
MTC_vo_13500_020201_g2,9.40207E+01,1.35000E-05,2.03239E+00,1.05233E+00,3.02250E-07,3.45310E-11,7.23800E-04,5.17778E-01,9.40402E-01
MTC_vo_13500_000055_fd,2.54976E-01,1.35000E-05,1.38981E-01,1.16540E-03,1.30443E-12,6.85755E-19,1.07430E-06,8.38533E-03,4.37103E-02
MTC_vo_13500_027910_g2,1.29898E+02,1.35000E-05,2.02603E+00,1.05471E+00,5.76940E-07,9.10640E-11,1.00000E-03,5.20582E-01,9.41393E-01
MTC_vo_13500_001440_fd,6.70324E+00,1.35000E-05,2.24158E+00,1.08782E+00,9.10145E-10,1.24725E-14,2.62128E-05,4.85292E-01,9.00715E-01
MTC_vo_13500_000077_fd,3.56929E-01,1.35000E-05,2.00616E-01,4.34608E-03,2.56769E-12,1.88131E-18,1.50401E-06,2.16636E-02,4.45327E-02
MTC_vo_13500_005380_g2,2.50412E+01,1.35000E-05,2.07695E+00,1.05969E+00,1.24970E-08,6.52380E-13,9.74000E-05,5.10215E-01,9.23467E-01
MTC_vo_13500_005938_g2,2.76379E+01,1.35000E-05,2.07206E+00,1.06164E+00,1.52240E-08,8.77110E-13,1.07500E-04,5.12358E-01,9.24434E-01
MTC_vo_13500_037232_g1,1.73284E+02,1.35000E-05,2.02125E+00,1.05633E+00,1.02570E-06,2.16180E-10,1.33400E-03,5.22613E-01,9.41037E-01
MTC_vo_13500_000389_fd,1.80987E+00,1.35000E-05,1.53524E+00,6.06504E-01,6.63307E-11,2.45395E-16,7.09035E-06,3.95054E-01,6.49440E-01
MTC_vo_13500_002776_fd,1.29214E+01,1.35000E-05,2.13434E+00,1.06053E+00,3.38270E-09,8.93532E-14,5.07068E-05,4.96891E-01,9.22718E-01
MTC_vo_13500_014360_g2,6.68356E+01,1.35000E-05,2.04062E+00,1.05680E+00,1.15720E-07,1.24040E-11,3.54200E-04,5.17883E-01,9.35513E-01
MTC_vo_13500_000148_fd,6.88324E-01,1.35000E-05,4.57910E-01,5.27752E-02,9.59246E-12,1.34952E-17,2.79317E-06,1.15252E-01,1.20353E-01
MTC_vo_13500_001999_fd,9.30277E+00,1.35000E-05,2.17886E+00,1.06826E+00,1.75321E-09,3.33409E-14,3.65261E-05,4.90284E-01,9.14945E-01
MTC_vo_07100_000077_fd,6.78671E-01,7.10000E-06,7.98576E-02,1.45998E-02,2.57899E-12,1.88134E-18,1.35600E-06,1.82824E-01,1.15667E-01
MTC_vo_07100_001440_fd,1.27456E+01,7.10000E-06,2.30309E+00,1.43741E+00,9.10290E-10,1.24726E-14,2.63290E-05,6.24122E-01,9.15116E-01
MTC_vo_07100_000148_fd,1.30879E+00,7.10000E-06,2.58326E-01,1.24990E-01,9.59209E-12,1.34953E-17,2.71200E-06,4.83844E-01,4.02976E-01
MTC_vo_07100_027910_g1,2.46989E+02,7.10000E-06,2.02257E+00,1.03096E+00,5.76370E-07,9.10640E-11,1.00000E-03,5.09726E-01,9.76257E-01
MTC_vo_07100_014360_g2,1.27082E+02,7.10000E-06,2.03514E+00,1.03681E+00,1.15640E-07,1.24040E-11,3.54200E-04,5.09454E-01,9.68946E-01
MTC_vo_07100_000389_fd,3.44129E+00,7.10000E-06,1.43860E+00,1.06799E+00,6.63314E-11,2.45394E-16,7.11900E-06,7.42385E-01,8.20766E-01
MTC_vo_07100_001999_fd,1.76883E+01,7.10000E-06,2.19209E+00,1.25208E+00,1.75612E-09,3.33406E-14,3.64990E-05,5.71181E-01,9.34629E-01
MTC_vo_07100_005938_g2,5.25508E+01,7.10000E-06,2.06227E+00,1.05615E+00,1.52230E-08,8.77100E-13,1.07500E-04,5.12132E-01,9.63867E-01
MTC_vo_07100_037232_g1,3.29484E+02,7.10000E-06,2.01863E+00,1.03028E+00,1.02570E-06,2.16180E-10,1.33400E-03,5.10385E-01,9.76982E-01
MTC_vo_07100_005380_g2,4.76135E+01,7.10000E-06,2.06949E+00,1.06227E+00,1.24970E-08,6.52380E-13,9.74000E-05,5.13301E-01,9.62975E-01
MTC_vo_07100_020201_g1,1.78772E+02,7.10000E-06,2.02800E+00,1.03300E+00,3.01950E-07,3.45310E-11,7.23800E-04,5.09371E-01,9.75044E-01
MTC_vo_07100_071617_g1,6.33778E+02,7.10000E-06,2.01204E+00,1.03004E+00,3.79490E-06,1.53860E-09,2.56600E-03,5.11937E-01,9.77951E-01
MTC_vo_07100_000750_fd,6.63976E+00,7.10000E-06,2.47030E+00,1.84138E+00,2.46966E-10,1.76297E-15,1.36730E-05,7.45405E-01,8.93514E-01
MTC_vo_07100_001041_fd,9.20822E+00,7.10000E-06,2.43354E+00,1.67643E+00,4.75093E-10,4.70279E-15,1.89840E-05,6.88885E-01,9.00779E-01
MTC_vo_07100_000279_fd,2.47200E+00,7.10000E-06,8.54342E-01,5.96240E-01,3.42236E-11,9.09497E-17,5.13585E-04,6.97894E-01,7.30191E-01
MTC_vo_07100_002801_g2,2.47843E+01,7.10000E-06,2.06186E+00,1.06560E+00,3.38610E-09,9.20110E-14,5.07000E-05,5.16816E-01,9.47600E-01
MTC_vo_07100_000542_fd,4.79824E+00,7.10000E-06,2.08860E+00,1.59291E+00,1.28965E-10,6.65258E-16,1.00344E-04,7.62669E-01,8.71922E-01
MTC_vo_07100_009333_g2,8.25906E+01,7.10000E-06,2.04826E+00,1.04432E+00,4.04650E-08,3.40490E-12,1.87300E-04,5.09857E-01,9.66297E-01
MTC_vo_07100_012061_g2,1.06732E+02,7.10000E-06,2.04123E+00,1.04212E+00,7.86580E-08,7.34850E-12,2.81100E-04,5.10533E-01,9.68265E-01
MTC_vo_07100_051633_g1,4.56931E+02,7.10000E-06,2.01498E+00,1.03004E+00,1.97260E-06,5.76590E-10,1.85000E-03,5.11193E-01,9.77554E-01
MTC_vo_07100_000055_fd,4.84788E-01,7.10000E-06,4.89456E-02,4.14139E-03,1.31380E-12,6.85649E-19,1.01700E-06,8.46120E-02,6.78585E-02
MTC_vo_07100_003883_g2,3.43655E+01,7.10000E-06,2.09239E+00,1.08567E+00,6.51030E-09,2.45290E-13,7.03000E-05,5.18865E-01,9.58436E-01
MTC_vo_07100_016611_g2,1.47004E+02,7.10000E-06,2.03233E+00,1.03577E+00,1.74670E-07,1.92000E-11,4.69800E-04,5.09646E-01,9.70037E-01
MTC_vo_07100_018632_g2,1.64889E+02,7.10000E-06,2.02966E+00,1.03289E+00,2.28120E-07,2.70950E-11,5.93300E-04,5.08898E-01,9.70669E-01
MTC_vo_07100_000104_fd,9.21025E-01,7.10000E-06,1.34430E-01,4.29371E-02,4.75012E-12,4.70265E-18,1.92100E-06,3.19401E-01,2.09780E-01
MTC_vo_07100_000203_fd,1.79347E+00,7.10000E-06,4.69219E-01,2.84344E-01,1.80136E-11,3.47293E-17,3.72900E-06,6.05995E-01,6.06787E-01
MTC_vo_09600_000148_fd,9.67951E-01,9.60000E-06,1.03348E-01,2.58279E-02,9.59235E-12,1.34950E-17,2.75020E-06,2.49913E-01,2.32430E-01
MTC_vo_09600_000389_fd,2.54512E+00,9.60000E-06,5.43252E-01,3.37048E-01,6.63297E-11,2.45395E-16,7.02828E-06,6.20426E-01,7.37771E-01
MTC_vo_09600_027910_g1,1.82669E+02,9.60000E-06,2.02706E+00,1.03492E+00,5.76030E-07,9.10640E-11,1.00000E-03,5.10551E-01,9.82745E-01
MTC_vo_09600_014360_g2,9.39875E+01,9.60000E-06,2.03843E+00,1.04704E+00,1.15670E-07,1.24040E-11,3.54200E-04,5.13652E-01,9.63945E-01
MTC_vo_09600_002776_fd,1.81708E+01,9.60000E-06,2.23017E+00,1.37679E+00,3.38824E-09,8.93550E-14,5.07259E-05,6.17350E-01,9.47674E-01
MTC_vo_09600_001999_fd,1.30820E+01,9.60000E-06,2.32882E+00,1.57435E+00,1.75345E-09,3.33410E-14,3.65165E-05,6.76028E-01,9.38498E-01
MTC_vo_09600_005938_g2,3.88658E+01,9.60000E-06,2.04395E+00,1.06524E+00,1.52040E-08,8.77110E-13,1.07500E-04,5.21168E-01,9.55647E-01
MTC_vo_09600_037232_g1,2.43681E+02,9.60000E-06,2.02233E+00,1.02963E+00,1.02510E-06,2.16180E-10,1.33400E-03,5.09128E-01,9.84080E-01
MTC_vo_09600_005380_g2,3.52139E+01,9.60000E-06,2.04406E+00,1.07158E+00,1.24810E-08,6.52370E-13,9.74000E-05,5.24238E-01,9.52151E-01
MTC_vo_09600_000077_fd,5.01938E-01,9.60000E-06,4.15096E-02,2.49058E-03,2.57548E-12,1.88138E-18,1.37510E-06,6.00002E-02,7.38586E-02
MTC_vo_09600_001440_fd,9.42642E+00,9.60000E-06,2.32377E+00,1.68824E+00,9.10137E-10,1.24724E-14,2.62797E-05,7.26507E-01,9.32353E-01
MTC_vo_09600_000055_fd,3.58534E-01,9.60000E-06,2.82183E-02,6.85826E-04,1.31075E-12,6.85606E-19,1.06952E-06,2.43043E-02,6.16758E-02
MTC_vo_09600_003883_g2,2.54162E+01,9.60000E-06,2.12952E+00,1.18788E+00,6.49200E-09,2.45290E-13,7.03000E-05,5.57814E-01,9.40212E-01
MTC_vo_09600_016611_g2,1.08722E+02,9.60000E-06,2.03737E+00,1.04659E+00,1.74030E-07,1.92000E-11,4.69800E-04,5.13698E-01,9.65093E-01
MTC_vo_09600_018632_g2,1.21949E+02,9.60000E-06,2.03717E+00,1.04556E+00,2.28150E-07,2.70950E-11,5.93300E-04,5.13243E-01,9.65196E-01
MTC_vo_09600_020201_g2,1.32217E+02,9.60000E-06,2.03341E+00,1.04611E+00,3.01920E-07,3.45310E-11,7.23800E-04,5.14461E-01,9.64932E-01
MTC_vo_09600_000104_fd,6.81179E-01,9.60000E-06,6.17531E-02,7.66406E-03,4.75010E-12,4.70275E-18,1.83346E-06,1.24108E-01,1.17913E-01
MTC_vo_09600_000203_fd,1.32641E+00,9.60000E-06,1.74816E-01,6.65029E-02,1.80137E-11,3.47290E-17,3.66693E-06,3.80416E-01,4.08354E-01
MTC_vo_09600_001041_fd,6.81018E+00,9.60000E-06,2.03347E+00,1.51975E+00,4.75012E-10,4.70265E-15,1.89458E-05,7.47367E-01,9.19105E-01
MTC_vo_09600_071617_g1,4.68731E+02,9.60000E-06,2.01444E+00,1.02477E+00,3.79370E-06,1.53860E-09,2.56600E-03,5.08710E-01,9.85672E-01
MTC_vo_09600_000750_fd,4.91066E+00,9.60000E-06,1.46959E+00,1.07277E+00,2.46966E-10,1.76297E-15,1.37510E-05,7.29977E-01,8.89187E-01
MTC_vo_09600_000279_fd,1.82824E+00,9.60000E-06,3.02147E-01,1.53953E-01,3.42255E-11,9.09482E-17,5.04203E-06,5.09530E-01,6.10343E-01
MTC_vo_09600_000542_fd,3.54873E+00,9.60000E-06,9.37302E-01,6.43063E-01,1.28970E-10,6.65273E-16,9.93127E-06,6.86079E-01,8.31805E-01
MTC_vo_09600_012061_g2,7.89374E+01,9.60000E-06,2.05047E+00,1.06309E+00,7.84100E-08,7.34850E-12,2.81100E-04,5.18461E-01,9.62570E-01
MTC_vo_09600_009333_g2,6.10827E+01,9.60000E-06,2.05436E+00,1.06322E+00,4.04210E-08,3.40490E-12,1.87300E-04,5.17542E-01,9.60227E-01
MTC_vo_09600_051633_g1,3.37939E+02,9.60000E-06,2.01796E+00,1.02644E+00,1.97140E-06,5.76590E-10,1.85000E-03,5.08654E-01,9.85045E-01
MSC_vo_00580_m02_g2_0076,8.19880E+01,5.80000E-07,2.06405E+00,2.06401E+00,2.46870E-10,1.81580E-15,1.36990E-05,9.99984E-01,7.58000E-01
MSC_vo_00580_m03_g1_1862,2.01758E+03,5.80000E-07,2.00720E+00,2.00681E+00,2.27690E-07,2.70590E-11,5.93300E-04,9.99805E-01,7.25300E-01
MSC_vo_00580_m02_g2_0280,3.03422E+02,5.80000E-07,2.02857E+00,2.02850E+00,3.38110E-09,9.20370E-14,5.06970E-05,9.99965E-01,7.61600E-01
MSC_vo_00580_m03_g1_7160,7.75613E+03,5.80000E-07,2.00294E+00,2.00244E+00,3.80580E-06,1.53730E-09,2.56600E-03,9.99752E-01,7.23300E-01
MSC_vo_00580_m03_g1_1435,1.55453E+03,5.80000E-07,2.00857E+00,2.00838E+00,1.15300E-07,1.23770E-11,3.54200E-04,9.99905E-01,7.40700E-01
MSC_vo_00580_m03_g1_2790,3.02266E+03,5.80000E-07,2.00550E+00,2.00501E+00,5.78010E-07,9.09890E-11,1.00000E-03,9.99754E-01,7.23200E-01
MSC_vo_00580_m02_g2_0105,1.13701E+02,5.80000E-07,2.04551E+00,2.04536E+00,4.74770E-10,4.84290E-15,1.89970E-05,9.99929E-01,7.56700E-01
MSC_vo_00580_m01_fd_0015,1.60212E+01,5.80000E-07,2.30710E+00,2.30710E+00,9.59539E-12,1.34948E-17,2.69545E-06,1.00000E+00,7.94848E-01
MSC_vo_00580_m01_fd_0008,8.30031E+00,5.80000E-07,2.75935E+00,2.75935E+00,2.57212E-12,1.87621E-18,1.40311E-06,1.00000E+00,8.48494E-01
MSC_vo_00580_m03_g1_5162,5.59189E+03,5.80000E-07,2.00365E+00,2.00315E+00,1.97820E-06,5.76100E-10,1.85000E-03,9.99753E-01,7.23300E-01
MSC_vo_00580_m02_g2_0145,1.57400E+02,5.80000E-07,2.03876E+00,2.03870E+00,9.09870E-10,1.28480E-14,2.62990E-05,9.99972E-01,7.58400E-01
MSC_vo_00580_m03_g1_0538,5.82944E+02,5.80000E-07,2.01648E+00,2.01630E+00,1.25110E-08,6.52680E-13,9.74000E-05,9.99910E-01,7.62600E-01
MSC_vo_00580_m02_g2_0055,5.92260E+01,5.80000E-07,2.06300E+00,2.06298E+00,1.28820E-10,6.84470E-16,9.89560E-06,9.99992E-01,7.66400E-01
MSC_vo_00580_m02_g2_0202,2.18450E+02,5.80000E-07,2.02791E+00,2.02785E+00,1.75250E-09,3.43460E-14,3.64990E-05,9.99968E-01,7.59500E-01
MSC_vo_00580_m02_g2_0039,4.24860E+01,5.80000E-07,2.12427E+00,2.12427E+00,6.62900E-11,2.52670E-16,7.09860E-06,1.00000E+00,7.79100E-01
MSC_vo_00580_m03_g1_3722,4.03222E+03,5.80000E-07,2.00454E+00,2.00405E+00,1.02860E-06,2.16000E-10,1.33400E-03,9.99753E-01,7.23400E-01
MSC_vo_00580_m03_g1_0932,1.00994E+03,5.80000E-07,2.01143E+00,2.01134E+00,4.03290E-08,3.39400E-12,1.87300E-04,9.99957E-01,7.47300E-01
MSC_vo_00580_m03_g1_2020,2.18780E+03,5.80000E-07,2.00682E+00,2.00633E+00,3.02810E-07,3.45020E-11,7.23800E-04,9.99755E-01,7.23200E-01
MSC_vo_00580_m03_g1_1660,1.79872E+03,5.80000E-07,2.00778E+00,2.00749E+00,1.74340E-07,1.91740E-11,4.69800E-04,9.99855E-01,7.32900E-01
MSC_vo_00580_m03_g1_1205,1.30575E+03,5.80000E-07,2.00963E+00,2.00944E+00,7.84920E-08,7.33510E-12,2.81100E-04,9.99906E-01,7.43600E-01
MSC_vo_00580_m01_fd_0010,1.12721E+01,5.80000E-07,2.45744E+00,2.45744E+00,4.74396E-12,4.69954E-18,1.90158E-06,1.00000E+00,8.14441E-01
MSC_vo_00580_m01_fd_0028,3.02312E+01,5.80000E-07,2.00822E+00,2.00822E+00,3.42308E-11,9.06846E-17,5.09550E-06,1.00000E+00,7.57308E-01
MSC_vo_00580_m01_fd_0020,2.19545E+01,5.80000E-07,2.12734E+00,2.12734E+00,1.80415E-11,3.47295E-17,3.70163E-06,1.00000E+00,7.72371E-01
MSC_vo_00580_m01_fd_0005,5.93444E+00,5.80000E-07,2.57222E+00,2.57222E+00,1.31472E-12,6.85636E-19,9.96946E-07,1.00000E+00,8.64159E-01
MSC_vo_00580_m02_g2_0388,4.20767E+02,5.80000E-07,2.02178E+00,2.02171E+00,6.50110E-09,2.45440E-13,7.03030E-05,9.99962E-01,7.63800E-01
MSC_vo_00580_m03_g1_0594,6.43397E+02,5.80000E-07,2.01543E+00,2.01525E+00,1.52410E-08,8.77520E-13,1.07500E-04,9.99909E-01,7.62700E-01
MTC_vo_07350_000203_fd,1.73245E+00,7.35000E-06,4.21522E-01,2.58094E-01,1.80135E-11,3.47287E-17,3.74332E-06,6.12291E-01,5.87486E-01
MTC_vo_07350_000104_fd,8.89703E-01,7.35000E-06,1.18241E-01,3.77407E-02,4.74999E-12,4.70275E-18,1.87166E-06,3.19184E-01,1.95764E-01
MTC_vo_07350_016611_g2,1.42004E+02,7.35000E-06,2.03400E+00,1.03880E+00,1.74030E-07,1.92000E-11,4.69800E-04,5.10718E-01,9.62257E-01
MTC_vo_07350_003883_g2,3.31966E+01,7.35000E-06,2.08937E+00,1.09267E+00,6.50200E-09,2.45290E-13,7.03000E-05,5.22965E-01,9.47092E-01
MTC_vo_07350_018633_g2,1.59281E+02,7.35000E-06,2.03118E+00,1.03597E+00,2.27420E-07,2.70950E-11,5.93300E-04,5.10033E-01,9.62619E-01
MTC_vo_07350_000055_fd,4.68292E-01,7.35000E-06,4.31291E-02,3.56528E-03,1.31349E-12,6.85620E-19,1.05281E-06,8.26653E-02,6.53654E-02
MTC_vo_07350_051633_g1,4.41390E+02,7.35000E-06,2.01568E+00,1.03073E+00,1.97140E-06,5.76590E-10,1.85000E-03,5.11355E-01,9.77762E-01
MTC_vo_07350_009333_g2,7.97814E+01,7.35000E-06,2.04993E+00,1.04826E+00,4.04210E-08,3.40490E-12,1.87300E-04,5.11363E-01,9.58485E-01
MTC_vo_07350_012061_g2,1.03102E+02,7.35000E-06,2.04320E+00,1.04649E+00,7.84280E-08,7.34850E-12,2.81100E-04,5.12179E-01,9.60382E-01
MTC_vo_07350_000279_fd,2.38790E+00,7.35000E-06,7.82021E-01,5.53664E-01,3.42242E-11,9.09480E-17,5.14707E-06,7.07992E-01,7.18157E-01
MTC_vo_07350_000542_fd,4.63503E+00,7.35000E-06,2.02023E+00,1.56814E+00,1.28966E-10,6.65258E-16,1.00485E-04,7.76215E-01,8.68604E-01
MTC_vo_07350_002801_g2,2.39413E+01,7.35000E-06,2.06836E+00,1.08900E+00,3.37670E-09,9.20110E-14,5.07000E-05,5.26506E-01,9.30795E-01
MTC_vo_07350_000750_fd,6.41398E+00,7.35000E-06,2.46224E+00,1.88140E+00,2.47011E-10,1.76302E-15,1.36865E-05,7.64098E-01,8.91317E-01
MTC_vo_07350_071617_g1,6.12221E+02,7.35000E-06,2.01260E+00,1.03047E+00,3.79250E-06,1.53860E-09,2.56600E-03,5.12010E-01,9.78182E-01
MTC_vo_07350_001041_fd,8.89497E+00,7.35000E-06,2.46240E+00,1.75160E+00,4.75036E-10,4.70273E-15,1.89506E-05,7.11339E-01,8.96987E-01
MTC_vo_07350_020201_g1,1.72691E+02,7.35000E-06,2.02930E+00,1.03593E+00,3.01780E-07,3.45310E-11,7.23800E-04,5.10484E-01,9.74981E-01
MTC_vo_07350_037232_g1,3.18277E+02,7.35000E-06,2.01949E+00,1.03135E+00,1.02510E-06,2.16180E-10,1.33400E-03,5.10699E-01,9.77152E-01
MTC_vo_07350_005938_g2,5.07633E+01,7.35000E-06,2.06719E+00,1.06526E+00,1.52040E-08,8.77100E-13,1.07500E-04,5.15315E-01,9.56434E-01
MTC_vo_07350_005380_g2,4.59940E+01,7.35000E-06,2.07469E+00,1.07272E+00,1.24810E-08,6.52380E-13,9.74000E-05,5.17052E-01,9.54986E-01
MTC_vo_07350_001999_fd,1.70866E+01,7.35000E-06,2.20999E+00,1.29963E+00,1.75570E-09,3.33401E-14,3.64974E-05,5.88069E-01,9.28929E-01
MTC_vo_07350_000148_fd,1.26426E+00,7.35000E-06,2.30074E-01,1.12226E-01,9.59254E-12,1.34951E-17,2.69051E-06,4.87782E-01,3.79118E-01
MTC_vo_07350_014360_g2,1.22759E+02,7.35000E-06,2.03678E+00,1.04005E+00,1.15290E-07,1.24040E-11,3.54200E-04,5.10635E-01,9.61195E-01
MTC_vo_07350_027910_g1,2.38588E+02,7.35000E-06,2.02362E+00,1.03263E+00,5.76030E-07,9.10640E-11,1.00000E-03,5.10289E-01,9.76362E-01
MTC_vo_07350_000389_fd,3.32424E+00,7.35000E-06,1.34976E+00,1.01856E+00,6.63342E-11,2.45394E-16,7.13571E-06,7.54623E-01,8.12053E-01
MTC_vo_07350_001440_fd,1.23121E+01,7.35000E-06,2.32286E+00,1.49558E+00,9.10196E-10,1.24727E-14,2.63202E-05,6.43850E-01,9.08958E-01
MTC_vo_07350_000077_fd,6.55591E-01,7.35000E-06,7.06250E-02,1.27388E-02,2.57900E-12,1.88137E-18,1.40375E-06,1.80372E-01,1.07695E-01
MTC_vo_11000_005380_g2,3.07323E+01,1.10000E-05,1.93189E+00,9.43677E-01,1.24970E-08,6.52380E-13,9.74000E-05,4.88475E-01,9.61528E-01
MTC_vo_11000_005938_g2,3.39191E+01,1.10000E-05,1.93827E+00,9.52025E-01,1.52230E-08,8.77100E-13,1.07500E-04,4.91174E-01,9.62773E-01
MTC_vo_11000_037232_g1,2.12667E+02,1.10000E-05,1.99459E+00,1.01510E+00,1.02570E-06,2.16180E-10,1.33400E-03,5.08927E-01,9.78114E-01
MTC_vo_11000_001999_fd,1.14170E+01,1.10000E-05,1.75447E+00,7.69785E-01,1.75299E-09,3.33403E-14,3.64147E-05,4.38757E-01,9.52250E-01
MTC_vo_11000_000389_fd,2.22119E+00,1.10000E-05,8.83228E-01,1.72179E-01,6.63310E-11,2.45393E-16,7.17789E-06,1.94943E-01,7.08657E-01
MTC_vo_11000_002776_fd,1.58581E+01,1.10000E-05,1.84390E+00,8.53119E-01,3.38666E-09,8.93533E-14,5.07704E-05,4.62671E-01,9.60584E-01
MTC_vo_11000_014360_g2,8.20255E+01,1.10000E-05,1.97298E+00,9.87786E-01,1.15720E-07,1.24040E-11,3.54200E-04,5.00658E-01,9.68695E-01
MTC_vo_11000_000148_fd,8.44757E-01,1.10000E-05,3.86704E-01,1.85716E-02,9.59231E-12,1.34950E-17,2.62606E-06,4.80253E-02,1.75204E-01
MTC_vo_11000_001440_fd,8.22668E+00,1.10000E-05,1.68863E+00,6.98721E-01,9.10159E-10,1.24723E-14,2.62606E-05,4.13779E-01,9.40558E-01
MTC_vo_11000_000077_fd,4.38065E-01,1.10000E-05,2.03274E-01,1.89859E-03,2.57354E-12,1.88151E-18,1.40056E-06,9.34007E-03,4.90500E-02
MTC_vo_11000_000104_fd,5.94480E-01,1.10000E-05,2.75663E-01,5.80080E-03,4.74869E-12,4.70266E-18,1.92577E-06,2.10431E-02,8.54330E-02
MTC_vo_11000_000203_fd,1.15759E+00,1.10000E-05,5.16498E-01,4.47670E-02,1.80137E-11,3.47287E-17,3.67648E-06,8.66742E-02,3.29002E-01
MTC_vo_11000_018632_g2,1.06428E+02,1.10000E-05,1.97621E+00,9.90315E-01,2.28120E-07,2.70950E-11,5.93300E-04,5.01118E-01,9.70287E-01
MTC_vo_11000_020201_g2,1.15389E+02,1.10000E-05,1.97506E+00,9.90609E-01,3.02250E-07,3.45310E-11,7.23800E-04,5.01558E-01,9.70562E-01
MTC_vo_11000_016611_g2,9.48845E+01,1.10000E-05,1.97391E+00,9.89524E-01,1.74670E-07,1.92000E-11,4.69800E-04,5.01302E-01,9.69696E-01
MTC_vo_11000_003883_g2,2.21814E+01,1.10000E-05,1.90399E+00,9.08866E-01,6.51030E-09,2.45290E-13,7.03000E-05,4.77349E-01,9.56181E-01
MTC_vo_11000_000055_fd,3.12897E-01,1.10000E-05,1.45173E-01,5.39287E-04,1.30827E-12,6.85570E-19,1.05042E-06,3.71478E-03,2.27740E-02
MTC_vo_11000_027910_g2,1.59421E+02,1.10000E-05,1.98204E+00,1.00033E+00,5.76940E-07,9.10650E-11,1.00000E-03,5.04700E-01,9.72561E-01
MTC_vo_11000_051633_g1,2.94928E+02,1.10000E-05,1.99565E+00,1.01819E+00,1.97260E-06,5.76590E-10,1.85000E-03,5.10202E-01,9.78858E-01
MTC_vo_11000_012061_g2,6.88908E+01,1.10000E-05,1.96517E+00,9.79437E-01,7.86580E-08,7.34850E-12,2.81100E-04,4.98399E-01,9.68015E-01
MTC_vo_11000_009333_g2,5.33085E+01,1.10000E-05,1.96326E+00,9.77416E-01,4.04650E-08,3.40490E-12,1.87300E-04,4.97854E-01,9.65821E-01
MTC_vo_11000_000542_fd,3.09707E+00,1.10000E-05,1.10543E+00,2.87005E-01,1.28968E-10,6.65270E-16,9.97901E-06,2.59631E-01,8.08160E-01
MTC_vo_11000_000279_fd,1.59555E+00,1.10000E-05,6.81325E-01,9.20370E-02,3.42248E-11,9.09485E-17,5.07704E-06,1.35085E-01,5.44343E-01
MTC_vo_11000_001041_fd,5.94345E+00,1.10000E-05,1.52382E+00,5.65937E-01,4.75037E-10,4.70272E-15,1.90827E-05,3.71394E-01,9.17631E-01
MTC_vo_11000_071617_g1,4.09075E+02,1.10000E-05,1.99650E+00,1.02075E+00,3.79500E-06,1.53860E-09,2.56600E-03,5.11268E-01,9.79399E-01
MTC_vo_11000_000750_fd,4.28570E+00,1.10000E-05,1.32338E+00,4.21839E-01,2.46977E-10,1.76301E-15,1.36555E-05,3.18758E-01,8.77872E-01
MTC_vo_09450_051633_g1,3.43303E+02,9.45000E-06,2.01891E+00,1.02769E+00,1.97140E-06,5.76590E-10,1.85000E-03,5.09031E-01,9.84160E-01
MTC_vo_09450_012061_g2,8.01903E+01,9.45000E-06,2.05387E+00,1.06640E+00,7.84100E-08,7.34850E-12,2.81100E-04,5.19216E-01,9.61803E-01
MTC_vo_09450_009333_g2,6.20522E+01,9.45000E-06,2.05684E+00,1.06535E+00,4.04210E-08,3.40490E-12,1.87300E-04,5.17956E-01,9.59266E-01
MTC_vo_09450_000279_fd,1.85726E+00,9.45000E-06,3.21438E-01,1.76478E-01,3.42252E-11,9.09485E-17,5.11365E-06,5.49025E-01,6.18509E-01
MTC_vo_09450_000542_fd,3.60502E+00,9.45000E-06,1.01740E+00,7.26036E-01,1.28964E-10,6.65255E-16,9.92649E-06,7.13622E-01,8.34416E-01
MTC_vo_09450_001041_fd,6.91832E+00,9.45000E-06,2.14670E+00,1.63598E+00,4.75007E-10,4.70275E-15,1.89506E-05,7.62088E-01,9.16670E-01
MTC_vo_09450_000750_fd,4.98864E+00,9.45000E-06,1.58480E+00,1.19169E+00,2.46982E-10,1.76300E-15,1.36865E-05,7.51946E-01,8.88409E-01
MTC_vo_09450_071617_g1,4.76172E+02,9.45000E-06,2.01520E+00,1.02597E+00,3.79270E-06,1.53860E-09,2.56600E-03,5.09117E-01,9.84790E-01
MTC_vo_09450_018632_g2,1.23885E+02,9.45000E-06,2.03866E+00,1.04709E+00,2.28150E-07,2.70950E-11,5.93300E-04,5.13619E-01,9.64493E-01
MTC_vo_09450_020201_g2,1.34315E+02,9.45000E-06,2.03565E+00,1.04850E+00,3.01920E-07,3.45310E-11,7.23800E-04,5.15068E-01,9.64253E-01
MTC_vo_09450_000203_fd,1.34747E+00,9.45000E-06,1.81956E-01,7.62659E-02,1.80137E-11,3.47288E-17,3.76004E-06,4.19145E-01,4.18876E-01
MTC_vo_09450_000104_fd,6.91991E-01,9.45000E-06,6.10809E-02,8.86577E-03,4.75007E-12,4.70275E-18,1.95522E-06,1.45148E-01,1.21475E-01
MTC_vo_09450_003883_g2,2.58200E+01,9.45000E-06,2.11389E+00,1.17187E+00,6.49220E-09,2.45300E-13,7.03010E-05,5.54365E-01,9.37880E-01
MTC_vo_09450_000055_fd,3.64228E-01,9.45000E-06,2.75024E-02,7.93411E-04,1.31070E-12,6.85621E-19,1.05281E-06,2.88488E-02,6.10842E-02
MTC_vo_09450_001440_fd,9.57614E+00,9.45000E-06,2.38042E+00,1.74715E+00,9.10301E-10,1.24728E-14,2.63202E-05,7.33968E-01,9.27635E-01
MTC_vo_09450_016612_g2,1.10448E+02,9.45000E-06,2.03985E+00,1.04910E+00,1.74030E-07,1.92000E-11,4.69800E-04,5.14299E-01,9.64352E-01
MTC_vo_09450_000077_fd,5.09900E-01,9.45000E-06,4.08107E-02,2.88667E-03,2.57584E-12,1.88133E-18,1.35361E-06,7.07333E-02,7.47445E-02
MTC_vo_09450_037232_g1,2.47549E+02,9.45000E-06,2.02352E+00,1.03097E+00,1.02510E-06,2.16180E-10,1.33400E-03,5.09496E-01,9.83187E-01
MTC_vo_09450_005938_g2,3.94823E+01,9.45000E-06,2.05525E+00,1.07624E+00,1.52040E-08,8.77080E-13,1.07500E-04,5.23652E-01,9.54881E-01
MTC_vo_09450_005380_g2,3.57731E+01,9.45000E-06,2.04693E+00,1.07406E+00,1.24810E-08,6.52380E-13,9.74000E-05,5.24717E-01,9.50971E-01
MTC_vo_09450_001999_fd,1.32896E+01,9.45000E-06,2.33461E+00,1.58007E+00,1.75362E-09,3.33400E-14,3.65475E-05,6.76801E-01,9.33174E-01
MTC_vo_09450_000148_fd,9.83320E-01,9.45000E-06,1.05294E-01,2.98885E-02,9.59246E-12,1.34952E-17,2.70723E-06,2.83856E-01,2.38926E-01
MTC_vo_09450_000389_fd,2.58552E+00,9.45000E-06,5.86709E-01,3.84225E-01,6.63321E-11,2.45395E-16,7.06887E-06,6.54882E-01,7.42497E-01
MTC_vo_09450_002776_fd,1.84592E+01,9.45000E-06,2.22948E+00,1.37488E+00,3.38890E-09,8.93547E-14,5.06853E-05,6.16680E-01,9.43810E-01
MTC_vo_09450_014360_g2,9.54794E+01,9.45000E-06,2.04271E+00,1.05138E+00,1.15670E-07,1.24040E-11,3.54200E-04,5.14697E-01,9.63193E-01
MTC_vo_09450_027910_g1,1.85569E+02,9.45000E-06,2.02850E+00,1.03644E+00,5.76030E-07,9.10640E-11,1.00000E-03,5.10942E-01,9.81838E-01
MTC_vo_00520_000055_fd,6.61918E+00,5.20000E-07,2.73832E+00,2.73832E+00,1.31472E-12,6.85636E-19,1.00140E-06,1.00000E+00,8.64234E-01
MTC_vo_00520_014360_g1,1.73515E+03,5.20000E-07,2.00698E+00,2.00682E+00,1.15390E-07,1.24040E-11,3.54200E-04,9.99917E-01,7.39059E-01
MTC_vo_00520_000392_g2,4.73901E+01,5.20000E-07,2.07710E+00,2.07703E+00,6.62590E-11,2.52700E-16,7.10000E-06,9.99968E-01,7.66895E-01
MTC_vo_00520_005380_g1,6.50107E+02,5.20000E-07,2.01344E+00,2.01329E+00,1.25050E-08,6.52380E-13,9.74000E-05,9.99928E-01,7.61303E-01
MTC_vo_00520_002016_g2,2.43623E+02,5.20000E-07,2.02840E+00,2.02829E+00,1.75230E-09,3.43320E-14,3.65000E-05,9.99950E-01,7.42085E-01
MTC_vo_00520_005938_g1,7.17520E+02,5.20000E-07,2.01258E+00,2.01244E+00,1.52320E-08,8.77100E-13,1.07500E-04,9.99927E-01,7.61331E-01
MTC_vo_00520_000203_fd,2.44877E+01,5.20000E-07,2.06210E+00,2.06210E+00,1.80476E-11,3.47293E-17,3.69940E-06,1.00000E+00,7.62749E-01
MTC_vo_00520_000104_fd,1.25758E+01,5.20000E-07,2.39427E+00,2.39427E+00,4.74621E-12,4.70295E-18,1.90349E-06,1.00000E+00,8.03210E-01
MTC_vo_00520_071617_g1,8.65350E+03,5.20000E-07,2.00239E+00,2.00192E+00,3.79560E-06,1.53860E-09,2.56600E-03,9.99763E-01,7.22417E-01
MTC_vo_00520_000757_g2,9.14431E+01,5.20000E-07,2.04149E+00,2.04139E+00,2.46660E-10,1.81550E-15,1.37000E-05,9.99953E-01,7.37797E-01
MTC_vo_00520_000279_fd,3.37522E+01,5.20000E-07,2.09286E+00,2.09286E+00,3.43004E-11,9.09496E-17,5.09805E-06,1.00000E+00,7.64551E-01
MTC_vo_00520_051633_g1,6.23887E+03,5.20000E-07,2.00298E+00,2.00251E+00,1.97290E-06,5.76590E-10,1.85000E-03,9.99768E-01,7.22375E-01
MTC_vo_00520_000148_fd,1.78700E+01,5.20000E-07,2.27538E+00,2.27538E+00,9.59999E-12,1.34953E-17,2.69799E-06,1.00000E+00,7.87054E-01
MTC_vo_00520_027910_g1,3.37235E+03,5.20000E-07,2.00448E+00,2.00403E+00,5.76460E-07,9.10640E-11,1.00000E-03,9.99775E-01,7.22269E-01
MTC_vo_00520_000547_g2,6.60784E+01,5.20000E-07,2.05608E+00,2.05600E+00,1.28820E-10,6.85050E-16,9.90000E-06,9.99964E-01,7.50573E-01
MTC_vo_00520_001050_g2,1.26817E+02,5.20000E-07,2.04166E+00,2.04151E+00,4.74410E-10,4.84260E-15,1.90000E-05,9.99929E-01,7.34978E-01
MTC_vo_00520_003883_g1,4.69222E+02,5.20000E-07,2.01670E+00,2.01656E+00,6.51420E-09,2.45290E-13,7.03000E-05,9.99931E-01,7.61187E-01
MTC_vo_00520_016611_g1,2.00717E+03,5.20000E-07,2.00634E+00,2.00611E+00,1.74220E-07,1.92000E-11,4.69800E-04,9.99886E-01,7.30607E-01
MTC_vo_00520_037232_g1,4.49872E+03,5.20000E-07,2.00370E+00,2.00325E+00,1.02580E-06,2.16180E-10,1.33400E-03,9.99774E-01,7.22406E-01
MTC_vo_00520_018632_g1,2.25137E+03,5.20000E-07,2.00587E+00,2.00552E+00,2.27770E-07,2.70950E-11,5.93300E-04,9.99826E-01,7.23804E-01
MTC_vo_00520_020201_g1,2.44092E+03,5.20000E-07,2.00556E+00,2.00510E+00,3.02000E-07,3.45310E-11,7.23800E-04,9.99771E-01,7.22383E-01
MTC_vo_00520_000077_fd,9.26649E+00,5.20000E-07,2.64281E+00,2.64281E+00,2.57712E-12,1.88135E-18,1.39865E-06,1.00000E+00,8.33638E-01
MTC_vo_00520_002801_g1,3.38402E+02,5.20000E-07,2.02077E+00,2.02066E+00,3.38800E-09,9.20120E-14,5.07000E-05,9.99945E-01,7.61405E-01
MTC_vo_00520_012061_g1,1.45731E+03,5.20000E-07,2.00785E+00,2.00770E+00,7.86110E-08,7.34850E-12,2.81100E-04,9.99928E-01,7.41905E-01
MTC_vo_00520_001453_g2,1.75544E+02,5.20000E-07,2.02631E+00,2.02622E+00,9.09780E-10,1.28440E-14,2.63000E-05,9.99956E-01,7.39662E-01
MTC_vo_00520_009333_g1,1.12768E+03,5.20000E-07,2.00931E+00,2.00926E+00,4.04360E-08,3.40490E-12,1.87300E-04,9.99974E-01,7.46079E-01
MSC_vo_02248_m01_fd_0020,5.66041E+00,2.24750E-06,2.02396E+00,2.02083E+00,1.79649E-11,3.46324E-17,3.68432E-06,9.98457E-01,8.81911E-01
MSC_vo_02248_m02_g2_0932,2.60620E+02,2.24750E-06,2.02962E+00,1.89621E+00,4.03100E-08,3.39360E-12,1.87290E-04,9.34270E-01,8.09900E-01
MSC_vo_02248_m01_fd_0010,2.91016E+00,2.24750E-06,6.18894E-01,6.17429E-01,4.74797E-12,4.70550E-18,1.89581E-06,9.97634E-01,7.67700E-01
MSC_vo_02248_m01_fd_0028,7.79777E+00,2.24750E-06,2.64957E+00,2.64514E+00,3.40957E-11,9.05509E-17,5.11512E-06,9.98328E-01,8.93527E-01
MSC_vo_02248_m02_g2_0538,1.50440E+02,2.24750E-06,2.04764E+00,1.96110E+00,1.24990E-08,6.52720E-13,9.74020E-05,9.57740E-01,8.14200E-01
MSC_vo_02248_m01_fd_0075,2.09755E+01,2.24750E-06,2.25679E+00,2.24435E+00,2.47312E-10,1.76298E-15,1.36999E-05,9.94487E-01,8.33626E-01
MSC_vo_02248_m03_g1_2020,5.64593E+02,2.24750E-06,2.01757E+00,1.84381E+00,3.02810E-07,3.45020E-11,7.23800E-04,9.13874E-01,8.01000E-01
MSC_vo_02248_m02_g2_1435,4.01157E+02,2.24750E-06,2.02237E+00,1.85706E+00,1.15470E-07,1.23760E-11,3.54200E-04,9.18261E-01,8.11000E-01
MSC_vo_02248_m02_g2_0388,1.08563E+02,2.24750E-06,2.04275E+00,1.97905E+00,6.50910E-09,2.45290E-13,7.02880E-05,9.68818E-01,8.10300E-01
MSC_vo_02248_m01_fd_0005,1.53113E+00,2.24750E-06,1.22223E-01,1.21547E-01,1.31414E-12,6.85179E-19,1.00156E-06,9.94468E-01,4.98928E-01
MSC_vo_02248_m02_g2_0594,1.66020E+02,2.24750E-06,2.04624E+00,1.95147E+00,1.52220E-08,8.77240E-13,1.07490E-04,9.53686E-01,8.15400E-01
MSC_vo_02248_m01_fd_0015,4.13658E+00,2.24750E-06,1.25582E+00,1.25363E+00,9.59370E-12,1.35152E-17,2.68276E-06,9.98253E-01,8.48822E-01
MSC_vo_02248_m03_g1_2790,7.80038E+02,2.24750E-06,2.01417E+00,1.78676E+00,5.78000E-07,9.09880E-11,1.00000E-03,8.87094E-01,8.13500E-01
MSC_vo_02248_m03_g1_7160,2.00158E+03,2.24750E-06,2.00756E+00,1.55756E+00,3.80580E-06,1.53730E-09,2.56600E-03,7.75847E-01,8.67500E-01
MSC_vo_02248_m02_g2_0280,7.82867E+01,2.24750E-06,2.05880E+00,2.01227E+00,3.38480E-09,9.19810E-14,5.06860E-05,9.77402E-01,8.10600E-01
MSC_vo_02248_m01_fd_0104,2.91018E+01,2.24750E-06,2.04055E+00,2.02321E+00,4.76433E-10,4.70881E-15,1.89939E-05,9.91501E-01,8.11188E-01
MSC_vo_02248_m03_g1_1862,5.20665E+02,2.24750E-06,2.01855E+00,1.83870E+00,2.27690E-07,2.70590E-11,5.93300E-04,9.10900E-01,8.03800E-01
MSC_vo_02248_m03_g1_3722,1.04057E+03,2.24750E-06,2.01169E+00,1.72645E+00,1.02860E-06,2.16000E-10,1.33400E-03,8.58207E-01,8.27100E-01
MSC_vo_02248_m02_g2_0202,5.63529E+01,2.24750E-06,2.07777E+00,2.04396E+00,1.75390E-09,3.43070E-14,3.64850E-05,9.83727E-01,8.13700E-01
MSC_vo_02248_m02_g2_0145,4.06079E+01,2.24750E-06,2.10811E+00,2.08366E+00,9.10690E-10,1.28370E-14,2.62910E-05,9.88405E-01,8.16200E-01
MSC_vo_02248_m03_g1_5162,1.44307E+03,2.24750E-06,2.00940E+00,1.64693E+00,1.97820E-06,5.76100E-10,1.85000E-03,8.19611E-01,8.45800E-01
MSC_vo_02248_m01_fd_0054,1.51579E+01,2.24750E-06,2.36085E+00,2.35191E+00,1.28978E-10,6.65251E-16,9.90831E-06,9.96217E-01,8.47085E-01
MSC_vo_02248_m02_g2_1205,3.36989E+02,2.24750E-06,2.02329E+00,1.87722E+00,7.85170E-08,7.33640E-12,2.81120E-04,9.27806E-01,8.09700E-01
MSC_vo_02248_m01_fd_0008,2.14402E+00,2.24750E-06,2.96797E-01,2.95775E-01,2.57693E-12,1.88147E-18,1.39503E-06,9.96556E-01,6.71528E-01
MSC_vo_02248_m01_fd_0039,1.08902E+01,2.24750E-06,2.61219E+00,2.60586E+00,6.65057E-11,2.46679E-16,7.08247E-06,9.97579E-01,8.71754E-01
MSC_vo_02248_m02_g2_1660,4.64194E+02,2.24750E-06,2.01932E+00,1.85199E+00,1.74580E-07,1.91750E-11,4.69800E-04,9.17134E-01,8.07100E-01
MSC_vo_01065_m01_fd_0054,3.19970E+01,1.06500E-06,2.01532E+00,2.01512E+00,1.29308E-10,6.65803E-16,9.89880E-06,9.99905E-01,7.65134E-01
MSC_vo_01065_m03_g1_5162,3.04536E+03,1.06500E-06,2.00522E+00,1.99423E+00,1.97820E-06,5.76110E-10,1.85000E-03,9.94518E-01,7.32500E-01
MSC_vo_01065_m02_g2_0145,8.57448E+01,1.06500E-06,2.06413E+00,2.06352E+00,9.11750E-10,1.28590E-14,2.63060E-05,9.99702E-01,7.66100E-01
MSC_vo_01065_m01_fd_0008,4.52083E+00,1.06500E-06,1.85626E+00,1.85623E+00,2.57266E-12,1.87680E-18,1.40685E-06,9.99987E-01,8.53890E-01
MSC_vo_01065_m01_fd_0039,2.29420E+01,1.06500E-06,2.11407E+00,2.11393E+00,6.64444E-11,2.45398E-16,7.10205E-06,9.99936E-01,7.78866E-01
MSC_vo_01065_m03_g1_0932,5.50016E+02,1.06500E-06,2.01635E+00,2.01317E+00,4.03280E-08,3.39400E-12,1.87300E-04,9.98425E-01,7.54900E-01
MSC_vo_01065_m03_g1_3722,2.19595E+03,1.06500E-06,2.00649E+00,1.99840E+00,1.02860E-06,2.16000E-10,1.33400E-03,9.95968E-01,7.31900E-01
MSC_vo_01065_m02_g2_0202,1.18950E+02,1.06500E-06,2.04107E+00,2.04024E+00,1.75200E-09,3.43300E-14,3.64930E-05,9.99593E-01,7.62500E-01
MSC_vo_01065_m02_g2_0280,1.65247E+02,1.06500E-06,2.03264E+00,2.03129E+00,3.38630E-09,9.20420E-14,5.06970E-05,9.99338E-01,7.65800E-01
MSC_vo_01065_m03_g1_7160,4.22400E+03,1.06500E-06,2.00420E+00,1.98911E+00,3.80580E-06,1.53730E-09,2.56600E-03,9.92469E-01,7.33600E-01
MSC_vo_01065_m03_g1_1435,8.46596E+02,1.06500E-06,2.01226E+00,2.00818E+00,1.15300E-07,1.23770E-11,3.54200E-04,9.97972E-01,7.48100E-01
MSC_vo_01065_m02_g2_0076,4.46409E+01,1.06500E-06,2.10640E+00,2.10603E+00,2.46750E-10,1.81460E-15,1.36960E-05,9.99825E-01,7.81800E-01
MSC_vo_01065_m03_g1_1862,1.09877E+03,1.06500E-06,2.01030E+00,2.00562E+00,2.27690E-07,2.70590E-11,5.93300E-04,9.97670E-01,7.33000E-01
MSC_vo_01065_m01_fd_0015,8.72036E+00,1.06500E-06,2.71441E+00,2.71436E+00,9.57353E-12,1.34726E-17,2.69505E-06,9.99982E-01,8.52390E-01
MSC_vo_01065_m02_g2_0594,3.50384E+02,1.06500E-06,2.02088E+00,2.01841E+00,1.52250E-08,8.77440E-13,1.07500E-04,9.98779E-01,7.69300E-01
MSC_vo_01065_m03_g1_2790,1.64614E+03,1.06500E-06,2.00787E+00,2.00168E+00,5.78000E-07,9.09880E-11,1.00000E-03,9.96918E-01,7.31300E-01
MSC_vo_01065_m02_g2_0105,6.19333E+01,1.06500E-06,2.05680E+00,2.05630E+00,4.74950E-10,4.84570E-15,1.90010E-05,9.99760E-01,7.70800E-01
MSC_vo_01065_m02_g2_0388,2.29113E+02,1.06500E-06,2.02581E+00,2.02415E+00,6.50970E-09,2.45320E-13,7.02920E-05,9.99183E-01,7.67200E-01
MSC_vo_01065_m01_fd_0005,3.23089E+00,1.06500E-06,1.03829E+00,1.03828E+00,1.31390E-12,6.84993E-19,1.00005E-06,9.99985E-01,7.92994E-01
MSC_vo_01065_m03_g1_1205,7.11118E+02,1.06500E-06,2.01377E+00,2.01019E+00,7.84920E-08,7.33520E-12,2.81100E-04,9.98223E-01,7.51000E-01
MSC_vo_01065_m03_g1_1660,9.79585E+02,1.06500E-06,2.01112E+00,2.00694E+00,1.74340E-07,1.91740E-11,4.69800E-04,9.97920E-01,7.40400E-01
MSC_vo_01065_m03_g1_2020,1.19148E+03,1.06500E-06,2.00976E+00,2.00518E+00,3.02810E-07,3.45020E-11,7.23800E-04,9.97719E-01,7.30800E-01
MSC_vo_01065_m01_fd_0020,1.19497E+01,1.06500E-06,2.43305E+00,2.43298E+00,1.79783E-11,3.46709E-17,3.69510E-06,9.99972E-01,8.18446E-01
MSC_vo_01065_m01_fd_0010,6.14599E+00,1.06500E-06,2.56940E+00,2.56936E+00,4.75507E-12,4.71605E-18,1.89840E-06,9.99987E-01,8.70100E-01
MSC_vo_01065_m01_fd_0028,1.64798E+01,1.06500E-06,2.30464E+00,2.30455E+00,3.42397E-11,9.09471E-17,5.10195E-06,9.99958E-01,8.02697E-01
MSC_vo_01065_m02_g2_0538,3.17456E+02,1.06500E-06,2.02268E+00,2.02041E+00,1.24980E-08,6.52580E-13,9.73950E-05,9.98880E-01,7.69200E-01
MTC_vo_08750_016611_g2,1.19283E+02,8.75000E-06,2.04353E+00,1.05961E+00,1.74030E-07,1.92000E-11,4.69800E-04,5.18521E-01,9.62532E-01
MTC_vo_08750_020201_g2,1.45060E+02,8.75000E-06,2.03637E+00,1.05521E+00,3.01920E-07,3.45310E-11,7.23800E-04,5.18181E-01,9.62620E-01
MTC_vo_08750_000104_fd,7.47349E-01,8.75000E-06,6.68751E-02,1.55964E-02,4.75017E-12,4.70271E-18,1.94965E-06,2.33217E-01,1.39869E-01
MTC_vo_08750_000203_fd,1.45526E+00,8.75000E-06,2.32523E-01,1.25712E-01,1.80139E-11,3.47287E-17,3.76004E-06,5.40642E-01,4.71903E-01
MTC_vo_08750_018633_g2,1.33796E+02,8.75000E-06,2.03982E+00,1.05490E+00,2.28150E-07,2.70950E-11,5.93300E-04,5.17154E-01,9.62862E-01
MTC_vo_08750_000055_fd,3.93365E-01,8.75000E-06,2.79298E-02,1.39398E-03,1.31150E-12,6.85617E-19,1.01660E-05,4.99101E-02,5.95986E-02
MTC_vo_08750_003883_g2,2.78855E+01,8.75000E-06,2.06228E+00,1.13017E+00,6.49210E-09,2.45300E-13,7.03000E-05,5.48019E-01,9.34325E-01
MTC_vo_08750_009333_g2,6.70164E+01,8.75000E-06,2.06107E+00,1.07813E+00,4.04210E-08,3.40490E-12,1.87300E-04,5.23094E-01,9.57424E-01
MTC_vo_08750_012061_g2,8.66056E+01,8.75000E-06,2.04994E+00,1.06988E+00,7.84100E-08,7.34850E-12,2.81100E-04,5.21906E-01,9.59702E-01
MTC_vo_08750_051633_g1,3.70767E+02,8.75000E-06,2.01927E+00,1.03353E+00,1.97140E-06,5.76590E-10,1.85000E-03,5.11831E-01,9.81130E-01
MTC_vo_08750_000750_fd,5.38772E+00,8.75000E-06,2.02660E+00,1.61588E+00,2.46967E-10,1.76300E-15,1.36475E-05,7.97335E-01,8.87265E-01
MTC_vo_08750_071617_g1,5.14265E+02,8.75000E-06,2.01550E+00,1.03148E+00,3.79270E-06,1.53860E-09,2.56600E-03,5.11774E-01,9.81710E-01
MTC_vo_08750_001041_fd,7.47182E+00,8.75000E-06,2.45672E+00,1.92275E+00,4.75080E-10,4.70281E-15,1.89812E-04,7.82649E-01,9.06299E-01
MTC_vo_08750_000279_fd,2.00584E+00,8.75000E-06,4.35422E-01,2.87855E-01,3.42252E-11,9.09483E-17,5.15264E-06,6.61094E-01,6.53716E-01
MTC_vo_08750_002801_g2,2.01110E+01,8.75000E-06,2.18959E+00,1.30618E+00,3.37870E-09,9.20150E-14,5.07010E-05,5.96538E-01,9.18617E-01
MTC_vo_08750_000542_fd,3.89343E+00,8.75000E-06,1.38225E+00,1.07509E+00,1.28966E-10,6.65257E-16,9.88750E-06,7.77783E-01,8.46556E-01
MTC_vo_08750_037232_g1,2.67352E+02,8.75000E-06,2.02397E+00,1.03713E+00,1.02510E-06,2.16180E-10,1.33400E-03,5.12426E-01,9.80224E-01
MTC_vo_08750_005938_g2,4.26409E+01,8.75000E-06,2.09839E+00,1.12955E+00,1.52040E-08,8.77080E-13,1.07500E-04,5.38295E-01,9.54477E-01
MTC_vo_08750_005380_g2,3.86349E+01,8.75000E-06,2.09278E+00,1.13014E+00,1.24810E-08,6.52380E-13,9.74000E-05,5.40017E-01,9.51118E-01
MTC_vo_08750_000148_fd,1.06198E+00,8.75000E-06,1.28965E-01,5.10817E-02,9.59252E-12,1.34951E-17,2.64595E-06,3.96088E-01,2.74758E-01
MTC_vo_08750_027910_g1,2.00414E+02,8.75000E-06,2.02904E+00,1.04285E+00,5.76030E-07,9.10640E-11,1.00000E-03,5.13962E-01,9.78945E-01
MTC_vo_08750_014360_g2,1.03118E+02,8.75000E-06,2.04797E+00,1.06424E+00,1.15670E-07,1.24040E-11,3.54200E-04,5.19658E-01,9.61397E-01
MTC_vo_08750_000389_fd,2.79237E+00,8.75000E-06,8.12391E-01,6.01620E-01,6.63340E-11,2.45396E-16,7.10229E-05,7.40555E-01,7.64787E-01
MTC_vo_08750_001999_fd,1.43528E+01,8.75000E-06,2.29771E+00,1.52122E+00,1.75436E-09,3.33403E-14,3.64863E-05,6.62057E-01,9.18113E-01
MTC_vo_08750_001440_fd,1.03422E+01,8.75000E-06,2.43794E+00,1.77857E+00,9.10196E-10,1.24727E-14,2.63202E-05,7.29536E-01,9.09235E-01
MTC_vo_08750_000077_fd,5.50695E-01,8.75000E-06,4.30046E-02,5.07766E-03,2.57780E-12,1.88136E-18,1.39261E-06,1.18072E-01,8.14864E-02
MTC_vo_02230_018632_g1,5.24983E+02,2.23000E-06,2.01806E+00,1.83141E+00,2.27780E-07,2.70950E-11,5.93300E-04,9.07509E-01,8.03324E-01
MTC_vo_02230_020201_g1,5.69183E+02,2.23000E-06,2.01712E+00,1.83700E+00,3.01750E-07,3.45310E-11,7.23800E-04,9.10706E-01,8.00856E-01
MTC_vo_02230_005938_g2,1.67314E+02,2.23000E-06,2.04126E+00,1.94271E+00,1.51900E-08,8.77100E-13,1.07500E-04,9.51723E-01,7.96183E-01
MTC_vo_02230_016611_g1,4.68040E+02,2.23000E-06,2.01950E+00,1.84468E+00,1.74250E-07,1.92000E-11,4.69800E-04,9.13432E-01,8.07512E-01
MTC_vo_02230_037232_g1,1.04903E+03,2.23000E-06,2.01139E+00,1.71502E+00,1.02500E-06,2.16180E-10,1.33400E-03,8.52657E-01,8.28343E-01
MTC_vo_02230_005380_g2,1.51594E+02,2.23000E-06,2.04404E+00,1.95399E+00,1.24670E-08,6.52380E-13,9.74000E-05,9.55947E-01,7.87403E-01
MTC_vo_02230_000148_fd,4.16702E+00,2.23000E-06,1.28543E+00,1.28311E+00,9.58434E-12,1.34956E-17,2.69736E-06,9.98191E-01,8.50000E-01
MTC_vo_02230_000389_fd,1.09566E+01,2.23000E-06,2.60222E+00,2.59553E+00,6.62807E-11,2.45397E-16,7.09831E-06,9.97429E-01,8.69694E-01
MTC_vo_02230_027910_g1,7.86378E+02,2.23000E-06,2.01380E+00,1.77764E+00,5.75980E-07,9.10640E-11,1.00000E-03,8.82728E-01,8.14031E-01
MTC_vo_02230_012061_g1,3.39820E+02,2.23000E-06,2.02414E+00,1.87226E+00,7.86200E-08,7.34850E-12,2.81100E-04,9.24966E-01,8.11657E-01
MTC_vo_02230_001453_g2,4.09340E+01,2.23000E-06,2.11669E+00,2.09149E+00,9.09150E-10,1.28440E-14,2.63000E-05,9.88094E-01,8.04175E-01
MTC_vo_02230_000077_fd,2.16080E+00,2.23000E-06,3.06598E-01,3.05514E-01,2.57670E-12,1.88138E-18,1.38417E-06,9.96464E-01,6.74400E-01
MTC_vo_02230_000104_fd,2.93246E+00,2.23000E-06,6.37245E-01,6.35692E-01,4.74587E-12,4.70287E-18,1.91654E-06,9.97563E-01,7.69873E-01
MTC_vo_02230_000203_fd,5.71016E+00,2.23000E-06,2.06116E+00,2.05785E+00,1.79981E-11,3.47296E-17,3.69112E-06,9.98392E-01,8.82047E-01
MTC_vo_02230_002016_g2,5.68089E+01,2.23000E-06,2.07781E+00,2.04302E+00,1.75110E-09,3.43320E-14,3.65000E-05,9.83257E-01,7.92445E-01
MTC_vo_02230_003883_g2,1.09415E+02,2.23000E-06,2.04531E+00,1.97933E+00,6.49470E-09,2.45290E-13,7.03000E-05,9.67741E-01,7.84046E-01
MTC_vo_02230_000055_fd,1.54348E+00,2.23000E-06,1.26321E-01,1.25604E-01,1.31464E-12,6.85632E-19,9.93763E-07,9.94325E-01,5.04327E-01
MTC_vo_02230_014360_g1,4.04610E+02,2.23000E-06,2.02149E+00,1.85018E+00,1.15400E-07,1.24040E-11,3.54200E-04,9.15256E-01,8.13242E-01
MTC_vo_02230_051633_g1,1.45480E+03,2.23000E-06,2.00916E+00,1.63361E+00,1.97290E-06,5.76590E-10,1.85000E-03,8.13082E-01,8.48029E-01
MTC_vo_02230_009333_g2,2.62957E+02,2.23000E-06,2.03033E+00,1.89226E+00,4.05220E-08,3.40490E-12,1.87300E-04,9.31995E-01,7.95895E-01
MTC_vo_02230_000279_fd,7.87044E+00,2.23000E-06,2.66832E+00,2.66362E+00,3.41952E-11,9.09481E-17,5.11078E-06,9.98237E-01,8.92576E-01
MTC_vo_02230_002801_g2,7.89099E+01,2.23000E-06,2.05597E+00,2.00795E+00,3.37810E-09,9.20120E-14,5.07000E-05,9.76647E-01,7.82460E-01
MTC_vo_02230_000542_fd,1.52770E+01,2.23000E-06,2.35850E+00,2.34903E+00,1.28986E-10,6.65272E-16,9.90214E-06,9.95985E-01,8.45380E-01
MTC_vo_02230_001041_fd,2.93175E+01,2.23000E-06,2.03593E+00,2.01757E+00,4.76076E-10,4.70273E-15,1.89880E-05,9.90984E-01,8.09618E-01
MTC_vo_02230_071617_g1,2.01786E+03,2.23000E-06,2.00736E+00,1.54247E+00,3.79560E-06,1.53860E-09,2.56600E-03,7.68405E-01,8.70288E-01
MTC_vo_02230_000750_fd,2.11402E+01,2.23000E-06,2.25037E+00,2.23718E+00,2.47346E-10,1.76301E-15,1.37281E-04,9.94140E-01,8.31686E-01
MTC_vo_06200_000148_fd,1.49877E+00,6.20000E-06,3.58724E-01,1.65289E-01,9.59232E-12,1.34953E-17,2.66425E-06,4.60768E-01,4.98692E-01
MTC_vo_06200_000389_fd,3.94081E+00,6.20000E-06,1.64341E+00,1.14286E+00,6.63301E-11,2.45391E-16,7.10468E-06,6.95417E-01,8.52849E-01
MTC_vo_06200_018633_g1,1.88825E+02,6.20000E-06,2.02818E+00,1.03392E+00,2.27740E-07,2.70950E-11,5.93300E-04,5.09777E-01,9.76300E-01
MTC_vo_06200_014360_g2,1.45529E+02,6.20000E-06,2.03343E+00,1.03811E+00,1.15640E-07,1.24040E-11,3.54200E-04,5.10521E-01,9.70505E-01
MTC_vo_06200_027910_g1,2.82842E+02,6.20000E-06,2.02153E+00,1.03246E+00,5.76360E-07,9.10640E-11,1.00000E-03,5.10730E-01,9.77518E-01
MTC_vo_06200_020201_g1,2.04722E+02,6.20000E-06,2.02671E+00,1.03381E+00,3.01950E-07,3.45310E-11,7.23800E-04,5.10095E-01,9.76621E-01
MTC_vo_06200_005938_g2,6.01789E+01,6.20000E-06,2.05845E+00,1.05585E+00,1.52240E-08,8.77090E-13,1.07500E-04,5.12934E-01,9.66292E-01
MTC_vo_06200_037232_g1,3.77312E+02,6.20000E-06,2.01777E+00,1.03178E+00,1.02570E-06,2.16180E-10,1.33400E-03,5.11346E-01,9.78090E-01
MTC_vo_06200_005380_g2,5.45251E+01,6.20000E-06,2.06355E+00,1.05873E+00,1.24970E-08,6.52380E-13,9.74000E-05,5.13063E-01,9.65660E-01
MTC_vo_06200_000077_fd,7.77192E-01,6.20000E-06,1.17523E-01,2.25511E-02,2.57900E-12,1.88137E-18,1.38146E-06,1.91887E-01,1.50746E-01
MTC_vo_06200_001440_fd,1.45959E+01,6.20000E-06,2.24020E+00,1.28812E+00,9.10858E-10,1.24727E-14,2.63465E-05,5.75000E-01,9.36924E-01
MTC_vo_06200_003883_g2,3.93541E+01,6.20000E-06,2.08756E+00,1.07662E+00,6.51030E-09,2.45290E-13,7.03000E-05,5.15731E-01,9.62887E-01
MTC_vo_06200_000055_fd,5.55163E-01,6.20000E-06,7.30597E-02,6.58609E-03,1.31514E-12,6.85658E-19,1.00650E-05,9.01467E-02,8.16276E-02
MTC_vo_06200_000203_fd,2.05380E+00,6.20000E-06,6.27437E-01,3.60987E-01,1.80139E-11,3.47287E-17,3.65101E-06,5.75336E-01,6.68524E-01
MTC_vo_06200_000104_fd,1.05473E+00,6.20000E-06,1.96805E-01,6.22697E-02,4.75020E-12,4.70276E-18,1.87485E-06,3.16403E-01,2.72755E-01
MTC_vo_06200_002016_g2,2.04331E+01,6.20000E-06,2.12257E+00,1.11890E+00,1.75500E-09,3.43330E-14,3.65000E-05,5.27146E-01,9.47612E-01
MTC_vo_06200_016611_g2,1.68343E+02,6.20000E-06,2.03089E+00,1.03716E+00,1.74670E-07,1.92000E-11,4.69800E-04,5.10693E-01,9.71517E-01
MTC_vo_06200_000279_fd,2.83082E+00,6.20000E-06,1.06115E+00,6.94152E-01,3.42243E-11,9.09484E-17,5.13116E-06,6.54148E-01,7.73955E-01
MTC_vo_06200_000542_fd,5.49473E+00,6.20000E-06,2.18828E+00,1.55352E+00,1.28967E-10,6.65247E-16,9.86761E-06,7.09928E-01,8.90601E-01
MTC_vo_06200_002801_g2,2.83820E+01,6.20000E-06,2.07101E+00,1.05891E+00,3.38610E-09,9.20110E-14,5.07000E-05,5.11301E-01,9.56092E-01
MTC_vo_06200_001041_fd,1.05448E+01,6.20000E-06,2.34086E+00,1.46563E+00,4.75023E-10,4.70265E-15,1.90445E-05,6.26108E-01,9.20761E-01
MTC_vo_06200_071617_g1,7.25778E+02,6.20000E-06,2.01149E+00,1.03094E+00,3.79490E-06,1.53860E-09,2.56600E-03,5.12525E-01,9.78892E-01
MTC_vo_06200_000750_fd,7.60370E+00,6.20000E-06,2.42077E+00,1.65331E+00,2.47000E-10,1.76304E-15,1.37160E-05,6.82967E-01,9.09414E-01
MTC_vo_06200_051633_g1,5.23260E+02,6.20000E-06,2.01429E+00,1.03127E+00,1.97260E-06,5.76590E-10,1.85000E-03,5.11978E-01,9.78557E-01
MTC_vo_06200_012061_g2,1.22226E+02,6.20000E-06,2.03811E+00,1.04180E+00,7.85550E-08,7.34850E-12,2.81100E-04,5.11161E-01,9.69988E-01
MTC_vo_06200_009333_g2,9.45796E+01,6.20000E-06,2.04519E+00,1.04554E+00,4.04650E-08,3.40490E-12,1.87300E-04,5.11219E-01,9.68304E-01
MTC_vo_00300_1_fd_000104,2.17977E+01,3.00000E-07,2.09120E+00,2.09120E+00,4.75757E-12,4.70273E-18,1.90031E-06,1.00000E+00,7.48315E-01
MTC_vo_00300_2_g2_000392,8.21417E+01,3.00000E-07,2.04617E+00,2.04606E+00,6.62470E-11,2.52690E-16,7.10000E-06,9.99946E-01,7.26779E-01
MTC_vo_00300_2_g2_000757,1.58498E+02,3.00000E-07,2.04038E+00,2.04029E+00,2.46870E-10,1.81540E-15,1.37000E-05,9.99960E-01,7.26786E-01
MTC_vo_00300_3_g1_002016,4.22280E+02,3.00000E-07,2.01848E+00,2.01833E+00,1.75600E-09,3.43320E-14,3.65000E-05,9.99926E-01,7.47377E-01
MTC_vo_00300_3_g1_051633,1.08140E+04,3.00000E-07,2.00213E+00,2.00167E+00,1.97290E-06,5.76590E-10,1.85000E-03,9.99772E-01,7.08065E-01
MTC_vo_00300_3_g1_003883,8.13318E+02,3.00000E-07,2.01194E+00,2.01178E+00,6.51420E-09,2.45290E-13,7.03000E-05,9.99920E-01,7.47599E-01
MTC_vo_00300_1_fd_000077,1.60620E+01,3.00000E-07,2.28972E+00,2.28972E+00,2.58048E-12,1.88140E-18,1.39897E-06,1.00000E+00,7.71750E-01
MTC_vo_00300_2_g2_000282,5.90036E+01,3.00000E-07,2.05732E+00,2.05723E+00,3.41870E-11,9.36550E-17,5.10000E-06,9.99957E-01,7.43735E-01
MTC_vo_00300_3_g1_005938,1.24370E+03,3.00000E-07,2.00899E+00,2.00883E+00,1.52320E-08,8.77100E-13,1.07500E-04,9.99918E-01,7.47682E-01
MTC_vo_00300_1_fd_000055,1.14733E+01,3.00000E-07,2.41680E+00,2.41680E+00,1.31472E-12,6.85636E-19,9.97901E-07,1.00000E+00,7.87652E-01
MTC_vo_00300_3_g1_071617,1.49994E+04,3.00000E-07,2.00171E+00,2.00125E+00,3.79560E-06,1.53860E-09,2.56600E-03,9.99772E-01,7.08091E-01
MTC_vo_00300_3_g1_009333,1.95465E+03,3.00000E-07,2.00665E+00,2.00659E+00,4.04360E-08,3.40490E-12,1.87300E-04,9.99971E-01,7.31161E-01
MTC_vo_00300_3_g1_002801,5.86564E+02,3.00000E-07,2.01484E+00,2.01469E+00,3.38820E-09,9.20120E-14,5.07000E-05,9.99923E-01,7.47506E-01
MTC_vo_00300_2_g2_000547,1.14536E+02,3.00000E-07,2.04922E+00,2.04908E+00,1.28800E-10,6.85060E-16,9.90000E-06,9.99933E-01,7.23128E-01
MTC_vo_00300_3_g1_012061,2.52600E+03,3.00000E-07,2.00561E+00,2.00547E+00,7.86110E-08,7.34850E-12,2.81100E-04,9.99930E-01,7.27391E-01
MTC_vo_00300_2_g2_001050,2.19816E+02,3.00000E-07,2.02645E+00,2.02636E+00,4.74830E-10,4.84260E-15,1.90000E-05,9.99954E-01,7.26862E-01
MTC_vo_00300_3_g1_027910,5.84541E+03,3.00000E-07,2.00321E+00,2.00275E+00,5.76460E-07,9.10640E-11,1.00000E-03,9.99773E-01,7.08057E-01
MTC_vo_00300_3_g1_016611,3.47910E+03,3.00000E-07,2.00453E+00,2.00431E+00,1.74220E-07,1.92000E-11,4.69800E-04,9.99889E-01,7.15966E-01
MTC_vo_00300_3_g1_018632,3.90238E+03,3.00000E-07,2.00420E+00,2.00384E+00,2.27770E-07,2.70950E-11,5.93300E-04,9.99824E-01,7.09311E-01
MTC_vo_00300_3_g1_020201,4.23093E+03,3.00000E-07,2.00398E+00,2.00351E+00,3.02000E-07,3.45310E-11,7.23800E-04,9.99769E-01,7.08044E-01
MTC_vo_00300_3_g1_005380,1.12685E+03,3.00000E-07,2.00961E+00,2.00944E+00,1.25050E-08,6.52380E-13,9.74000E-05,9.99918E-01,7.47666E-01
MTC_vo_00300_2_g2_000204,4.28068E+01,3.00000E-07,2.07626E+00,2.07622E+00,1.79940E-11,3.57630E-17,3.70000E-06,9.99980E-01,7.60894E-01
MTC_vo_00300_3_g1_037232,7.79778E+03,3.00000E-07,2.00265E+00,2.00219E+00,1.02580E-06,2.16180E-10,1.33400E-03,9.99773E-01,7.08068E-01
MTC_vo_00300_2_g2_001453,3.04276E+02,3.00000E-07,2.02048E+00,2.02038E+00,9.09780E-10,1.28440E-14,2.63000E-05,9.99949E-01,7.28578E-01
MTC_vo_00300_1_fd_000148,3.09746E+01,3.00000E-07,2.08638E+00,2.08638E+00,9.61380E-12,1.34952E-17,2.69768E-06,1.00000E+00,7.46809E-01
MTC_vo_00300_3_g1_014360,3.00760E+03,3.00000E-07,2.00499E+00,2.00482E+00,1.15390E-07,1.24040E-11,3.54200E-04,9.99914E-01,7.25041E-01
MTC_vo_06800_001440_fd,1.33080E+01,6.80000E-06,2.28213E+00,1.37403E+00,9.10567E-10,1.24727E-14,2.62988E-05,6.02084E-01,9.23463E-01
MTC_vo_06800_000077_fd,7.08614E-01,6.80000E-06,9.15939E-02,1.70502E-02,2.57901E-12,1.88135E-18,1.40693E-06,1.86150E-01,1.26119E-01
MTC_vo_06800_016612_g2,1.53490E+02,6.80000E-06,2.03088E+00,1.03343E+00,1.74670E-07,1.92000E-11,4.69800E-04,5.08855E-01,9.70280E-01
MTC_vo_06800_020201_g1,1.86659E+02,6.80000E-06,2.02670E+00,1.03071E+00,3.01950E-07,3.45310E-11,7.23800E-04,5.08565E-01,9.75333E-01
MTC_vo_06800_005380_g2,4.97138E+01,6.80000E-06,2.06504E+00,1.05364E+00,1.24970E-08,6.52370E-13,9.74000E-05,5.10226E-01,9.63733E-01
MTC_vo_06800_005938_g2,5.48692E+01,6.80000E-06,2.05844E+00,1.04912E+00,1.52230E-08,8.77100E-13,1.07500E-04,5.09666E-01,9.64469E-01
MTC_vo_06800_037232_g1,3.44020E+02,6.80000E-06,2.01776E+00,1.02942E+00,1.02570E-06,2.16180E-10,1.33400E-03,5.10180E-01,9.77053E-01
MTC_vo_06800_001999_fd,1.84686E+01,6.80000E-06,2.17314E+00,1.20267E+00,1.75641E-09,3.33403E-14,3.64719E-05,5.53426E-01,9.41250E-01
MTC_vo_06800_027910_g1,2.57886E+02,6.80000E-06,2.02153E+00,1.02965E+00,5.76370E-07,9.10640E-11,1.00000E-03,5.09344E-01,9.76393E-01
MTC_vo_06800_014360_g2,1.32688E+02,6.80000E-06,2.03343E+00,1.03398E+00,1.15640E-07,1.24040E-11,3.54200E-04,5.08493E-01,9.69210E-01
MTC_vo_06800_000389_fd,3.59312E+00,6.80000E-06,1.52800E+00,1.10747E+00,6.63342E-11,2.45395E-16,7.14287E-06,7.24784E-01,8.31356E-01
MTC_vo_06800_000148_fd,1.36652E+00,6.80000E-06,2.93794E-01,1.39502E-01,9.59226E-12,1.34951E-17,2.70563E-06,4.74828E-01,4.33768E-01
MTC_vo_06800_051633_g1,4.77090E+02,6.80000E-06,2.01429E+00,1.02947E+00,1.97260E-06,5.76590E-10,1.85000E-03,5.11085E-01,9.77581E-01
MTC_vo_06800_009333_g2,8.62343E+01,6.80000E-06,2.04566E+00,1.04027E+00,4.04650E-08,3.40490E-12,1.87300E-04,5.08525E-01,9.66770E-01
MTC_vo_06800_012061_g2,1.11441E+02,6.80000E-06,2.03879E+00,1.03816E+00,7.85540E-08,7.34850E-12,2.81100E-04,5.09202E-01,9.68591E-01
MTC_vo_06800_002801_g2,2.58780E+01,6.80000E-06,2.06073E+00,1.04895E+00,3.38620E-09,9.20140E-14,5.07000E-05,5.09020E-01,9.50864E-01
MTC_vo_06800_000542_fd,5.00996E+00,6.80000E-06,2.14301E+00,1.59264E+00,1.28967E-10,6.65272E-16,9.84851E-06,7.43178E-01,8.77384E-01
MTC_vo_06800_000279_fd,2.58105E+00,6.80000E-06,9.36216E-01,6.38265E-01,3.42250E-11,9.09492E-17,5.08659E-06,6.81750E-01,7.44799E-01
MTC_vo_06800_071617_g1,6.61739E+02,6.80000E-06,2.01149E+00,1.02962E+00,3.79490E-06,1.53860E-09,2.56600E-03,5.11870E-01,9.77956E-01
MTC_vo_06800_000750_fd,6.93274E+00,6.80000E-06,2.46017E+00,1.77436E+00,2.46987E-10,1.76300E-15,1.37446E-05,7.21234E-01,8.97741E-01
MTC_vo_06800_001041_fd,9.61445E+00,6.80000E-06,2.39815E+00,1.58922E+00,4.75064E-10,4.70278E-15,1.90477E-05,6.62685E-01,9.07313E-01
MTC_vo_06800_000104_fd,9.61665E-01,6.80000E-06,1.54945E-01,4.93309E-02,4.75009E-12,4.70276E-18,1.94806E-06,3.18376E-01,2.28568E-01
MTC_vo_06800_000203_fd,1.87259E+00,6.80000E-06,5.27949E-01,3.13614E-01,1.80139E-11,3.47294E-17,3.67966E-06,5.94024E-01,6.28650E-01
MTC_vo_06800_003883_g2,3.58817E+01,6.80000E-06,2.08999E+00,1.07462E+00,6.51030E-09,2.45290E-13,7.03000E-05,5.14175E-01,9.60086E-01
MTC_vo_06800_000055_fd,5.06171E-01,6.80000E-06,5.70861E-02,4.89850E-03,1.31418E-12,6.85628E-19,9.74028E-07,8.58090E-02,7.14501E-02
MTC_vo_06800_018633_g2,1.72164E+02,6.80000E-06,2.02824E+00,1.03059E+00,2.28120E-07,2.70950E-11,5.93300E-04,5.08120E-01,9.70928E-01
MTC_vo_00763_3_g1_009333,7.68537E+02,7.63000E-07,2.01297E+00,2.01275E+00,4.04360E-08,3.40490E-12,1.87300E-04,9.99891E-01,7.50740E-01
MTC_vo_00763_3_g1_071617,5.89754E+03,7.63000E-07,2.00333E+00,2.00205E+00,3.79560E-06,1.53860E-09,2.56600E-03,9.99359E-01,7.27064E-01
MTC_vo_00763_1_fd_000055,4.51112E+00,7.63000E-07,1.89849E+00,1.89849E+00,1.31463E-12,6.85643E-19,9.95769E-07,1.00000E+00,8.52329E-01
MTC_vo_00763_1_fd_000203,1.66888E+01,7.63000E-07,2.29854E+00,2.29854E+00,1.80224E-11,3.47288E-17,3.70377E-06,9.99998E-01,7.96776E-01
MTC_vo_00763_3_g1_005938,4.89005E+02,7.63000E-07,2.01753E+00,2.01727E+00,1.52320E-08,8.77100E-13,1.07500E-04,9.99875E-01,7.65465E-01
MTC_vo_00763_3_g1_027910,2.29833E+03,7.63000E-07,2.00625E+00,2.00548E+00,5.76460E-07,9.10640E-11,1.00000E-03,9.99616E-01,7.26952E-01
MTC_vo_00763_2_g2_001050,8.64285E+01,7.63000E-07,2.06037E+00,2.06028E+00,4.74410E-10,4.84260E-15,1.90000E-05,9.99955E-01,7.45196E-01
MTC_vo_00763_3_g1_012061,9.93183E+02,7.63000E-07,2.01093E+00,2.01060E+00,7.86110E-08,7.34850E-12,2.81100E-04,9.99834E-01,7.46502E-01
MTC_vo_00763_2_g2_000547,4.50340E+01,7.63000E-07,2.09098E+00,2.09089E+00,1.28820E-10,6.85060E-16,9.90000E-06,9.99959E-01,7.73125E-01
MTC_vo_00763_2_g2_000757,6.23192E+01,7.63000E-07,2.05520E+00,2.05514E+00,2.46700E-10,1.81540E-15,1.37000E-05,9.99970E-01,7.56415E-01
MTC_vo_00763_1_fd_000104,8.57058E+00,7.63000E-07,2.74366E+00,2.74366E+00,4.74584E-12,4.70282E-18,1.89439E-06,9.99999E-01,8.49104E-01
MTC_vo_00763_1_fd_000077,6.31525E+00,7.63000E-07,2.64802E+00,2.64802E+00,2.57674E-12,1.88130E-18,1.39651E-06,9.99999E-01,8.68585E-01
MTC_vo_00763_3_g1_051633,4.25192E+03,7.63000E-07,2.00415E+00,2.00309E+00,1.97290E-06,5.76590E-10,1.85000E-03,9.99474E-01,7.26977E-01
MTC_vo_00763_2_g2_003883,3.19784E+02,7.63000E-07,2.02275E+00,2.02255E+00,6.50030E-09,2.45290E-13,7.03000E-05,9.99899E-01,7.47625E-01
MTC_vo_00763_3_g1_037232,3.06597E+03,7.63000E-07,2.00515E+00,2.00427E+00,1.02580E-06,2.16180E-10,1.33400E-03,9.99560E-01,7.27048E-01
MTC_vo_00763_2_g2_002016,1.66034E+02,7.63000E-07,2.03347E+00,2.03333E+00,1.75230E-09,3.43320E-14,3.65000E-05,9.99929E-01,7.44014E-01
MTC_vo_00763_1_fd_000389,3.20225E+01,7.63000E-07,2.02721E+00,2.02720E+00,6.64772E-11,2.45395E-16,7.10396E-06,9.99996E-01,7.62046E-01
MTC_vo_00763_3_g1_014360,1.18254E+03,7.63000E-07,2.00973E+00,2.00934E+00,1.15390E-07,1.24040E-11,3.54200E-04,9.99808E-01,7.43507E-01
MTC_vo_00763_1_fd_000148,1.21787E+01,7.63000E-07,2.41576E+00,2.41575E+00,9.58368E-12,1.34951E-17,2.69586E-06,9.99999E-01,8.11310E-01
MTC_vo_00763_2_g2_001453,1.19637E+02,7.63000E-07,2.04398E+00,2.04386E+00,9.08990E-10,1.28440E-14,2.63000E-05,9.99941E-01,7.40085E-01
MTC_vo_00763_3_g1_016611,1.36793E+03,7.63000E-07,2.00883E+00,2.00839E+00,1.74220E-07,1.92000E-11,4.69800E-04,9.99783E-01,7.35164E-01
MTC_vo_00763_2_g2_002801,2.30628E+02,7.63000E-07,2.02979E+00,2.02960E+00,3.38100E-09,9.20120E-14,5.07000E-05,9.99909E-01,7.45581E-01
MTC_vo_00763_3_g1_018633,1.53436E+03,7.63000E-07,2.00818E+00,2.00759E+00,2.27770E-07,2.70950E-11,5.93300E-04,9.99708E-01,7.28332E-01
MTC_vo_00763_3_g1_020201,1.66354E+03,7.63000E-07,2.00775E+00,2.00706E+00,3.02000E-07,3.45310E-11,7.23800E-04,9.99657E-01,7.26873E-01
MTC_vo_00763_3_g1_005380,4.43061E+02,7.63000E-07,2.01872E+00,2.01846E+00,1.25050E-08,6.52380E-13,9.74000E-05,9.99871E-01,7.65454E-01
MTC_vo_00763_1_fd_000279,2.30029E+01,7.63000E-07,2.10249E+00,2.10248E+00,3.42840E-11,9.09499E-17,5.10028E-06,9.99997E-01,7.73143E-01
MTC_vo_04505_2_g2_009333,1.30165E+02,4.50500E-06,2.04103E+00,1.06172E+00,4.04390E-08,3.40490E-12,1.87300E-04,5.20190E-01,9.58274E-01
MTC_vo_04505_3_g1_018632,2.59870E+02,4.50500E-06,2.02558E+00,1.04485E+00,2.27790E-07,2.70950E-11,5.93300E-04,5.15827E-01,9.74268E-01
MTC_vo_04505_3_g1_020201,2.81749E+02,4.50500E-06,2.02424E+00,1.04450E+00,3.01770E-07,3.45310E-11,7.23800E-04,5.15997E-01,9.74554E-01
MTC_vo_04505_2_g2_005938,8.28214E+01,4.50500E-06,2.05432E+00,1.08053E+00,1.52100E-08,8.77100E-13,1.07500E-04,5.25980E-01,9.56471E-01
MTC_vo_04505_1_fd_000279,3.89590E+00,4.50500E-06,1.82395E+00,1.52450E+00,3.41935E-11,9.09473E-17,5.09065E-06,8.35823E-01,8.37006E-01
MTC_vo_04505_2_g2_012061,1.68213E+02,4.50500E-06,2.03448E+00,1.05603E+00,7.86980E-08,7.34850E-12,2.81100E-04,5.19067E-01,9.60040E-01
MTC_vo_04505_1_fd_000750,1.04645E+01,4.50500E-06,2.40500E+00,1.75693E+00,2.46785E-10,1.76299E-15,1.36946E-05,7.30531E-01,8.70441E-01
MTC_vo_04505_3_g1_016611,2.31682E+02,4.50500E-06,2.02762E+00,1.04811E+00,1.74250E-07,1.92000E-11,4.69800E-04,5.16917E-01,9.73148E-01
MTC_vo_04505_2_g2_002801,3.90608E+01,4.50500E-06,2.10037E+00,1.15391E+00,3.38190E-09,9.20120E-14,5.07000E-05,5.49383E-01,9.43793E-01
MTC_vo_04505_1_fd_000389,5.42354E+00,4.50500E-06,2.46524E+00,2.06037E+00,6.62708E-11,2.45391E-16,7.09823E-06,8.35770E-01,8.67212E-01
MTC_vo_04505_1_fd_000148,2.06270E+00,4.50500E-06,6.09325E-01,4.56285E-01,9.58373E-12,1.34956E-17,2.72457E-06,7.48837E-01,6.64479E-01
MTC_vo_04505_2_g2_003883,5.41610E+01,4.50500E-06,2.06780E+00,1.10230E+00,6.50200E-09,2.45290E-13,7.03000E-05,5.33081E-01,9.51960E-01
MTC_vo_04505_3_g1_037232,5.19275E+02,4.50500E-06,2.01613E+00,1.03859E+00,1.02510E-06,2.16180E-10,1.33400E-03,5.15139E-01,9.75962E-01
MTC_vo_04505_1_fd_001999,2.78771E+01,4.50500E-06,2.06197E+00,1.14590E+00,1.75687E-09,3.33399E-14,3.64949E-05,5.55729E-01,9.36721E-01
MTC_vo_04505_1_fd_000077,1.06962E+00,4.50500E-06,1.48714E-01,7.90941E-02,2.57674E-12,1.88141E-18,1.43399E-06,5.31854E-01,2.78271E-01
MTC_vo_04505_3_g1_051633,7.20136E+02,4.50500E-06,2.01297E+00,1.03707E+00,1.97130E-06,5.76590E-10,1.85000E-03,5.15195E-01,9.76350E-01
MTC_vo_04505_1_fd_001041,1.45122E+01,4.50500E-06,2.28099E+00,1.51748E+00,4.75074E-10,4.70260E-15,1.90003E-05,6.65272E-01,8.90398E-01
MTC_vo_04505_1_fd_001440,2.00875E+01,4.50500E-06,2.13324E+00,1.27971E+00,9.11288E-10,1.24726E-14,2.63136E-05,5.99891E-01,9.12914E-01
MTC_vo_04505_1_fd_000104,1.45158E+00,4.50500E-06,2.84747E-01,1.84940E-01,4.74593E-12,4.70284E-18,1.86418E-06,6.49490E-01,4.73346E-01
MTC_vo_04505_2_g2_014360,2.00284E+02,4.50500E-06,2.03025E+00,1.05086E+00,1.15580E-07,1.24040E-11,3.54200E-04,5.17602E-01,9.60610E-01
MTC_vo_04505_1_fd_000542,7.56226E+00,4.50500E-06,2.60975E+00,2.08433E+00,1.28860E-10,6.65285E-16,9.89450E-06,7.98671E-01,8.70882E-01
MTC_vo_04505_3_g1_027910,3.89261E+02,4.50500E-06,2.01954E+00,1.04062E+00,5.76020E-07,9.10640E-11,1.00000E-03,5.15277E-01,9.75445E-01
MTC_vo_04505_3_g1_071617,9.98851E+02,4.50500E-06,2.01043E+00,1.03602E+00,3.79250E-06,1.53860E-09,2.56600E-03,5.15322E-01,9.76620E-01
MTC_vo_04505_1_fd_000055,7.64032E-01,4.50500E-06,7.15391E-02,2.48332E-02,1.31468E-12,6.85630E-19,1.00379E-06,3.47128E-01,1.45270E-01
MTC_vo_04505_1_fd_000203,2.82657E+00,4.50500E-06,1.12264E+00,9.06401E-01,1.79978E-11,3.47300E-17,3.72836E-06,8.07382E-01,7.64647E-01
MTC_vo_04505_2_g2_005380,7.50397E+01,4.50500E-06,2.05907E+00,1.08584E+00,1.24810E-08,6.52370E-13,9.74000E-05,5.27345E-01,9.57124E-01
MSC_vo_00550_m03_g1_0932,1.06503E+03,5.50000E-07,2.00991E+00,2.00983E+00,4.03290E-08,3.39400E-12,1.87300E-04,9.99959E-01,7.46700E-01
MSC_vo_00550_m03_g1_3722,4.25215E+03,5.50000E-07,2.00394E+00,2.00344E+00,1.02860E-06,2.16000E-10,1.33400E-03,9.99754E-01,7.22100E-01
MSC_vo_00550_m02_g2_0202,2.30368E+02,5.50000E-07,2.02920E+00,2.02905E+00,1.75260E-09,3.43470E-14,3.65000E-05,9.99925E-01,7.61200E-01
MSC_vo_00550_m02_g2_0039,4.48064E+01,5.50000E-07,2.07892E+00,2.07886E+00,6.62990E-11,2.52720E-16,7.09910E-06,9.99972E-01,7.82900E-01
MSC_vo_00550_m03_g1_0538,6.14744E+02,5.50000E-07,2.01429E+00,2.01412E+00,1.25120E-08,6.52690E-13,9.74000E-05,9.99913E-01,7.62000E-01
MSC_vo_00550_m02_g2_0055,6.24857E+01,5.50000E-07,2.05473E+00,2.05464E+00,1.28940E-10,6.85430E-16,9.90020E-06,9.99958E-01,7.74900E-01
MSC_vo_00550_m02_g2_0145,1.66020E+02,5.50000E-07,2.03871E+00,2.03857E+00,9.10230E-10,1.28560E-14,2.63040E-05,9.99931E-01,7.63100E-01
MSC_vo_00550_m03_g1_5162,5.89693E+03,5.50000E-07,2.00317E+00,2.00267E+00,1.97830E-06,5.76110E-10,1.85000E-03,9.99753E-01,7.22600E-01
MSC_vo_00550_m01_fd_0008,8.75049E+00,5.50000E-07,2.69752E+00,2.69752E+00,2.57062E-12,1.87456E-18,1.40056E-06,1.00000E+00,8.41451E-01
MSC_vo_00550_m01_fd_0015,1.68951E+01,5.50000E-07,2.29419E+00,2.29419E+00,9.59843E-12,1.34949E-17,2.69608E-06,1.00000E+00,7.91142E-01
MSC_vo_00550_m03_g1_2790,3.18753E+03,5.50000E-07,2.00477E+00,2.00428E+00,5.78020E-07,9.09890E-11,1.00000E-03,9.99755E-01,7.22700E-01
MSC_vo_00550_m02_g2_0105,1.19944E+02,5.50000E-07,2.04339E+00,2.04326E+00,4.75100E-10,4.84790E-15,1.90040E-05,9.99938E-01,7.64800E-01
MSC_vo_00550_m03_g1_1435,1.63932E+03,5.50000E-07,2.00743E+00,2.00725E+00,1.15300E-07,1.23770E-11,3.54200E-04,9.99907E-01,7.40000E-01
MSC_vo_00550_m03_g1_7160,8.17919E+03,5.50000E-07,2.00255E+00,2.00205E+00,3.80600E-06,1.53730E-09,2.56600E-03,9.99752E-01,7.22200E-01
MSC_vo_00550_m02_g2_0280,3.19997E+02,5.50000E-07,2.02259E+00,2.02243E+00,3.38670E-09,9.20580E-14,5.07000E-05,9.99920E-01,7.62500E-01
MSC_vo_00550_m03_g1_1862,2.12763E+03,5.50000E-07,2.00625E+00,2.00586E+00,2.27690E-07,2.70590E-11,5.93300E-04,9.99806E-01,7.24600E-01
MSC_vo_00550_m02_g2_0076,8.64632E+01,5.50000E-07,2.05155E+00,2.05144E+00,2.46880E-10,1.81600E-15,1.36990E-05,9.99947E-01,7.69000E-01
MSC_vo_00550_m03_g1_0594,6.78491E+02,5.50000E-07,2.01338E+00,2.01321E+00,1.52410E-08,8.77520E-13,1.07500E-04,9.99912E-01,7.62100E-01
MSC_vo_00550_m01_fd_0005,6.25056E+00,5.50000E-07,2.66337E+00,2.66337E+00,1.31154E-12,6.83149E-19,9.97901E-07,1.00000E+00,8.65564E-01
MSC_vo_00550_m02_g2_0388,4.43700E+02,5.50000E-07,2.01736E+00,2.01730E+00,6.50040E-09,2.45410E-13,7.03000E-05,9.99966E-01,7.62500E-01
MSC_vo_00550_m01_fd_0020,2.31520E+01,5.50000E-07,2.08968E+00,2.08967E+00,1.80447E-11,3.47294E-17,3.70274E-06,1.00000E+00,7.67151E-01
MSC_vo_00550_m01_fd_0010,1.18955E+01,5.50000E-07,2.42117E+00,2.42117E+00,4.75075E-12,4.70963E-18,1.89951E-06,1.00000E+00,8.07553E-01
MSC_vo_00550_m01_fd_0028,3.19991E+01,5.50000E-07,2.04134E+00,2.04134E+00,3.44867E-11,9.17033E-17,5.10330E-06,1.00000E+00,7.59288E-01
MSC_vo_00550_m03_g1_1205,1.37698E+03,5.50000E-07,2.00835E+00,2.00816E+00,7.84920E-08,7.33510E-12,2.81100E-04,9.99908E-01,7.42700E-01
MSC_vo_00550_m03_g1_2020,2.30713E+03,5.50000E-07,2.00592E+00,2.00543E+00,3.02810E-07,3.45020E-11,7.23800E-04,9.99756E-01,7.22600E-01
MSC_vo_00550_m03_g1_1660,1.89683E+03,5.50000E-07,2.00674E+00,2.00646E+00,1.74340E-07,1.91740E-11,4.69800E-04,9.99856E-01,7.32000E-01
MTC_vo_01700_3_g1_051633,1.90836E+03,1.70000E-06,2.00837E+00,1.58465E+00,1.97290E-06,5.76590E-10,1.85000E-03,7.89024E-01,8.46139E-01
MTC_vo_01700_1_fd_000077,2.83446E+00,1.70000E-06,7.18056E-01,7.16705E-01,2.57668E-12,1.88136E-18,1.40693E-06,9.98119E-01,7.59335E-01
MTC_vo_01700_1_fd_000104,3.84668E+00,1.70000E-06,1.32314E+00,1.32122E+00,4.74590E-12,4.70282E-18,1.89394E-06,9.98543E-01,8.31226E-01
MTC_vo_01700_3_g1_012061,4.45764E+02,1.70000E-06,2.02206E+00,1.84356E+00,7.86200E-08,7.34850E-12,2.81100E-04,9.11722E-01,7.99223E-01
MTC_vo_01700_2_g2_001050,3.87914E+01,1.70000E-06,2.16466E+00,2.14272E+00,4.74500E-10,4.84270E-15,1.90000E-05,9.89863E-01,7.96239E-01
MTC_vo_01700_1_fd_000542,2.00399E+01,1.70000E-06,2.24182E+00,2.23036E+00,1.29118E-10,6.65273E-16,9.90262E-06,9.94890E-01,8.06983E-01
MTC_vo_01700_3_g1_027910,1.03154E+03,1.70000E-06,2.01261E+00,1.73949E+00,5.75980E-07,9.10640E-11,1.00000E-03,8.64296E-01,8.06222E-01
MTC_vo_01700_1_fd_000055,2.02469E+00,1.70000E-06,3.17833E-01,3.16931E-01,1.31472E-12,6.85637E-19,1.00108E-06,9.97163E-01,6.50436E-01
MTC_vo_01700_3_g1_071617,2.64695E+03,1.70000E-06,2.00673E+00,1.49055E+00,3.79560E-06,1.53860E-09,2.56600E-03,7.42777E-01,8.71473E-01
MTC_vo_01700_3_g1_009333,3.44937E+02,1.70000E-06,2.02617E+00,1.86252E+00,4.04460E-08,3.40490E-12,1.87300E-04,9.19229E-01,8.00455E-01
MTC_vo_01700_2_g2_005380,1.98856E+02,1.70000E-06,2.03955E+00,1.93278E+00,1.24780E-08,6.52380E-13,9.74000E-05,9.47651E-01,7.80718E-01
MTC_vo_01700_1_fd_000203,7.49030E+00,1.70000E-06,2.73342E+00,2.72935E+00,1.79997E-11,3.47284E-17,3.70672E-06,9.98511E-01,8.76698E-01
MTC_vo_01700_1_fd_000279,1.03242E+01,1.70000E-06,2.59668E+00,2.59093E+00,3.41959E-11,9.09504E-17,5.08659E-06,9.97786E-01,8.49131E-01
MTC_vo_01700_2_g2_005938,2.19476E+02,1.70000E-06,2.03328E+00,1.91614E+00,1.52000E-08,8.77090E-13,1.07500E-04,9.42390E-01,7.82623E-01
MTC_vo_01700_3_g1_018632,6.88655E+02,1.70000E-06,2.01651E+00,1.79866E+00,2.27780E-07,2.70950E-11,5.93300E-04,8.91971E-01,7.93033E-01
MTC_vo_01700_3_g1_020201,7.46635E+02,1.70000E-06,2.01564E+00,1.80520E+00,3.01750E-07,3.45310E-11,7.23800E-04,8.95598E-01,7.90209E-01
MTC_vo_01700_3_g1_016611,6.13958E+02,1.70000E-06,2.01782E+00,1.81316E+00,1.74250E-07,1.92000E-11,4.69800E-04,8.98574E-01,7.96410E-01
MTC_vo_01700_1_fd_000750,2.77309E+01,1.70000E-06,2.03921E+00,2.02330E+00,2.47525E-10,1.76299E-15,1.36905E-05,9.92197E-01,7.85584E-01
MTC_vo_01700_2_g2_002801,1.03511E+02,1.70000E-06,2.05793E+00,2.00045E+00,3.37810E-09,9.20120E-14,5.07000E-05,9.72072E-01,7.64588E-01
MTC_vo_01700_2_g2_002016,7.45199E+01,1.70000E-06,2.07556E+00,2.03378E+00,1.75110E-09,3.43320E-14,3.65000E-05,9.79869E-01,7.70327E-01
MTC_vo_01700_2_g2_001453,5.36957E+01,1.70000E-06,2.10091E+00,2.07066E+00,9.09160E-10,1.28440E-14,2.63000E-05,9.85601E-01,7.81257E-01
MTC_vo_01700_1_fd_000148,5.46613E+00,1.70000E-06,2.20685E+00,2.20397E+00,9.58384E-12,1.34954E-17,2.70563E-06,9.98695E-01,8.70526E-01
MTC_vo_01700_3_g1_014360,5.30753E+02,1.70000E-06,2.01964E+00,1.81902E+00,1.15400E-07,1.24040E-11,3.54200E-04,9.00666E-01,8.02260E-01
MTC_vo_01700_1_fd_000389,1.43725E+01,1.70000E-06,2.35536E+00,2.34722E+00,6.63274E-11,2.45398E-16,7.08876E-06,9.96544E-01,8.22716E-01
MTC_vo_01700_3_g1_037232,1.37608E+03,1.70000E-06,2.01040E+00,1.67164E+00,1.02580E-06,2.16180E-10,1.33400E-03,8.31493E-01,8.23342E-01
MTC_vo_01700_2_g2_003883,1.43527E+02,1.70000E-06,2.04564E+00,1.96706E+00,6.49470E-09,2.45290E-13,7.03000E-05,9.61586E-01,7.67565E-01
MTC_vo_01990_2_g2_002016,6.36603E+01,1.99000E-06,2.06827E+00,1.81091E+00,1.75110E-09,3.43320E-14,3.65000E-05,8.75565E-01,8.18800E-01
MTC_vo_01990_2_g2_001453,4.58707E+01,1.99000E-06,2.15173E+00,1.95601E+00,9.09150E-10,1.28440E-14,2.63000E-05,9.09037E-01,8.22443E-01
MTC_vo_01990_1_fd_000389,1.22781E+01,1.99000E-06,2.45935E+00,2.40212E+00,6.62773E-11,2.45404E-16,7.09449E-06,9.76730E-01,8.48316E-01
MTC_vo_01990_3_g1_014360,4.53407E+02,1.99000E-06,2.02168E+00,1.31292E+00,1.15400E-07,1.24040E-11,3.54200E-04,6.49422E-01,9.31398E-01
MTC_vo_01990_1_fd_000148,4.66952E+00,1.99000E-06,1.70026E+00,1.67977E+00,9.58345E-12,1.34951E-17,2.69211E-06,9.87949E-01,8.63589E-01
MTC_vo_01990_2_g2_003883,1.22611E+02,1.99000E-06,2.05102E+00,1.63180E+00,6.49470E-09,2.45290E-13,7.03000E-05,7.95602E-01,8.49477E-01
MTC_vo_01990_3_g1_037232,1.17554E+03,1.99000E-06,2.01149E+00,1.15854E+00,1.02500E-06,2.16180E-10,1.33400E-03,5.75963E-01,9.62245E-01
MTC_vo_01990_2_g2_009333,2.94670E+02,1.99000E-06,2.02778E+00,1.37563E+00,4.04010E-08,3.40490E-12,1.87300E-04,6.78392E-01,9.04758E-01
MTC_vo_01990_1_fd_000279,8.81960E+00,1.99000E-06,2.70242E+00,2.66185E+00,3.41983E-11,9.09471E-17,5.09917E-06,9.84986E-01,8.77286E-01
MTC_vo_01990_3_g1_020201,6.37829E+02,1.99000E-06,2.01727E+00,1.29728E+00,3.01750E-07,3.45310E-11,7.23800E-04,6.43087E-01,9.29274E-01
MTC_vo_01990_3_g1_018632,5.88298E+02,1.99000E-06,2.01822E+00,1.28518E+00,2.27780E-07,2.70950E-11,5.93300E-04,6.36790E-01,9.32256E-01
MTC_vo_01990_2_g2_005938,1.87492E+02,1.99000E-06,2.04103E+00,1.49745E+00,1.51940E-08,8.77090E-13,1.07500E-04,7.33674E-01,8.87504E-01
MTC_vo_01990_3_g1_016611,5.24487E+02,1.99000E-06,2.01967E+00,1.30338E+00,1.74250E-07,1.92000E-11,4.69800E-04,6.45344E-01,9.30762E-01
MTC_vo_01990_1_fd_000750,2.36898E+01,1.99000E-06,2.14894E+00,2.03989E+00,2.47417E-10,1.76301E-15,1.37139E-05,9.49253E-01,8.19061E-01
MTC_vo_01990_2_g2_002801,8.84267E+01,1.99000E-06,2.06437E+00,1.73205E+00,3.37800E-09,9.20120E-14,5.07000E-05,8.39021E-01,8.29365E-01
MTC_vo_01990_3_g1_012061,3.80803E+02,1.99000E-06,2.02435E+00,1.35179E+00,7.86200E-08,7.34850E-12,2.81100E-04,6.67763E-01,9.22706E-01
MTC_vo_01990_3_g1_027910,8.81217E+02,1.99000E-06,2.01392E+00,1.21688E+00,5.75980E-07,9.10640E-11,1.00000E-03,6.04236E-01,9.49066E-01
MTC_vo_01990_1_fd_000542,1.71193E+01,1.99000E-06,2.30638E+00,2.22671E+00,1.29058E-10,6.65252E-16,9.91328E-06,9.65459E-01,8.33905E-01
MTC_vo_01990_3_g1_071617,2.26122E+03,1.99000E-06,2.00743E+00,1.07464E+00,3.79560E-06,1.53860E-09,2.56600E-03,5.35331E-01,9.77922E-01
MTC_vo_01990_1_fd_000055,1.72963E+00,1.99000E-06,1.96265E-01,1.89918E-01,1.31464E-12,6.85624E-19,1.01350E-06,9.67661E-01,5.75761E-01
MTC_vo_01990_2_g2_005380,1.69877E+02,1.99000E-06,2.04213E+00,1.52692E+00,1.24780E-08,6.52380E-13,9.74000E-05,7.47710E-01,8.78512E-01
MTC_vo_01990_1_fd_000203,6.39888E+00,1.99000E-06,2.44474E+00,2.41587E+00,1.79999E-11,3.47306E-17,3.70560E-06,9.88192E-01,8.84503E-01
MTC_vo_01990_3_g1_051633,1.63026E+03,1.99000E-06,2.00924E+00,1.10864E+00,1.97290E-06,5.76590E-10,1.85000E-03,5.51774E-01,9.72197E-01
MTC_vo_01990_1_fd_000077,2.42141E+00,1.99000E-06,4.63172E-01,4.53600E-01,2.57677E-12,1.88139E-18,1.39356E-06,9.79335E-01,7.12836E-01
MTC_vo_01990_1_fd_001041,3.28532E+01,1.99000E-06,2.01182E+00,1.86332E+00,4.76058E-10,4.70270E-15,1.90031E-05,9.26188E-01,8.10448E-01
MTC_vo_01990_1_fd_000104,3.28605E+00,1.99000E-06,9.11253E-01,8.97581E-01,4.74587E-12,4.70256E-18,1.90031E-06,9.84996E-01,7.99860E-01
MTC_vo_00845_037232_g1,2.76844E+03,8.45000E-07,2.00684E+00,2.00555E+00,1.02580E-06,2.16180E-10,1.33400E-03,9.99355E-01,7.28010E-01
MTC_vo_00845_016611_g1,1.23518E+03,8.45000E-07,2.01172E+00,2.01105E+00,1.74220E-07,1.92000E-11,4.69800E-04,9.99667E-01,7.36321E-01
MTC_vo_00845_018632_g1,1.38546E+03,8.45000E-07,2.01086E+00,2.01003E+00,2.27770E-07,2.70950E-11,5.93300E-04,9.99587E-01,7.29441E-01
MTC_vo_00845_020201_g1,1.50211E+03,8.45000E-07,2.01029E+00,2.00938E+00,3.02000E-07,3.45310E-11,7.23800E-04,9.99547E-01,7.27914E-01
MTC_vo_00845_000148_fd,1.09968E+01,8.45000E-07,2.48975E+00,2.48975E+00,9.58489E-12,1.34949E-17,2.70317E-06,9.99998E-01,8.23113E-01
MTC_vo_00845_000389_fd,2.89149E+01,8.45000E-07,2.02345E+00,2.02344E+00,6.64763E-11,2.45393E-16,7.10086E-06,9.99992E-01,7.65014E-01
MTC_vo_00845_027910_g1,2.07529E+03,8.45000E-07,2.00829E+00,2.00720E+00,5.76460E-07,9.10640E-11,1.00000E-03,9.99456E-01,7.27964E-01
MTC_vo_00845_000547_g2,4.06640E+01,8.45000E-07,2.17448E+00,2.17441E+00,1.28830E-10,6.85070E-16,9.90000E-06,9.99970E-01,7.85471E-01
MTC_vo_00845_001050_g2,7.80419E+01,8.45000E-07,2.07740E+00,2.07728E+00,4.74420E-10,4.84270E-15,1.90000E-05,9.99941E-01,7.47891E-01
MTC_vo_00845_012061_g1,8.96803E+02,8.45000E-07,2.01451E+00,2.01399E+00,7.86110E-08,7.34850E-12,2.81100E-04,9.99744E-01,7.47571E-01
MTC_vo_00845_001453_g2,1.08027E+02,8.45000E-07,2.06494E+00,2.06478E+00,9.08990E-10,1.28440E-14,2.63000E-05,9.99925E-01,7.42642E-01
MTC_vo_00845_009333_g1,6.93957E+02,8.45000E-07,2.01721E+00,2.01681E+00,4.04360E-08,3.40490E-12,1.87300E-04,9.99800E-01,7.51916E-01
MTC_vo_00845_000077_fd,5.70241E+00,8.45000E-07,2.45408E+00,2.45408E+00,2.57676E-12,1.88131E-18,1.39865E-06,9.99999E-01,8.65541E-01
MTC_vo_00845_005380_g1,4.00066E+02,8.45000E-07,2.02485E+00,2.02450E+00,1.25050E-08,6.52380E-13,9.74000E-05,9.99829E-01,7.66538E-01
MTC_vo_00845_002016_g2,1.49922E+02,8.45000E-07,2.04175E+00,2.04157E+00,1.75080E-09,3.43320E-14,3.65000E-05,9.99909E-01,7.39007E-01
MTC_vo_00845_005938_g1,4.41549E+02,8.45000E-07,2.02327E+00,2.02289E+00,1.52320E-08,8.77090E-13,1.07500E-04,9.99813E-01,7.66603E-01
MTC_vo_00845_000203_fd,1.50697E+01,8.45000E-07,2.33975E+00,2.33974E+00,1.80164E-11,3.47313E-17,3.69836E-06,9.99997E-01,8.03504E-01
MTC_vo_00845_000104_fd,7.73879E+00,8.45000E-07,2.78575E+00,2.78574E+00,4.74643E-12,4.70266E-18,1.89625E-06,9.99999E-01,8.61390E-01
MTC_vo_00845_000055_fd,4.07331E+00,8.45000E-07,1.61216E+00,1.61216E+00,1.31459E-12,6.85619E-19,9.95196E-07,9.99999E-01,8.38914E-01
MTC_vo_00845_014360_g1,1.06779E+03,8.45000E-07,2.01291E+00,2.01231E+00,1.15390E-07,1.24040E-11,3.54200E-04,9.99698E-01,7.44534E-01
MTC_vo_00845_003883_g2,2.88752E+02,8.45000E-07,2.02830E+00,2.02806E+00,6.50040E-09,2.45290E-13,7.03000E-05,9.99881E-01,7.46357E-01
MTC_vo_00845_051633_g1,3.83931E+03,8.45000E-07,2.00550E+00,2.00387E+00,1.97290E-06,5.76590E-10,1.85000E-03,9.99185E-01,7.28194E-01
MTC_vo_00845_071617_g1,5.32523E+03,8.45000E-07,2.00442E+00,2.00232E+00,3.79560E-06,1.53860E-09,2.56600E-03,9.98949E-01,7.28236E-01
MTC_vo_00845_000757_g2,5.62716E+01,8.45000E-07,2.08433E+00,2.08426E+00,2.46700E-10,1.81540E-15,1.37000E-05,9.99964E-01,7.62357E-01
MTC_vo_00845_000279_fd,2.07707E+01,8.45000E-07,2.18544E+00,2.18543E+00,3.42711E-11,9.09509E-17,5.09702E-06,9.99995E-01,7.83208E-01
MTC_vo_00845_002801_g2,2.08247E+02,8.45000E-07,2.03438E+00,2.03418E+00,3.38100E-09,9.20120E-14,5.07000E-05,9.99904E-01,7.44468E-01
MTC_vo_00610_000547_g2,5.63294E+01,6.10000E-07,2.07631E+00,2.07625E+00,1.28820E-10,6.85060E-16,9.90000E-06,9.99974E-01,7.59569E-01
MTC_vo_00610_001050_g2,1.08107E+02,6.10000E-07,2.05949E+00,2.05937E+00,4.74420E-10,4.84270E-15,1.90000E-05,9.99941E-01,7.38880E-01
MTC_vo_00610_003883_g1,3.99992E+02,6.10000E-07,2.02447E+00,2.02431E+00,6.51420E-09,2.45290E-13,7.03000E-05,9.99921E-01,7.63085E-01
MTC_vo_00610_000148_fd,1.52334E+01,6.10000E-07,2.33233E+00,2.33233E+00,9.59272E-12,1.34952E-17,2.69895E-06,1.00000E+00,7.98014E-01
MTC_vo_00610_027910_g1,2.87479E+03,6.10000E-07,2.00657E+00,2.00608E+00,5.76460E-07,9.10640E-11,1.00000E-03,9.99758E-01,7.24354E-01
MTC_vo_00610_018632_g1,1.91920E+03,6.10000E-07,2.00860E+00,2.00822E+00,2.27770E-07,2.70950E-11,5.93300E-04,9.99809E-01,7.25862E-01
MTC_vo_00610_020201_g1,2.08079E+03,6.10000E-07,2.00815E+00,2.00767E+00,3.02000E-07,3.45310E-11,7.23800E-04,9.99759E-01,7.24266E-01
MTC_vo_00610_037232_g1,3.83497E+03,6.10000E-07,2.00542E+00,2.00492E+00,1.02580E-06,2.16180E-10,1.33400E-03,9.99748E-01,7.24450E-01
MTC_vo_00610_016611_g1,1.71103E+03,6.10000E-07,2.00928E+00,2.00903E+00,1.74220E-07,1.92000E-11,4.69800E-04,9.99874E-01,7.32692E-01
MTC_vo_00610_000077_fd,7.89924E+00,6.10000E-07,2.78470E+00,2.78470E+00,2.57677E-12,1.88130E-18,1.39802E-06,1.00000E+00,8.55089E-01
MTC_vo_00610_012061_g1,1.24229E+03,6.10000E-07,2.01149E+00,2.01132E+00,7.86110E-08,7.34850E-12,2.81100E-04,9.99915E-01,7.44165E-01
MTC_vo_00610_001453_g2,1.49644E+02,6.10000E-07,2.04455E+00,2.04439E+00,9.09000E-10,1.28440E-14,2.63000E-05,9.99921E-01,7.35946E-01
MTC_vo_00610_009333_g1,9.61301E+02,6.10000E-07,2.01364E+00,2.01355E+00,4.04360E-08,3.40490E-12,1.87300E-04,9.99956E-01,7.48240E-01
MTC_vo_00610_000392_g2,4.03976E+01,6.10000E-07,2.16735E+00,2.16732E+00,6.62590E-11,2.52690E-16,7.10000E-06,9.99984E-01,7.82528E-01
MTC_vo_00610_000055_fd,5.64252E+00,6.10000E-07,2.47070E+00,2.47070E+00,1.31472E-12,6.85614E-19,9.99971E-07,1.00000E+00,8.63106E-01
MTC_vo_00610_014360_g1,1.47915E+03,6.10000E-07,2.01023E+00,2.01004E+00,1.15390E-07,1.24040E-11,3.54200E-04,9.99905E-01,7.41208E-01
MTC_vo_00610_000203_fd,2.08746E+01,6.10000E-07,2.17103E+00,2.17103E+00,1.80402E-11,3.47287E-17,3.69892E-06,1.00000E+00,7.77392E-01
MTC_vo_00610_000104_fd,1.07201E+01,6.10000E-07,2.50220E+00,2.50220E+00,4.74582E-12,4.70267E-18,1.90286E-06,1.00000E+00,8.20652E-01
MTC_vo_00610_005380_g1,5.54190E+02,6.10000E-07,2.01969E+00,2.01952E+00,1.25050E-08,6.52380E-13,9.74000E-05,9.99919E-01,7.63280E-01
MTC_vo_00610_002016_g2,2.07679E+02,6.10000E-07,2.03465E+00,2.03450E+00,1.75230E-09,3.43320E-14,3.65000E-05,9.99927E-01,7.41721E-01
MTC_vo_00610_005938_g1,6.11657E+02,6.10000E-07,2.01843E+00,2.01826E+00,1.52320E-08,8.77100E-13,1.07500E-04,9.99913E-01,7.63330E-01
MTC_vo_00610_000757_g2,7.79501E+01,6.10000E-07,2.07779E+00,2.07765E+00,2.46660E-10,1.81540E-15,1.37000E-05,9.99933E-01,7.44890E-01
MTC_vo_00610_000279_fd,2.87724E+01,6.10000E-07,2.01955E+00,2.01955E+00,3.43008E-11,9.09495E-17,5.09694E-06,1.00000E+00,7.60297E-01
MTC_vo_00610_002801_g2,2.88474E+02,6.10000E-07,2.03191E+00,2.03176E+00,3.38100E-09,9.20120E-14,5.07000E-05,9.99924E-01,7.44182E-01
MTC_vo_00610_071617_g1,7.37676E+03,6.10000E-07,2.00350E+00,2.00295E+00,3.79560E-06,1.53860E-09,2.56600E-03,9.99722E-01,7.24479E-01
MTC_vo_00610_051633_g1,5.31838E+03,6.10000E-07,2.00436E+00,2.00382E+00,1.97290E-06,5.76590E-10,1.85000E-03,9.99732E-01,7.24469E-01
MSC_vo_11355_m01_fd_0005,3.03141E-01,1.13550E-05,1.87346E-01,8.71359E-04,1.30811E-12,6.85750E-19,1.08432E-06,4.65106E-03,2.27201E-02
MSC_vo_11355_m02_g2_1862,1.03057E+02,1.13550E-05,1.99214E+00,1.01303E+00,2.28140E-07,2.70600E-11,5.93310E-04,5.08514E-01,9.49500E-01
MSC_vo_11355_m02_g2_1435,7.94055E+01,1.13550E-05,1.99087E+00,1.01274E+00,1.15480E-07,1.23780E-11,3.54210E-04,5.08691E-01,9.47500E-01
MSC_vo_11355_m01_fd_0200,1.10753E+01,1.13550E-05,1.87095E+00,8.59529E-01,1.75787E-09,3.34785E-14,3.65055E-05,4.59407E-01,9.38797E-01
MSC_vo_11355_m01_fd_0028,1.54554E+00,1.13550E-05,8.88887E-01,1.51211E-01,3.42189E-11,9.09252E-17,5.06017E-06,1.70113E-01,5.36920E-01
MSC_vo_11355_m01_fd_0010,5.75890E-01,1.13550E-05,3.59811E-01,9.80081E-03,4.74779E-12,4.70255E-18,1.98792E-06,2.72388E-02,8.07608E-02
MSC_vo_11355_m01_fd_0278,1.53623E+01,1.13550E-05,1.92794E+00,9.23285E-01,3.38610E-09,8.93529E-14,5.07824E-05,4.78897E-01,9.46670E-01
MSC_vo_11355_m01_fd_0075,4.14919E+00,1.13550E-05,1.57855E+00,5.69081E-01,2.46671E-10,1.75980E-15,1.37348E-05,3.60507E-01,8.69264E-01
MSC_vo_11355_m01_fd_0020,1.12126E+00,1.13550E-05,6.81304E-01,7.63315E-02,1.80090E-11,3.47150E-17,3.61441E-06,1.12037E-01,3.17424E-01
MSC_vo_11355_m02_g2_0932,5.15664E+01,1.13550E-05,1.98809E+00,1.00818E+00,4.02820E-08,3.39000E-12,1.87230E-04,5.07108E-01,9.43800E-01
MSC_vo_11355_m01_fd_0008,4.24359E-01,1.13550E-05,2.65965E-01,3.23442E-03,2.57216E-12,1.88138E-18,1.44576E-06,1.21611E-02,4.35474E-02
MSC_vo_11355_m01_fd_0039,2.15260E+00,1.13550E-05,1.12898E+00,2.68166E-01,6.63836E-11,2.45684E-16,7.04810E-06,2.37530E-01,7.04274E-01
MSC_vo_11355_m02_g2_2020,1.11748E+02,1.13550E-05,1.99114E+00,1.01357E+00,3.03550E-07,3.45000E-11,7.23790E-04,5.09039E-01,9.49800E-01
MSC_vo_11355_m03_g1_5162,2.85627E+02,1.13550E-05,1.99901E+00,1.03213E+00,1.97830E-06,5.76100E-10,1.85000E-03,5.16321E-01,9.66300E-01
MSC_vo_11355_m01_fd_0054,3.00102E+00,1.13550E-05,1.36957E+00,4.17271E-01,1.29033E-10,6.65792E-16,9.93962E-06,3.04672E-01,8.02679E-01
MSC_vo_11355_m02_g2_1661,9.18909E+01,1.13550E-05,1.99118E+00,1.01376E+00,1.74640E-07,1.91830E-11,4.69870E-04,5.09123E-01,9.48800E-01
MSC_vo_11355_m02_g2_1205,6.66776E+01,1.13550E-05,1.98738E+00,1.00751E+00,7.85160E-08,7.32890E-12,2.81020E-04,5.06956E-01,9.46700E-01
MSC_vo_11355_m01_fd_0385,2.13005E+01,1.13550E-05,1.95599E+00,9.62820E-01,6.51876E-09,2.38208E-13,7.03003E-05,4.92241E-01,9.51637E-01
MSC_vo_11355_m01_fd_0144,7.96490E+00,1.13550E-05,1.86190E+00,8.18837E-01,9.09095E-10,1.24508E-14,2.63852E-05,4.39785E-01,9.28541E-01
MSC_vo_11355_m03_g1_3722,2.05961E+02,1.13550E-05,1.99876E+00,1.02895E+00,1.02860E-06,2.16000E-10,1.33400E-03,5.14793E-01,9.65500E-01
MSC_vo_11355_m01_fd_0534,2.95688E+01,1.13550E-05,1.97595E+00,9.84605E-01,1.25703E-08,6.37282E-13,9.74083E-05,4.98293E-01,9.54418E-01
MSC_vo_11355_m01_fd_0104,5.76052E+00,1.13550E-05,1.74604E+00,7.08777E-01,4.75492E-10,4.70977E-15,1.89756E-05,4.05935E-01,9.07229E-01
MSC_vo_11355_m03_g1_7160,3.96174E+02,1.13550E-05,1.99920E+00,1.03455E+00,3.80590E-06,1.53730E-09,2.56600E-03,5.17480E-01,9.66800E-01
MSC_vo_11355_m03_g1_2790,1.54393E+02,1.13550E-05,1.99850E+00,1.02550E+00,5.78000E-07,9.09880E-11,1.00000E-03,5.13133E-01,9.64600E-01
MSC_vo_11355_m02_g2_0594,3.28726E+01,1.13550E-05,1.97530E+00,9.91874E-01,1.52230E-08,8.78210E-13,1.07530E-04,5.02139E-01,9.40800E-01
MSC_vo_11355_m01_fd_0015,8.18394E-01,1.13550E-05,5.11209E-01,3.20967E-02,9.59347E-12,1.34974E-17,2.71081E-06,6.27859E-02,1.66230E-01
MTC_vo_05900_000389_fd,4.14122E+00,5.90000E-06,1.59950E+00,1.16418E+00,6.63338E-11,2.45397E-16,7.13651E-06,7.27839E-01,8.61134E-01
MTC_vo_05900_014360_g2,1.52929E+02,5.90000E-06,2.03411E+00,1.03880E+00,1.15640E-07,1.24040E-11,3.54200E-04,5.10692E-01,9.72518E-01
MTC_vo_05900_027910_g1,2.97224E+02,5.90000E-06,2.02202E+00,1.03206E+00,5.76360E-07,9.10640E-11,1.00000E-03,5.10412E-01,9.79571E-01
MTC_vo_05900_000148_fd,1.57497E+00,5.90000E-06,3.28786E-01,1.65724E-01,9.59235E-12,1.34951E-17,2.72314E-06,5.04049E-01,5.28614E-01
MTC_vo_05900_001999_fd,2.12858E+01,5.90000E-06,2.14113E+00,1.17609E+00,1.75721E-09,3.33401E-14,3.65277E-05,5.49285E-01,9.49268E-01
MTC_vo_05900_005380_g2,5.72976E+01,5.90000E-06,2.06533E+00,1.06429E+00,1.24970E-08,6.52380E-13,9.74000E-05,5.15312E-01,9.67695E-01
MTC_vo_05900_037232_g1,3.96497E+02,5.90000E-06,2.01817E+00,1.03089E+00,1.02570E-06,2.16180E-10,1.33400E-03,5.10803E-01,9.80155E-01
MTC_vo_05900_005938_g2,6.32391E+01,5.90000E-06,2.05928E+00,1.05944E+00,1.52250E-08,8.77100E-13,1.07500E-04,5.14472E-01,9.68350E-01
MTC_vo_05900_018632_g1,1.98426E+02,5.90000E-06,2.02882E+00,1.03444E+00,2.27740E-07,2.70950E-11,5.93300E-04,5.09872E-01,9.78368E-01
MTC_vo_05900_020201_g1,2.15132E+02,5.90000E-06,2.02731E+00,1.03437E+00,3.01950E-07,3.45310E-11,7.23800E-04,5.10218E-01,9.78624E-01
MTC_vo_05900_000077_fd,8.16706E-01,5.90000E-06,1.04630E-01,2.33266E-02,2.57899E-12,1.88134E-18,1.40852E-06,2.22944E-01,1.66193E-01
MTC_vo_05900_001440_fd,1.53380E+01,5.90000E-06,2.25232E+00,1.34506E+00,9.11073E-10,1.24726E-14,2.62924E-05,5.97190E-01,9.34370E-01
MTC_vo_05900_000055_fd,5.83384E-01,5.90000E-06,6.36789E-02,6.91490E-03,1.31543E-12,6.85630E-19,1.03292E-06,1.08590E-01,8.84752E-02
MTC_vo_05900_003883_g2,4.13557E+01,5.90000E-06,2.09196E+00,1.08973E+00,6.51040E-09,2.45300E-13,7.03000E-05,5.20913E-01,9.64544E-01
MTC_vo_05900_016611_g2,1.76903E+02,5.90000E-06,2.03156E+00,1.03774E+00,1.74680E-07,1.92000E-11,4.69800E-04,5.10811E-01,9.73414E-01
MTC_vo_05900_000203_fd,2.15823E+00,5.90000E-06,5.87160E-01,3.62247E-01,1.80136E-11,3.47289E-17,3.66216E-06,6.16947E-01,6.84498E-01
MTC_vo_05900_000104_fd,1.10836E+00,5.90000E-06,1.76994E-01,6.29759E-02,4.75018E-12,4.70271E-18,1.87803E-06,3.55808E-01,2.99264E-01
MTC_vo_05900_001041_fd,1.10809E+01,5.90000E-06,2.35675E+00,1.54594E+00,4.75029E-10,4.70263E-15,1.89681E-05,6.55963E-01,9.19789E-01
MTC_vo_05900_000750_fd,7.99025E+00,5.90000E-06,2.44295E+00,1.74844E+00,2.46970E-10,1.76299E-15,1.37096E-05,7.15707E-01,9.11848E-01
MTC_vo_05900_071617_g1,7.62682E+02,5.90000E-06,2.01175E+00,1.02947E+00,3.79490E-06,1.53860E-09,2.56600E-03,5.11731E-01,9.80962E-01
MTC_vo_05900_000542_fd,5.77415E+00,5.90000E-06,2.17635E+00,1.61474E+00,1.28964E-10,6.65258E-16,9.85965E-06,7.41949E-01,8.95209E-01
MTC_vo_05900_002801_g2,2.98254E+01,5.90000E-06,2.06610E+00,1.07060E+00,3.38620E-09,9.20130E-14,5.07000E-05,5.18174E-01,9.56511E-01
MTC_vo_05900_000279_fd,2.97475E+00,5.90000E-06,1.01131E+00,6.96990E-01,3.42254E-11,9.09476E-17,5.07068E-06,6.89193E-01,7.85839E-01
MTC_vo_05900_012061_g2,1.28440E+02,5.90000E-06,2.03924E+00,1.04369E+00,7.85230E-08,7.34850E-12,2.81100E-04,5.11806E-01,9.71908E-01
MTC_vo_05900_009333_g2,9.93887E+01,5.90000E-06,2.04638E+00,1.04724E+00,4.04650E-08,3.40490E-12,1.87300E-04,5.11751E-01,9.70336E-01
MTC_vo_05900_051633_g1,5.49867E+02,5.90000E-06,2.01461E+00,1.03005E+00,1.97250E-06,5.76590E-10,1.85000E-03,5.11289E-01,9.80627E-01
MSC_vo_10245_m01_fd_0015,9.06962E-01,1.02450E-05,1.29422E-01,1.10807E-02,9.59134E-12,1.34928E-17,2.77192E-06,8.56168E-02,2.07131E-01
MSC_vo_10245_m02_g2_0594,3.64084E+01,1.02450E-05,2.03407E+00,1.03989E+00,1.52010E-08,8.76350E-13,1.07450E-04,5.11233E-01,9.64500E-01
MSC_vo_10245_m03_g1_2790,1.71120E+02,1.02450E-05,2.00954E+00,1.01393E+00,5.78000E-07,9.09870E-11,1.00000E-03,5.04559E-01,9.88100E-01
MSC_vo_10245_m03_g1_7160,4.39098E+02,1.02450E-05,2.00509E+00,1.01296E+00,3.80580E-06,1.53730E-09,2.56600E-03,5.05192E-01,9.90400E-01
MSC_vo_10245_m01_fd_0104,6.38790E+00,1.02450E-05,1.37372E+00,7.48129E-01,4.75977E-10,4.71698E-15,1.90773E-05,5.44600E-01,9.28628E-01
MSC_vo_10245_m01_fd_0534,3.27559E+01,1.02450E-05,2.05417E+00,1.05181E+00,1.25575E-08,6.36314E-13,9.73434E-05,5.12037E-01,9.81156E-01
MSC_vo_10245_m03_g1_3722,2.28276E+02,1.02450E-05,2.00787E+00,1.01301E+00,1.02860E-06,2.16000E-10,1.33400E-03,5.04521E-01,9.89000E-01
MSC_vo_10245_m01_fd_0144,8.83776E+00,1.02450E-05,1.70711E+00,9.70418E-01,9.11136E-10,1.24928E-14,2.62517E-05,5.68458E-01,9.51091E-01
MSC_vo_10245_m01_fd_0385,2.36084E+01,1.02450E-05,2.08455E+00,1.11958E+00,6.52054E-09,2.38210E-13,7.02764E-05,5.37085E-01,9.77358E-01
MSC_vo_10245_m01_fd_0054,3.32587E+00,1.02450E-05,6.69955E-01,2.76553E-01,1.29011E-10,6.65615E-16,9.94631E-06,4.12793E-01,8.20528E-01
MSC_vo_10245_m02_g2_1205,7.38813E+01,1.02450E-05,2.01980E+00,1.02365E+00,7.84730E-08,7.32280E-12,2.80940E-04,5.06807E-01,9.67300E-01
MSC_vo_10245_m03_g1_5162,3.16573E+02,1.02450E-05,2.00633E+00,1.01275E+00,1.97820E-06,5.76100E-10,1.85000E-03,5.04779E-01,9.89900E-01
MSC_vo_10245_m02_g2_2020,1.23857E+02,1.02450E-05,2.01284E+00,1.01784E+00,3.03560E-07,3.45010E-11,7.23800E-04,5.05676E-01,9.68200E-01
MSC_vo_10245_m02_g2_1660,1.01822E+02,1.02450E-05,2.01599E+00,1.01908E+00,1.74550E-07,1.91690E-11,4.69760E-04,5.05498E-01,9.68500E-01
MSC_vo_10245_m01_fd_0039,2.38537E+00,1.02450E-05,4.37927E-01,1.43405E-01,6.63582E-11,2.45542E-16,7.17439E-06,3.27463E-01,7.19592E-01
MSC_vo_10245_m01_fd_0008,4.70340E-01,1.02450E-05,6.19159E-02,1.06536E-03,2.57376E-12,1.88142E-18,1.46749E-06,1.72065E-02,5.96795E-02
MSC_vo_10245_m01_fd_0020,1.24272E+00,1.02450E-05,1.89922E-01,2.86576E-02,1.80084E-11,3.47135E-17,3.75025E-06,1.50892E-01,3.68665E-01
MSC_vo_10245_m01_fd_0278,1.70268E+01,1.02450E-05,2.08105E+00,1.16977E+00,3.38743E-09,8.93548E-14,5.07099E-05,5.62105E-01,9.71948E-01
MSC_vo_10245_m01_fd_0075,4.60035E+00,1.02450E-05,9.83098E-01,4.76230E-01,2.46844E-10,1.76165E-15,1.36966E-05,4.84418E-01,8.91242E-01
MSC_vo_10245_m02_g2_0933,5.71911E+01,1.02450E-05,2.02881E+00,1.02864E+00,4.03350E-08,3.39670E-12,1.87350E-04,5.07016E-01,9.66000E-01
MSC_vo_10245_m01_fd_0010,6.38298E-01,1.02450E-05,8.56736E-02,3.35157E-03,4.75110E-12,4.70284E-18,1.95665E-06,3.91202E-02,1.03841E-01
MSC_vo_10245_m01_fd_0028,1.71271E+00,1.02450E-05,2.84164E-01,6.59491E-02,3.42076E-11,9.08800E-17,5.05468E-06,2.32081E-01,5.74328E-01
MSC_vo_10245_m01_fd_0199,1.22301E+01,1.02450E-05,1.97532E+00,1.13656E+00,1.74495E-09,3.31101E-14,3.65241E-05,5.75379E-01,9.64094E-01
MSC_vo_10245_m02_g2_1435,8.79945E+01,1.02450E-05,2.02187E+00,1.02352E+00,1.15440E-07,1.23720E-11,3.54150E-04,5.06227E-01,9.68100E-01
MSC_vo_10245_m02_g2_1863,1.14232E+02,1.02450E-05,2.01669E+00,1.01910E+00,2.28180E-07,2.70670E-11,5.93350E-04,5.05334E-01,9.68300E-01
MSC_vo_10245_m01_fd_0005,3.35976E-01,1.02450E-05,4.22887E-02,2.88305E-04,1.30998E-12,6.85696E-19,9.78325E-07,6.81755E-03,3.30411E-02
MTC_vo_03460_3_g1_071617,1.30053E+03,3.46000E-06,2.00896E+00,1.04714E+00,3.79250E-06,1.53860E-09,2.56600E-03,5.21237E-01,9.64064E-01
MTC_vo_03460_1_fd_000055,9.94791E-01,3.46000E-06,1.67947E-01,1.19226E-01,1.31472E-12,6.85636E-19,9.91217E-07,7.09906E-01,2.42203E-01
MTC_vo_03460_1_fd_000203,3.68024E+00,3.46000E-06,2.51739E+00,2.26769E+00,1.79976E-11,3.47295E-17,3.68953E-06,9.00807E-01,7.97663E-01
MTC_vo_03460_2_g2_005380,9.77034E+01,3.46000E-06,2.05022E+00,1.09111E+00,1.24850E-08,6.52370E-13,9.74000E-05,5.32190E-01,9.43991E-01
MTC_vo_03460_3_g1_027910,5.06827E+02,3.46000E-06,2.01679E+00,1.05006E+00,5.76020E-07,9.10640E-11,1.00000E-03,5.20657E-01,9.63180E-01
MTC_vo_03460_1_fd_000542,9.84617E+00,3.46000E-06,2.38653E+00,1.80608E+00,1.28848E-10,6.65273E-16,9.91217E-06,7.56782E-01,7.88529E-01
MTC_vo_03460_1_fd_001041,1.88954E+01,3.46000E-06,2.08575E+00,1.29248E+00,4.75544E-10,4.70273E-15,1.89983E-05,6.19672E-01,8.58765E-01
MTC_vo_03460_1_fd_001440,2.61545E+01,3.46000E-06,2.15032E+00,1.28564E+00,9.12021E-10,1.24728E-14,2.63223E-05,5.97881E-01,9.06062E-01
MTC_vo_03460_1_fd_000104,1.88997E+00,3.46000E-06,8.42415E-01,7.27641E-01,4.74603E-12,4.70267E-18,1.92737E-06,8.63756E-01,6.29400E-01
MTC_vo_03460_1_fd_000077,1.39265E+00,3.46000E-06,3.97946E-01,3.22638E-01,2.57676E-12,1.88135E-18,1.37669E-06,8.10758E-01,4.50740E-01
MTC_vo_03460_1_fd_001999,3.62967E+01,3.46000E-06,2.09245E+00,1.18157E+00,1.75691E-09,3.33402E-14,3.65098E-05,5.64684E-01,9.29292E-01
MTC_vo_03460_3_g1_051633,9.37634E+02,3.46000E-06,2.01114E+00,1.04775E+00,1.97130E-06,5.76590E-10,1.85000E-03,5.20972E-01,9.63867E-01
MTC_vo_03460_2_g2_003883,7.05189E+01,3.46000E-06,2.06286E+00,1.10889E+00,6.50200E-09,2.45290E-13,7.03000E-05,5.37548E-01,9.40840E-01
MTC_vo_03460_3_g1_037232,6.76108E+02,3.46000E-06,2.01386E+00,1.04870E+00,1.02500E-06,2.16180E-10,1.33400E-03,5.20742E-01,9.63567E-01
MTC_vo_03460_3_g1_014360,2.60775E+02,3.46000E-06,2.02615E+00,1.06019E+00,1.15400E-07,1.24040E-11,3.54200E-04,5.23255E-01,9.58772E-01
MTC_vo_03460_1_fd_000148,2.68567E+00,3.46000E-06,1.69401E+00,1.51843E+00,9.58371E-12,1.34955E-17,2.69831E-06,8.96353E-01,7.38263E-01
MTC_vo_03460_1_fd_000389,7.06170E+00,3.46000E-06,2.56657E+00,2.10974E+00,6.62749E-11,2.45404E-16,7.10372E-06,8.22009E-01,7.75672E-01
MTC_vo_03460_2_g2_012061,2.19017E+02,3.46000E-06,2.02930E+00,1.06329E+00,7.86980E-08,7.34850E-12,2.81100E-04,5.23971E-01,9.49542E-01
MTC_vo_03460_1_fd_000750,1.36251E+01,3.46000E-06,2.23727E+00,1.53913E+00,2.46875E-10,1.76305E-15,1.37118E-05,6.87952E-01,8.20200E-01
MTC_vo_03460_3_g1_016611,3.01656E+02,3.46000E-06,2.02373E+00,1.05680E+00,1.74250E-07,1.92000E-11,4.69800E-04,5.22202E-01,9.60528E-01
MTC_vo_03460_2_g2_002801,5.08583E+01,3.46000E-06,2.07922E+00,1.14048E+00,3.38190E-09,9.20130E-14,5.07000E-05,5.48511E-01,9.33393E-01
MTC_vo_03460_2_g2_009333,1.69478E+02,3.46000E-06,2.03493E+00,1.07027E+00,4.04390E-08,3.40490E-12,1.87300E-04,5.25952E-01,9.47205E-01
MTC_vo_03460_2_g2_005938,1.07835E+02,3.46000E-06,2.04732E+00,1.08778E+00,1.52090E-08,8.77100E-13,1.07500E-04,5.31321E-01,9.45110E-01
MTC_vo_03460_3_g1_020201,3.66844E+02,3.46000E-06,2.02083E+00,1.05288E+00,3.01770E-07,3.45310E-11,7.23800E-04,5.21013E-01,9.62445E-01
MTC_vo_03460_3_g1_018632,3.38356E+02,3.46000E-06,2.02198E+00,1.05321E+00,2.27790E-07,2.70950E-11,5.93300E-04,5.20882E-01,9.61959E-01
MTC_vo_03460_1_fd_000279,5.07258E+00,3.46000E-06,2.84550E+00,2.50155E+00,3.41935E-11,9.09489E-17,5.12129E-06,8.79124E-01,7.98740E-01
MSC_vo_00686_m03_g1_0932,8.54511E+02,6.85500E-07,2.01449E+00,2.01441E+00,4.03280E-08,3.39400E-12,1.87300E-04,9.99960E-01,7.49500E-01
MSC_vo_00686_m03_g1_3722,3.41165E+03,6.85500E-07,2.00576E+00,2.00516E+00,1.02860E-06,2.16000E-10,1.33400E-03,9.99705E-01,7.25300E-01
MSC_vo_00686_m02_g2_0202,1.84861E+02,6.85500E-07,2.04530E+00,2.04525E+00,1.75310E-09,3.43630E-14,3.65050E-05,9.99977E-01,7.61300E-01
MSC_vo_00686_m02_g2_0039,3.59667E+01,6.85500E-07,2.16693E+00,2.16689E+00,6.63610E-11,2.53080E-16,7.10250E-06,9.99981E-01,7.86100E-01
MSC_vo_00686_m02_g2_0055,5.01100E+01,6.85500E-07,2.10878E+00,2.10881E+00,1.28820E-10,6.84430E-16,9.89540E-06,1.00001E+00,7.74600E-01
MSC_vo_00686_m02_g2_0145,1.33204E+02,6.85500E-07,2.04782E+00,2.04768E+00,9.10220E-10,1.28560E-14,2.63040E-05,9.99935E-01,7.59000E-01
MSC_vo_00686_m03_g1_5162,4.73128E+03,6.85500E-07,2.00463E+00,2.00394E+00,1.97820E-06,5.76100E-10,1.85000E-03,9.99654E-01,7.25300E-01
MSC_vo_00686_m01_fd_0008,7.03377E+00,6.85500E-07,2.76340E+00,2.76340E+00,2.58011E-12,1.88496E-18,1.39649E-06,1.00000E+00,8.64417E-01
MSC_vo_00686_m01_fd_0015,1.35557E+01,6.85500E-07,2.36496E+00,2.36496E+00,9.58852E-12,1.34953E-17,2.69479E-06,1.00000E+00,8.04602E-01
MSC_vo_00686_m03_g1_2790,2.55745E+03,6.85500E-07,2.00698E+00,2.00639E+00,5.78000E-07,9.09880E-11,1.00000E-03,9.99706E-01,7.25200E-01
MSC_vo_00686_m02_g2_0105,9.62421E+01,6.85500E-07,2.06192E+00,2.06180E+00,4.75170E-10,4.84900E-15,1.90050E-05,9.99943E-01,7.59300E-01
MSC_vo_00686_m03_g1_7160,6.56244E+03,6.85500E-07,2.00372E+00,2.00303E+00,3.80580E-06,1.53730E-09,2.56600E-03,9.99653E-01,7.25300E-01
MSC_vo_00686_m03_g1_1435,1.31528E+03,6.85500E-07,2.01087E+00,2.01058E+00,1.15300E-07,1.23770E-11,3.54200E-04,9.99858E-01,7.42700E-01
MSC_vo_00686_m02_g2_0280,2.56738E+02,6.85500E-07,2.03470E+00,2.03464E+00,3.38140E-09,9.20510E-14,5.06990E-05,9.99972E-01,7.62600E-01
MSC_vo_00686_m02_g2_0076,6.93915E+01,6.85500E-07,2.07735E+00,2.07736E+00,2.47020E-10,1.81750E-15,1.37030E-05,1.00000E+00,7.66400E-01
MSC_vo_00686_m03_g1_1862,1.70707E+03,6.85500E-07,2.00913E+00,2.00875E+00,2.27690E-07,2.70590E-11,5.93300E-04,9.99807E-01,7.27200E-01
MSC_vo_00686_m03_g1_0594,5.44377E+02,6.85500E-07,2.01957E+00,2.01939E+00,1.52430E-08,8.77520E-13,1.07500E-04,9.99914E-01,7.64100E-01
MSC_vo_00686_m01_fd_0005,5.02234E+00,6.85500E-07,2.18822E+00,2.18822E+00,1.31536E-12,6.86137E-19,1.00373E-06,1.00000E+00,8.57430E-01
MSC_vo_00686_m02_g2_0388,3.56020E+02,6.85500E-07,2.02457E+00,2.02450E+00,6.51210E-09,2.45460E-13,7.03040E-05,9.99968E-01,7.64700E-01
MSC_vo_00686_m01_fd_0020,1.85757E+01,6.85500E-07,2.25905E+00,2.25905E+00,1.80312E-11,3.47298E-17,3.69851E-06,9.99999E-01,7.89210E-01
MSC_vo_00686_m02_g2_0538,4.93255E+02,6.85500E-07,2.01950E+00,2.01932E+00,1.24800E-08,6.52790E-13,9.74050E-05,9.99915E-01,7.65200E-01
MSC_vo_00686_m01_fd_0010,9.52515E+00,6.85500E-07,2.62650E+00,2.62650E+00,4.73187E-12,4.68158E-18,1.89835E-06,1.00000E+00,8.35606E-01
MSC_vo_00686_m01_fd_0028,2.56034E+01,6.85500E-07,2.05420E+00,2.05420E+00,3.42948E-11,9.09495E-17,5.09500E-06,9.99999E-01,7.65725E-01
MSC_vo_00686_m03_g1_1205,1.10480E+03,6.85500E-07,2.01221E+00,2.01202E+00,7.84920E-08,7.33510E-12,2.81100E-04,9.99909E-01,7.45400E-01
MSC_vo_00686_m03_g1_2020,1.85109E+03,6.85500E-07,2.00865E+00,2.00806E+00,3.02810E-07,3.45020E-11,7.23800E-04,9.99707E-01,7.25100E-01
MSC_vo_00686_m03_g1_1660,1.52189E+03,6.85500E-07,2.00986E+00,2.00957E+00,1.74340E-07,1.91740E-11,4.69800E-04,9.99857E-01,7.34800E-01
MTC_vo_03800_003883_g2,6.42093E+01,3.80000E-06,2.07096E+00,1.34874E+00,6.50700E-09,2.45290E-13,7.03000E-05,6.51264E-01,8.96291E-01
MTC_vo_03800_000055_fd,9.05783E-01,3.80000E-06,7.06817E-02,5.71591E-02,1.31472E-12,6.85636E-19,1.02814E-06,8.08683E-01,2.01075E-01
MTC_vo_03800_000104_fd,1.72088E+00,3.80000E-06,4.04080E-01,3.73462E-01,4.74614E-12,4.70278E-18,1.87485E-06,9.24228E-01,5.80129E-01
MTC_vo_03800_000203_fd,3.35098E+00,3.80000E-06,1.71337E+00,1.64353E+00,1.79976E-11,3.47300E-17,3.68921E-06,9.59238E-01,7.93770E-01
MTC_vo_03800_002016_g2,3.33382E+01,3.80000E-06,2.14720E+00,1.60411E+00,1.75110E-09,3.43330E-14,3.65000E-05,7.47069E-01,8.56745E-01
MTC_vo_03800_002801_g2,4.63077E+01,3.80000E-06,2.07467E+00,1.43861E+00,3.37870E-09,9.20120E-14,5.07000E-05,6.93415E-01,8.72075E-01
MTC_vo_03800_000542_fd,8.96511E+00,3.80000E-06,2.51129E+00,2.31279E+00,1.28846E-10,6.65253E-16,9.91854E-06,9.20956E-01,7.90120E-01
MTC_vo_03800_000279_fd,4.61872E+00,3.80000E-06,2.53219E+00,2.43156E+00,3.41934E-11,9.09492E-17,5.08023E-06,9.60260E-01,8.31342E-01
MTC_vo_03800_001041_fd,1.72047E+01,3.80000E-06,2.18871E+00,1.83794E+00,4.75322E-10,4.70268E-15,1.89904E-05,8.39736E-01,7.83783E-01
MTC_vo_03800_000750_fd,1.24060E+01,3.80000E-06,2.34917E+00,2.08129E+00,2.46747E-10,1.76303E-15,1.37287E-05,8.85969E-01,7.80633E-01
MTC_vo_03800_071617_g1,1.18416E+03,3.80000E-06,2.00999E+00,1.04709E+00,3.79250E-06,1.53860E-09,2.56600E-03,5.20943E-01,9.72623E-01
MTC_vo_03800_051633_g1,8.53740E+02,3.80000E-06,2.01242E+00,1.05410E+00,1.97130E-06,5.76590E-10,1.85000E-03,5.23795E-01,9.71621E-01
MTC_vo_03800_012061_g2,1.99421E+02,3.80000E-06,2.03188E+00,1.14762E+00,7.84200E-08,7.34850E-12,2.81100E-04,5.64806E-01,9.38955E-01
MTC_vo_03800_009333_g2,1.54314E+02,3.80000E-06,2.03781E+00,1.16309E+00,4.04050E-08,3.40490E-12,1.87300E-04,5.70755E-01,9.35987E-01
MTC_vo_03800_000389_fd,6.42986E+00,3.80000E-06,2.81658E+00,2.67387E+00,6.62786E-11,2.45404E-16,7.07603E-06,9.49333E-01,8.24406E-01
MTC_vo_03800_027910_g1,4.61480E+02,3.80000E-06,2.01872E+00,1.08598E+00,5.76020E-07,9.10640E-11,1.00000E-03,5.37955E-01,9.65896E-01
MTC_vo_03800_014360_g2,2.37442E+02,3.80000E-06,2.02827E+00,1.12924E+00,1.15680E-07,1.24040E-11,3.54200E-04,5.56747E-01,9.44440E-01
MTC_vo_03800_000148_fd,2.44535E+00,3.80000E-06,9.45171E-01,8.97261E-01,9.58357E-12,1.34950E-17,2.72155E-06,9.49310E-01,7.14793E-01
MTC_vo_03800_018632_g1,3.08082E+02,3.80000E-06,2.02451E+00,1.11383E+00,2.27790E-07,2.70950E-11,5.93300E-04,5.50173E-01,9.59490E-01
MTC_vo_03800_020201_g1,3.34021E+02,3.80000E-06,2.02322E+00,1.11888E+00,3.01770E-07,3.45310E-11,7.23800E-04,5.53020E-01,9.58337E-01
MTC_vo_03800_005380_g2,8.89620E+01,3.80000E-06,2.05500E+00,1.25736E+00,1.24860E-08,6.52380E-13,9.74000E-05,6.11856E-01,9.18222E-01
MTC_vo_03800_037232_g1,6.15614E+02,3.80000E-06,2.01545E+00,1.06702E+00,1.02500E-06,2.16180E-10,1.33400E-03,5.29422E-01,9.69521E-01
MTC_vo_03800_005938_g2,9.81866E+01,3.80000E-06,2.05313E+00,1.23584E+00,1.52100E-08,8.77090E-13,1.07500E-04,6.01929E-01,9.24687E-01
MTC_vo_03800_016611_g1,2.74666E+02,3.80000E-06,2.02646E+00,1.12197E+00,1.74250E-07,1.92000E-11,4.69800E-04,5.53659E-01,9.57870E-01
MTC_vo_03800_000077_fd,1.26805E+00,3.80000E-06,1.84040E-01,1.63529E-01,2.57680E-12,1.88135E-18,1.39101E-06,8.88551E-01,3.77861E-01
MTC_vo_03800_001440_fd,2.38142E+01,3.80000E-06,2.03990E+00,1.59482E+00,9.11877E-10,1.24725E-14,2.63083E-05,7.81813E-01,7.98436E-01
MTC_vo_09750_000055_fd,3.53029E-01,9.75000E-06,2.92624E-02,5.85813E-04,1.31020E-12,6.85668E-19,9.31056E-07,2.00193E-02,6.19098E-02
MTC_vo_09750_003883_g2,2.50252E+01,9.75000E-06,2.14616E+00,1.20226E+00,6.49200E-09,2.45290E-13,7.02990E-05,5.60192E-01,9.42745E-01
MTC_vo_09750_016611_g2,1.07049E+02,9.75000E-06,2.03571E+00,1.04411E+00,1.74030E-07,1.92000E-11,4.69800E-04,5.12899E-01,9.65914E-01
MTC_vo_09750_000203_fd,1.30601E+00,9.75000E-06,1.68989E-01,5.71347E-02,1.80139E-11,3.47293E-17,3.72423E-06,3.38097E-01,3.98227E-01
MTC_vo_09750_000104_fd,6.70696E-01,9.75000E-06,6.29575E-02,6.54933E-03,4.75012E-12,4.70268E-18,1.86211E-06,1.04028E-01,1.14418E-01
MTC_vo_09750_020201_g2,1.30182E+02,9.75000E-06,2.03096E+00,1.04270E+00,3.01920E-07,3.45310E-11,7.23800E-04,5.13404E-01,9.65699E-01
MTC_vo_09750_018632_g2,1.20073E+02,9.75000E-06,2.03539E+00,1.04296E+00,2.28150E-07,2.70950E-11,5.93300E-04,5.12416E-01,9.65962E-01
MTC_vo_09750_071617_g1,4.61520E+02,9.75000E-06,2.01377E+00,1.02340E+00,3.79270E-06,1.53860E-09,2.56600E-03,5.08204E-01,9.86637E-01
MTC_vo_09750_000750_fd,4.83510E+00,9.75000E-06,1.35081E+00,9.47890E-01,2.46975E-10,1.76296E-15,1.36555E-05,7.01721E-01,8.89864E-01
MTC_vo_09750_001041_fd,6.70541E+00,9.75000E-06,1.90396E+00,1.38463E+00,4.75022E-10,4.70268E-15,1.89315E-05,7.27240E-01,9.21275E-01
MTC_vo_09750_000542_fd,3.49409E+00,9.75000E-06,8.59237E-01,5.59911E-01,1.28969E-10,6.65248E-16,9.93127E-06,6.51637E-01,8.29057E-01
MTC_vo_09750_000279_fd,1.80011E+00,9.75000E-06,2.85215E-01,1.32325E-01,3.42246E-11,9.09480E-17,5.12081E-06,4.63949E-01,6.01926E-01
MTC_vo_09750_009333_g2,6.01429E+01,9.75000E-06,2.05105E+00,1.05890E+00,4.04210E-08,3.40490E-12,1.87300E-04,5.16275E-01,9.61320E-01
MTC_vo_09750_012061_g2,7.77229E+01,9.75000E-06,2.04525E+00,1.05686E+00,7.84100E-08,7.34850E-12,2.81100E-04,5.16740E-01,9.63466E-01
MTC_vo_09750_051633_g1,3.32740E+02,9.75000E-06,2.01712E+00,1.02498E+00,1.97140E-06,5.76590E-10,1.85000E-03,5.08142E-01,9.86004E-01
MTC_vo_09750_014360_g2,9.25415E+01,9.75000E-06,2.03631E+00,1.04392E+00,1.15670E-07,1.24040E-11,3.54200E-04,5.12653E-01,9.64803E-01
MTC_vo_09750_002776_fd,1.78913E+01,9.75000E-06,2.22873E+00,1.37147E+00,3.38804E-09,8.93557E-14,5.07426E-05,6.15362E-01,9.52183E-01
MTC_vo_09750_027910_g1,1.79859E+02,9.75000E-06,2.02580E+00,1.03298E+00,5.76030E-07,9.10640E-11,1.00000E-03,5.09914E-01,9.83738E-01
MTC_vo_09750_000389_fd,2.50596E+00,9.75000E-06,5.02850E-01,2.91024E-01,6.63307E-11,2.45391E-16,7.13810E-06,5.78750E-01,7.33110E-01
MTC_vo_09750_000148_fd,9.53065E-01,9.75000E-06,1.02605E-01,2.20390E-02,9.59230E-12,1.34953E-17,2.63799E-06,2.14794E-01,2.26247E-01
MTC_vo_09750_001999_fd,1.28807E+01,9.75000E-06,2.31415E+00,1.55629E+00,1.75322E-09,3.33404E-14,3.64664E-05,6.72511E-01,9.44146E-01
MTC_vo_09750_005380_g2,3.46720E+01,9.75000E-06,2.04814E+00,1.07396E+00,1.24810E-08,6.52360E-13,9.73990E-05,5.24361E-01,9.53765E-01
MTC_vo_09750_005938_g2,3.82676E+01,9.75000E-06,2.03955E+00,1.05940E+00,1.52040E-08,8.77090E-13,1.07500E-04,5.19430E-01,9.56886E-01
MTC_vo_09750_037232_g1,2.39932E+02,9.75000E-06,2.02129E+00,1.02798E+00,1.02510E-06,2.16180E-10,1.33400E-03,5.08578E-01,9.85047E-01
MTC_vo_09750_000077_fd,4.94212E-01,9.75000E-06,4.26501E-02,2.12034E-03,2.57558E-12,1.88134E-18,1.39658E-06,4.97147E-02,7.30255E-02
MTC_vo_09750_001440_fd,9.28146E+00,9.75000E-06,2.24209E+00,1.60189E+00,9.10157E-10,1.24727E-14,2.62248E-05,7.14465E-01,9.36860E-01
MTC_vo_03058_3_g1_051633,1.06089E+03,3.05800E-06,2.00183E+00,1.08485E+00,1.97250E-06,5.76590E-10,1.85000E-03,5.41927E-01,9.24194E-01
MTC_vo_03058_1_fd_000077,1.57574E+00,3.05800E-06,1.41553E+00,3.45382E-01,2.57671E-12,1.88140E-18,1.41142E-06,2.43995E-01,5.69538E-01
MTC_vo_03058_1_fd_001440,2.95926E+01,3.05800E-06,2.01241E+00,1.07919E+00,9.12135E-10,1.24726E-14,2.62816E-05,5.36267E-01,9.06188E-01
MTC_vo_03058_1_fd_001041,2.13793E+01,3.05800E-06,2.01214E+00,1.06294E+00,4.75685E-10,4.70272E-15,1.89811E-05,5.28265E-01,9.04532E-01
MTC_vo_03058_1_fd_000104,2.13844E+00,3.05800E-06,1.63818E+00,5.06096E-01,4.74591E-12,4.70282E-18,1.90298E-05,3.08938E-01,7.04769E-01
MTC_vo_03058_1_fd_000542,1.11405E+01,3.05800E-06,1.97368E+00,9.91908E-01,1.28871E-10,6.65263E-16,9.87993E-06,5.02568E-01,8.94794E-01
MTC_vo_03058_3_g1_027910,5.73454E+02,3.05800E-06,2.00276E+00,1.08313E+00,5.76350E-07,9.10640E-11,1.00000E-03,5.40816E-01,9.23762E-01
MTC_vo_03058_1_fd_000055,1.12556E+00,3.05800E-06,1.14111E+00,1.95813E-01,1.31468E-12,6.85620E-19,1.04640E-05,1.71599E-01,3.37267E-01
MTC_vo_03058_3_g1_071617,1.47149E+03,3.05800E-06,2.00147E+00,1.08553E+00,3.79410E-06,1.53860E-09,2.56600E-03,5.42364E-01,9.24343E-01
MTC_vo_03058_2_g2_005380,1.10548E+02,3.05800E-06,2.00702E+00,1.10522E+00,1.25020E-08,6.52380E-13,9.74000E-05,5.50676E-01,9.10026E-01
MTC_vo_03058_1_fd_000203,4.16401E+00,3.05800E-06,1.94793E+00,8.13446E-01,1.79979E-11,3.47287E-17,3.69889E-06,4.17594E-01,8.44847E-01
MTC_vo_03058_2_g2_009333,1.91757E+02,3.05800E-06,2.00561E+00,1.09999E+00,4.04620E-08,3.40490E-12,1.87300E-04,5.48457E-01,9.13300E-01
MTC_vo_03058_1_fd_000279,5.73936E+00,3.05800E-06,2.01683E+00,9.10101E-01,3.41948E-11,9.09465E-17,5.11031E-06,4.51252E-01,8.75078E-01
MTC_vo_03058_3_g1_018632,3.82836E+02,3.05800E-06,2.00362E+00,1.08199E+00,2.27740E-07,2.70950E-11,5.93300E-04,5.40018E-01,9.22394E-01
MTC_vo_03058_3_g1_020201,4.15068E+02,3.05800E-06,2.00343E+00,1.08190E+00,3.01950E-07,3.45310E-11,7.23800E-04,5.40024E-01,9.23400E-01
MTC_vo_03058_2_g2_005938,1.22011E+02,3.05800E-06,2.00670E+00,1.10640E+00,1.52300E-08,8.77090E-13,1.07500E-04,5.51350E-01,9.10096E-01
MTC_vo_03058_3_g1_016611,3.41311E+02,3.05800E-06,2.00391E+00,1.08706E+00,1.74210E-07,1.92000E-11,4.69800E-04,5.42473E-01,9.20108E-01
MTC_vo_03058_1_fd_000750,1.54160E+01,3.05800E-06,1.99619E+00,1.03495E+00,2.47014E-10,1.76295E-15,1.36762E-05,5.18463E-01,9.00928E-01
MTC_vo_03058_2_g2_012061,2.47809E+02,3.05800E-06,2.00447E+00,1.09060E+00,7.84950E-08,7.34850E-12,2.81100E-04,5.44083E-01,9.17842E-01
MTC_vo_03058_2_g2_002801,5.75441E+01,3.05800E-06,2.00919E+00,1.09457E+00,3.38610E-09,9.20130E-14,5.07000E-05,5.44781E-01,9.09741E-01
MTC_vo_03058_2_g2_002016,4.14274E+01,3.05800E-06,2.01047E+00,1.08701E+00,1.75500E-09,3.43330E-14,3.65000E-05,5.40675E-01,9.08153E-01
MTC_vo_03058_1_fd_000389,7.98996E+00,3.05800E-06,2.04961E+00,9.78072E-01,6.62718E-11,2.45399E-16,7.10576E-06,4.77199E-01,8.92549E-01
MTC_vo_03058_1_fd_000148,3.03873E+00,3.05800E-06,1.83322E+00,6.85007E-01,9.58383E-12,1.34955E-17,2.67683E-06,3.73664E-01,7.92588E-01
MTC_vo_03058_3_g1_014360,2.95056E+02,3.05800E-06,2.00430E+00,1.09053E+00,1.15370E-07,1.24040E-11,3.54200E-04,5.44094E-01,9.16867E-01
MTC_vo_03058_3_g1_037232,7.64988E+02,3.05800E-06,2.00228E+00,1.08402E+00,1.02560E-06,2.16180E-10,1.33400E-03,5.41394E-01,9.23998E-01
MTC_vo_03058_2_g2_003883,7.97892E+01,3.05800E-06,2.00808E+00,1.10050E+00,6.51310E-09,2.45290E-13,7.03000E-05,5.48036E-01,9.09846E-01
MTC_vo_01159_2_g2_000757,4.10271E+01,1.15900E-06,2.17934E+00,2.17887E+00,2.46700E-10,1.81550E-15,1.37000E-05,9.99784E-01,7.86607E-01
MTC_vo_01159_1_fd_000104,5.64216E+00,1.15900E-06,2.38933E+00,2.38929E+00,4.74613E-12,4.70263E-18,1.89994E-06,9.99980E-01,8.67382E-01
MTC_vo_01159_3_g1_051633,2.79915E+03,1.15900E-06,2.00682E+00,1.99127E+00,1.97290E-06,5.76590E-10,1.85000E-03,9.92249E-01,7.35232E-01
MTC_vo_01159_1_fd_000077,4.15752E+00,1.15900E-06,1.61882E+00,1.61878E+00,2.57685E-12,1.88134E-18,1.40190E-06,9.99979E-01,8.43417E-01
MTC_vo_01159_1_fd_000055,2.96980E+00,1.15900E-06,8.64521E-01,8.64498E-01,1.31466E-12,6.85649E-19,9.96087E-07,9.99974E-01,7.71278E-01
MTC_vo_01159_3_g1_071617,3.88250E+03,1.15900E-06,2.00549E+00,1.98418E+00,3.79560E-06,1.53860E-09,2.56600E-03,9.89376E-01,7.36613E-01
MTC_vo_01159_3_g1_009333,5.05948E+02,1.15900E-06,2.02134E+00,2.01692E+00,4.04460E-08,3.40490E-12,1.87300E-04,9.97811E-01,7.56819E-01
MTC_vo_01159_2_g2_005380,2.91679E+02,1.15900E-06,2.02957E+00,2.02659E+00,1.24780E-08,6.52380E-13,9.74000E-05,9.98532E-01,7.51605E-01
MTC_vo_01159_1_fd_000203,1.09867E+01,1.15900E-06,2.50286E+00,2.50276E+00,1.79975E-11,3.47292E-17,3.70766E-06,9.99960E-01,8.28889E-01
MTC_vo_01159_3_g1_012061,6.53838E+02,1.15900E-06,2.01799E+00,2.01297E+00,7.86200E-08,7.34850E-12,2.81100E-04,9.97513E-01,7.52447E-01
MTC_vo_01159_2_g2_001050,5.68981E+01,1.15900E-06,2.08735E+00,2.08669E+00,4.74500E-10,4.84260E-15,1.90000E-05,9.99685E-01,7.65195E-01
MTC_vo_01159_1_fd_000542,2.93940E+01,1.15900E-06,2.02407E+00,2.02379E+00,1.29250E-10,6.65266E-16,9.90553E-06,9.99864E-01,7.69458E-01
MTC_vo_01159_3_g1_027910,1.51305E+03,1.15900E-06,2.01028E+00,2.00165E+00,5.76460E-07,9.10640E-11,1.00000E-03,9.95705E-01,7.33421E-01
MTC_vo_01159_3_g1_016611,9.00543E+02,1.15900E-06,2.01453E+00,2.00859E+00,1.74250E-07,1.92000E-11,4.69800E-04,9.97051E-01,7.41341E-01
MTC_vo_01159_2_g2_002801,1.51828E+02,1.15900E-06,2.04112E+00,2.03956E+00,3.37800E-09,9.20120E-14,5.07000E-05,9.99237E-01,7.41744E-01
MTC_vo_01159_3_g1_018633,1.01011E+03,1.15900E-06,2.01346E+00,2.00694E+00,2.27780E-07,2.70950E-11,5.93300E-04,9.96761E-01,7.34416E-01
MTC_vo_01159_1_fd_000279,1.51434E+01,1.15900E-06,2.34251E+00,2.34238E+00,3.42277E-11,9.09508E-17,5.09111E-06,9.99941E-01,8.08457E-01
MTC_vo_01159_2_g2_005938,3.21923E+02,1.15900E-06,2.02741E+00,2.02420E+00,1.51900E-08,8.77090E-13,1.07500E-04,9.98417E-01,7.54141E-01
MTC_vo_01159_3_g1_020201,1.09515E+03,1.15900E-06,2.01275E+00,2.00637E+00,3.01750E-07,3.45310E-11,7.23800E-04,9.96830E-01,7.32759E-01
MTC_vo_01159_3_g1_037232,2.01841E+03,1.15900E-06,2.00848E+00,1.99712E+00,1.02580E-06,2.16180E-10,1.33400E-03,9.94342E-01,7.34220E-01
MTC_vo_01159_2_g2_003883,2.10522E+02,1.15900E-06,2.03551E+00,2.03330E+00,6.50040E-09,2.45290E-13,7.03000E-05,9.98912E-01,7.49607E-01
MTC_vo_01159_2_g2_002016,1.09304E+02,1.15900E-06,2.06644E+00,2.06531E+00,1.75080E-09,3.43320E-14,3.65000E-05,9.99454E-01,7.47898E-01
MTC_vo_01159_2_g2_001453,7.87599E+01,1.15900E-06,2.07854E+00,2.07769E+00,9.09000E-10,1.28440E-14,2.63000E-05,9.99591E-01,7.51895E-01
MTC_vo_01159_1_fd_000148,8.01755E+00,1.15900E-06,2.77863E+00,2.77856E+00,9.58430E-12,1.34951E-17,2.69312E-06,9.99975E-01,8.62750E-01
MTC_vo_01159_3_g1_014360,7.78499E+02,1.15900E-06,2.01601E+00,2.01026E+00,1.15400E-07,1.24040E-11,3.54200E-04,9.97148E-01,7.49509E-01
MTC_vo_01159_1_fd_000389,2.10812E+01,1.15900E-06,2.18578E+00,2.18558E+00,6.64267E-11,2.45393E-16,7.10173E-06,9.99911E-01,7.88035E-01
MSC_vo_01365_m02_g2_0202,9.28168E+01,1.36500E-06,2.03724E+00,2.03278E+00,1.75500E-09,3.43410E-14,3.64970E-05,9.97809E-01,7.67600E-01
MSC_vo_01365_m03_g1_3722,1.71332E+03,1.36500E-06,2.00701E+00,1.96233E+00,1.02860E-06,2.16000E-10,1.33400E-03,9.77738E-01,7.44400E-01
MSC_vo_01365_m01_fd_0008,3.53132E+00,1.36500E-06,1.19270E+00,1.19256E+00,2.57862E-12,1.88332E-18,1.39038E-06,9.99885E-01,8.13592E-01
MSC_vo_01365_m01_fd_0039,1.78999E+01,1.36500E-06,2.29187E+00,2.29106E+00,6.63844E-11,2.45399E-16,7.10396E-06,9.99649E-01,8.04155E-01
MSC_vo_01365_m01_fd_0054,2.49579E+01,1.36500E-06,2.06824E+00,2.06711E+00,1.29222E-10,6.65258E-16,9.90644E-06,9.99453E-01,7.79099E-01
MSC_vo_01365_m02_g2_0145,6.69050E+01,1.36500E-06,2.04668E+00,2.04345E+00,9.11900E-10,1.28620E-14,2.63090E-05,9.98421E-01,7.74800E-01
MSC_vo_01365_m03_g1_5162,2.37604E+03,1.36500E-06,2.00563E+00,1.94465E+00,1.97830E-06,5.76100E-10,1.85000E-03,9.69593E-01,7.48000E-01
MSC_vo_01365_m02_g2_0105,4.83422E+01,1.36500E-06,2.06481E+00,2.06251E+00,4.76080E-10,4.85190E-15,1.90090E-05,9.98891E-01,7.81000E-01
MSC_vo_01365_m03_g1_2790,1.28435E+03,1.36500E-06,2.00849E+00,1.97451E+00,5.78000E-07,9.09890E-11,1.00000E-03,9.83084E-01,7.41700E-01
MSC_vo_01365_m01_fd_0015,6.81062E+00,1.36500E-06,2.68694E+00,2.68665E+00,9.59275E-12,1.35132E-17,2.69386E-06,9.99893E-01,8.73630E-01
MSC_vo_01365_m02_g2_0594,2.73367E+02,1.36500E-06,2.02392E+00,2.01129E+00,1.52240E-08,8.77350E-13,1.07490E-04,9.93758E-01,7.74900E-01
MSC_vo_01365_m03_g1_1862,8.57285E+02,1.36500E-06,2.01112E+00,1.98535E+00,2.27690E-07,2.70590E-11,5.93300E-04,9.87187E-01,7.41800E-01
MSC_vo_01365_m03_g1_1435,6.60531E+02,1.36500E-06,2.01323E+00,1.99006E+00,1.15300E-07,1.23770E-11,3.54200E-04,9.88494E-01,7.56300E-01
MSC_vo_01365_m03_g1_7160,3.29564E+03,1.36500E-06,2.00453E+00,1.92164E+00,3.80580E-06,1.53730E-09,2.56600E-03,9.58650E-01,7.53200E-01
MSC_vo_01365_m02_g2_0280,1.28949E+02,1.36500E-06,2.03951E+00,2.03332E+00,3.38740E-09,9.20850E-14,5.07050E-05,9.96964E-01,7.70000E-01
MSC_vo_01365_m02_g2_0388,1.78783E+02,1.36500E-06,2.03781E+00,2.02950E+00,6.51140E-09,2.45420E-13,7.03010E-05,9.95921E-01,7.72900E-01
MSC_vo_01365_m01_fd_0005,2.52098E+00,1.36500E-06,5.81936E-01,5.81844E-01,1.31408E-12,6.85134E-19,9.99334E-07,9.99842E-01,7.24744E-01
MSC_vo_01365_m01_fd_0075,3.46285E+01,1.36500E-06,2.05780E+00,2.05621E+00,2.48811E-10,1.77710E-15,1.37083E-05,9.99227E-01,7.74561E-01
MSC_vo_01365_m01_fd_0028,1.28411E+01,1.36500E-06,2.40268E+00,2.40211E+00,3.41059E-11,9.05915E-17,5.10529E-06,9.99763E-01,8.19498E-01
MSC_vo_01365_m01_fd_0010,4.78908E+00,1.36500E-06,1.95676E+00,1.95656E+00,4.74290E-12,4.69796E-18,1.89004E-06,9.99900E-01,8.58928E-01
MSC_vo_01365_m02_g2_0538,2.47678E+02,1.36500E-06,2.02314E+00,2.01161E+00,1.24780E-08,6.52520E-13,9.73920E-05,9.94301E-01,7.72700E-01
MSC_vo_01365_m02_g2_0932,4.29159E+02,1.36500E-06,2.01843E+00,2.00028E+00,4.03430E-08,3.39460E-12,1.87310E-04,9.91007E-01,7.62600E-01
MSC_vo_01365_m01_fd_0020,9.31821E+00,1.36500E-06,2.67346E+00,2.67306E+00,1.79582E-11,3.46128E-17,3.69319E-06,9.99849E-01,8.50696E-01
MSC_vo_01365_m03_g1_1660,7.64292E+02,1.36500E-06,2.01200E+00,1.98844E+00,1.74340E-07,1.91740E-11,4.69800E-04,9.88287E-01,7.48700E-01
MSC_vo_01365_m03_g1_2020,9.29614E+02,1.36500E-06,2.01053E+00,1.98566E+00,3.02810E-07,3.45020E-11,7.23800E-04,9.87630E-01,7.39700E-01
MSC_vo_01365_m03_g1_1205,5.54826E+02,1.36500E-06,2.01486E+00,1.99460E+00,7.84920E-08,7.33510E-12,2.81100E-04,9.89945E-01,7.58800E-01
MTC_vo_00210_2_g2_000204,6.11526E+01,2.10000E-07,2.08012E+00,2.08005E+00,1.79940E-11,3.57630E-17,3.70000E-06,9.99969E-01,7.23938E-01
MTC_vo_00210_3_g1_037232,1.11397E+04,2.10000E-07,2.00227E+00,2.00180E+00,1.02580E-06,2.16180E-10,1.33400E-03,9.99762E-01,6.81175E-01
MTC_vo_00210_3_g1_014360,4.29657E+03,2.10000E-07,2.00429E+00,2.00413E+00,1.15390E-07,1.24040E-11,3.54200E-04,9.99918E-01,6.98085E-01
MTC_vo_00210_3_g1_016611,4.97014E+03,2.10000E-07,2.00390E+00,2.00366E+00,1.74220E-07,1.92000E-11,4.69800E-04,9.99883E-01,6.88700E-01
MTC_vo_00210_3_g1_005380,1.60979E+03,2.10000E-07,2.00826E+00,2.00810E+00,1.25050E-08,6.52380E-13,9.74000E-05,9.99921E-01,7.21438E-01
MTC_vo_00210_3_g1_020201,6.04419E+03,2.10000E-07,2.00342E+00,2.00294E+00,3.02000E-07,3.45310E-11,7.23800E-04,9.99763E-01,6.81266E-01
MTC_vo_00210_3_g1_018632,5.57482E+03,2.10000E-07,2.00361E+00,2.00325E+00,2.27770E-07,2.70950E-11,5.93300E-04,9.99823E-01,6.82414E-01
MTC_vo_00210_3_g1_005938,1.77672E+03,2.10000E-07,2.00773E+00,2.00757E+00,1.52320E-08,8.77100E-13,1.07500E-04,9.99920E-01,7.21450E-01
MTC_vo_00210_3_g1_071617,2.14277E+04,2.10000E-07,2.00147E+00,2.00099E+00,3.79560E-06,1.53860E-09,2.56600E-03,9.99761E-01,6.81282E-01
MTC_vo_00210_1_fd_000055,1.63904E+01,2.10000E-07,2.24550E+00,2.24550E+00,1.31644E-12,6.85638E-19,9.99334E-07,1.00000E+00,7.27604E-01
MTC_vo_00210_3_g1_009333,2.79235E+03,2.10000E-07,2.00572E+00,2.00565E+00,4.04360E-08,3.40490E-12,1.87300E-04,9.99964E-01,7.02910E-01
MTC_vo_00210_3_g1_002801,8.37948E+02,2.10000E-07,2.01276E+00,2.01261E+00,3.38820E-09,9.20120E-14,5.07000E-05,9.99924E-01,7.21326E-01
MTC_vo_00210_2_g2_000547,1.63624E+02,2.10000E-07,2.03811E+00,2.03801E+00,1.28910E-10,6.85060E-16,9.90000E-06,9.99951E-01,7.00908E-01
MTC_vo_00210_3_g1_012061,3.60857E+03,2.10000E-07,2.00482E+00,2.00468E+00,7.86110E-08,7.34850E-12,2.81100E-04,9.99928E-01,6.99873E-01
MTC_vo_00210_2_g2_000149,4.46249E+01,2.10000E-07,2.08314E+00,2.08309E+00,9.58200E-12,1.38970E-17,2.70000E-06,9.99975E-01,7.39989E-01
MTC_vo_00210_2_g2_001050,3.14024E+02,2.10000E-07,2.02391E+00,2.02375E+00,4.74830E-10,4.84260E-15,1.90000E-05,9.99922E-01,7.03370E-01
MTC_vo_00210_3_g1_027910,8.35058E+03,2.10000E-07,2.00276E+00,2.00228E+00,5.76460E-07,9.10640E-11,1.00000E-03,9.99762E-01,6.81205E-01
MTC_vo_00210_1_fd_000104,3.11395E+01,2.10000E-07,2.15145E+00,2.15145E+00,4.76084E-12,4.70272E-18,1.89840E-06,1.00000E+00,7.22351E-01
MTC_vo_00210_2_g2_000392,1.17347E+02,2.10000E-07,2.04636E+00,2.04624E+00,6.62470E-11,2.52700E-16,7.10000E-06,9.99942E-01,6.96939E-01
MTC_vo_00210_3_g1_001453,4.34680E+02,2.10000E-07,2.01977E+00,2.01963E+00,9.11720E-10,1.28440E-14,2.63000E-05,9.99929E-01,7.21111E-01
MTC_vo_00210_2_g2_000757,2.26426E+02,2.10000E-07,2.03020E+00,2.03007E+00,2.46770E-10,1.81540E-15,1.37000E-05,9.99936E-01,7.02672E-01
MTC_vo_00210_3_g1_002016,6.03257E+02,2.10000E-07,2.01589E+00,2.01574E+00,1.75600E-09,3.43320E-14,3.65000E-05,9.99926E-01,7.21235E-01
MTC_vo_00210_3_g1_003883,1.16188E+03,2.10000E-07,2.01026E+00,2.01011E+00,6.51420E-09,2.45290E-13,7.03000E-05,9.99922E-01,7.21391E-01
MTC_vo_00210_3_g1_051633,1.54486E+04,2.10000E-07,2.00183E+00,2.00135E+00,1.97290E-06,5.76590E-10,1.85000E-03,9.99761E-01,6.81218E-01
MTC_vo_00210_1_fd_000077,2.29458E+01,2.10000E-07,2.04441E+00,2.04441E+00,2.58344E-12,1.88139E-18,1.40040E-06,1.00000E+00,7.07783E-01
MTC_vo_00210_2_g2_000282,8.42911E+01,2.10000E-07,2.06209E+00,2.06199E+00,3.41820E-11,9.36560E-17,5.10000E-06,9.99950E-01,7.04376E-01
MSC_vo_00674_m03_g1_2790,2.60302E+03,6.73500E-07,2.00584E+00,2.00524E+00,5.78000E-07,9.09880E-11,1.00000E-03,9.99705E-01,7.25100E-01
MSC_vo_00674_m02_g2_0105,9.79549E+01,6.73500E-07,2.05307E+00,2.05294E+00,4.75150E-10,4.84870E-15,1.90050E-05,9.99935E-01,7.69900E-01
MSC_vo_00674_m01_fd_0015,1.37871E+01,6.74000E-07,2.36470E+00,2.36470E+00,9.58964E-12,1.34957E-17,2.70321E-06,1.00000E+00,8.03543E-01
MSC_vo_00674_m02_g2_0076,7.06071E+01,6.73500E-07,2.06785E+00,2.06773E+00,2.46870E-10,1.81590E-15,1.36990E-05,9.99944E-01,7.75500E-01
MSC_vo_00674_m03_g1_1862,1.73748E+03,6.73500E-07,2.00764E+00,2.00725E+00,2.27690E-07,2.70590E-11,5.93300E-04,9.99806E-01,7.27000E-01
MSC_vo_00674_m03_g1_1435,1.33872E+03,6.73500E-07,2.00909E+00,2.00890E+00,1.15300E-07,1.23770E-11,3.54200E-04,9.99906E-01,7.42200E-01
MSC_vo_00674_m03_g1_7160,6.67937E+03,6.73500E-07,2.00311E+00,2.00242E+00,3.80580E-06,1.53730E-09,2.56600E-03,9.99653E-01,7.25100E-01
MSC_vo_00674_m02_g2_0280,2.61324E+02,6.73500E-07,2.02882E+00,2.02865E+00,3.38170E-09,9.20630E-14,5.07010E-05,9.99919E-01,7.63400E-01
MSC_vo_00674_m03_g1_0538,5.02018E+02,6.73500E-07,2.01748E+00,2.01731E+00,1.25110E-08,6.52690E-13,9.74000E-05,9.99912E-01,7.64400E-01
MSC_vo_00674_m02_g2_0055,5.10492E+01,6.73500E-07,2.09765E+00,2.09756E+00,1.29050E-10,6.86300E-16,9.90440E-06,9.99954E-01,7.84100E-01
MSC_vo_00674_m02_g2_0202,1.88120E+02,6.73500E-07,2.03534E+00,2.03518E+00,1.75250E-09,3.43440E-14,3.64980E-05,9.99923E-01,7.63900E-01
MSC_vo_00674_m03_g1_3722,3.47243E+03,6.73500E-07,2.00482E+00,2.00422E+00,1.02860E-06,2.16000E-10,1.33400E-03,9.99704E-01,7.25100E-01
MSC_vo_00674_m03_g1_0932,8.69736E+02,6.73500E-07,2.01212E+00,2.01204E+00,4.03290E-08,3.39400E-12,1.87300E-04,9.99958E-01,7.49100E-01
MSC_vo_00674_m01_fd_0039,3.62093E+01,6.74000E-07,2.13118E+00,2.13118E+00,6.63193E-11,2.44550E-16,7.10130E-06,9.99999E-01,7.71089E-01
MSC_vo_00674_m01_fd_0008,7.14537E+00,6.74000E-07,2.77648E+00,2.77648E+00,2.57405E-12,1.87832E-18,1.40524E-06,1.00000E+00,8.63455E-01
MSC_vo_00674_m02_g2_0145,1.35581E+02,6.73500E-07,2.04305E+00,2.04290E+00,9.10250E-10,1.28570E-14,2.63050E-05,9.99929E-01,7.65600E-01
MSC_vo_00674_m03_g1_5162,4.81558E+03,6.73500E-07,2.00387E+00,2.00318E+00,1.97820E-06,5.76100E-10,1.85000E-03,9.99653E-01,7.25000E-01
MSC_vo_00674_m01_fd_0010,9.69700E+00,6.74000E-07,2.61073E+00,2.61073E+00,4.74098E-12,4.69511E-18,1.89869E-06,1.00000E+00,8.33465E-01
MSC_vo_00674_m01_fd_0028,2.60403E+01,6.74000E-07,2.05211E+00,2.05211E+00,3.42959E-11,9.09491E-17,5.10607E-06,9.99999E-01,7.65375E-01
MSC_vo_00674_m01_fd_0020,1.88926E+01,6.74000E-07,2.25045E+00,2.25045E+00,1.80336E-11,3.47293E-17,3.70083E-06,1.00000E+00,7.87462E-01
MSC_vo_00674_m03_g1_2020,1.88407E+03,6.73500E-07,2.00724E+00,2.00675E+00,3.02810E-07,3.45020E-11,7.23800E-04,9.99756E-01,7.24900E-01
MSC_vo_00674_m03_g1_1660,1.54901E+03,6.73500E-07,2.00825E+00,2.00796E+00,1.74340E-07,1.91740E-11,4.69800E-04,9.99856E-01,7.34500E-01
MSC_vo_00674_m03_g1_1205,1.12449E+03,6.73500E-07,2.01021E+00,2.01003E+00,7.84920E-08,7.33520E-12,2.81100E-04,9.99907E-01,7.45200E-01
MSC_vo_00674_m03_g1_0594,5.54072E+02,6.73500E-07,2.01637E+00,2.01619E+00,1.52410E-08,8.77500E-13,1.07500E-04,9.99911E-01,7.64400E-01
MSC_vo_00674_m01_fd_0005,5.10805E+00,6.74000E-07,2.23648E+00,2.23648E+00,1.31537E-12,6.86146E-19,9.97615E-07,1.00000E+00,8.58449E-01
MSC_vo_00674_m02_g2_0388,3.62319E+02,6.73500E-07,2.02273E+00,2.02256E+00,6.51050E-09,2.45370E-13,7.02960E-05,9.99915E-01,7.64800E-01
MTC_vo_00470_027910_g1,3.73111E+03,4.70000E-07,2.00568E+00,2.00522E+00,5.76460E-07,9.10640E-11,1.00000E-03,9.99768E-01,7.20699E-01
MTC_vo_00470_000148_fd,1.97710E+01,4.70000E-07,2.20239E+00,2.20239E+00,9.60467E-12,1.34952E-17,2.70038E-06,1.00000E+00,7.76224E-01
MTC_vo_00470_003883_g1,5.19139E+02,4.70000E-07,2.02116E+00,2.02102E+00,6.51420E-09,2.45290E-13,7.03000E-05,9.99931E-01,7.59624E-01
MTC_vo_00470_001050_g2,1.40308E+02,4.70000E-07,2.05374E+00,2.05360E+00,4.74410E-10,4.84260E-15,1.90000E-05,9.99930E-01,7.32649E-01
MTC_vo_00470_000547_g2,7.31084E+01,4.70000E-07,2.08594E+00,2.08585E+00,1.28820E-10,6.85060E-16,9.90000E-06,9.99958E-01,7.47635E-01
MTC_vo_00470_016611_g1,2.22070E+03,4.70000E-07,2.00803E+00,2.00781E+00,1.74220E-07,1.92000E-11,4.69800E-04,9.99889E-01,7.28939E-01
MTC_vo_00470_037232_g1,4.97731E+03,4.70000E-07,2.00469E+00,2.00422E+00,1.02580E-06,2.16180E-10,1.33400E-03,9.99768E-01,7.20637E-01
MTC_vo_00470_020201_g1,2.70059E+03,4.70000E-07,2.00705E+00,2.00660E+00,3.02000E-07,3.45310E-11,7.23800E-04,9.99774E-01,7.20772E-01
MTC_vo_00470_018632_g1,2.49088E+03,4.70000E-07,2.00744E+00,2.00710E+00,2.27770E-07,2.70950E-11,5.93300E-04,9.99829E-01,7.22064E-01
MTC_vo_00470_000077_fd,1.02523E+01,4.70000E-07,2.53320E+00,2.53320E+00,2.57664E-12,1.88134E-18,1.39881E-06,1.00000E+00,8.20186E-01
MTC_vo_00470_002801_g1,3.74402E+02,4.70000E-07,2.02632E+00,2.02619E+00,3.38800E-09,9.20120E-14,5.07000E-05,9.99938E-01,7.59743E-01
MTC_vo_00470_009333_g1,1.24765E+03,4.70000E-07,2.01180E+00,2.01174E+00,4.04360E-08,3.40490E-12,1.87300E-04,9.99971E-01,7.44499E-01
MTC_vo_00470_001453_g2,1.94219E+02,4.70000E-07,2.04279E+00,2.04262E+00,9.09780E-10,1.28440E-14,2.63000E-05,9.99916E-01,7.39208E-01
MTC_vo_00470_012061_g1,1.61234E+03,4.70000E-07,2.00994E+00,2.00980E+00,7.86110E-08,7.34850E-12,2.81100E-04,9.99930E-01,7.40267E-01
MTC_vo_00470_014360_g1,1.91974E+03,4.70000E-07,2.00885E+00,2.00869E+00,1.15390E-07,1.24040E-11,3.54200E-04,9.99919E-01,7.37463E-01
MTC_vo_00470_000055_fd,7.32331E+00,4.70000E-07,2.79353E+00,2.79353E+00,1.31488E-12,6.85625E-19,1.00236E-06,1.00000E+00,8.56907E-01
MTC_vo_00470_000392_g2,5.24309E+01,4.70000E-07,2.10338E+00,2.10331E+00,6.62590E-11,2.52690E-16,7.10000E-06,9.99967E-01,7.62303E-01
MTC_vo_00470_005938_g1,7.93852E+02,4.70000E-07,2.01595E+00,2.01580E+00,1.52320E-08,8.77100E-13,1.07500E-04,9.99928E-01,7.59754E-01
MTC_vo_00470_002016_g2,2.69540E+02,4.70000E-07,2.03315E+00,2.03295E+00,1.75230E-09,3.43320E-14,3.65000E-05,9.99902E-01,7.40426E-01
MTC_vo_00470_005380_g1,7.19267E+02,4.70000E-07,2.01703E+00,2.01689E+00,1.25050E-08,6.52380E-13,9.74000E-05,9.99929E-01,7.59728E-01
MTC_vo_00470_000104_fd,1.39136E+01,4.70000E-07,2.35360E+00,2.35360E+00,4.74875E-12,4.70288E-18,1.89999E-06,1.00000E+00,7.96879E-01
MTC_vo_00470_000203_fd,2.70927E+01,4.70000E-07,2.03210E+00,2.03210E+00,1.80530E-11,3.47288E-17,3.70274E-06,1.00000E+00,7.57647E-01
MTC_vo_00470_071617_g1,9.57409E+03,4.70000E-07,2.00303E+00,2.00256E+00,3.79560E-06,1.53860E-09,2.56600E-03,9.99767E-01,7.20751E-01
MTC_vo_00470_000279_fd,3.73429E+01,4.70000E-07,2.14621E+00,2.14621E+00,3.42991E-11,9.09498E-17,5.10155E-06,1.00000E+00,7.66998E-01
MTC_vo_00470_000757_g2,1.01169E+02,4.70000E-07,2.06874E+00,2.06861E+00,2.46660E-10,1.81540E-15,1.37000E-05,9.99936E-01,7.36135E-01
MTC_vo_00470_051633_g1,6.90258E+03,4.70000E-07,2.00377E+00,2.00331E+00,1.97290E-06,5.76590E-10,1.85000E-03,9.99772E-01,7.20838E-01
MTC_vo_00810_3_g1_018632,1.44532E+03,8.10000E-07,2.00981E+00,2.00903E+00,2.27770E-07,2.70950E-11,5.93300E-04,9.99616E-01,7.29016E-01
MTC_vo_00810_3_g1_020201,1.56701E+03,8.10000E-07,2.00929E+00,2.00843E+00,3.02000E-07,3.45310E-11,7.23800E-04,9.99571E-01,7.27537E-01
MTC_vo_00810_3_g1_005380,4.17353E+02,8.10000E-07,2.02245E+00,2.02210E+00,1.25050E-08,6.52380E-13,9.74000E-05,9.99827E-01,7.66233E-01
MTC_vo_00810_1_fd_000279,2.16680E+01,8.10000E-07,2.15112E+00,2.15111E+00,3.42778E-11,9.09488E-17,5.10505E-06,9.99996E-01,7.79601E-01
MTC_vo_00810_3_g1_016611,1.28855E+03,8.10000E-07,2.01059E+00,2.00997E+00,1.74220E-07,1.92000E-11,4.69800E-04,9.99691E-01,7.35955E-01
MTC_vo_00810_2_g2_002801,2.17246E+02,8.10000E-07,2.03784E+00,2.03766E+00,3.38100E-09,9.20120E-14,5.07000E-05,9.99912E-01,7.46082E-01
MTC_vo_00810_2_g2_002016,1.56400E+02,8.10000E-07,2.04458E+00,2.04443E+00,1.75230E-09,3.43320E-14,3.65000E-05,9.99925E-01,7.44355E-01
MTC_vo_00810_1_fd_000389,3.01643E+01,8.10000E-07,2.01100E+00,2.01098E+00,6.64779E-11,2.45391E-16,7.10324E-06,9.99993E-01,7.62424E-01
MTC_vo_00810_1_fd_000148,1.14721E+01,8.10000E-07,2.45465E+00,2.45464E+00,9.58431E-12,1.34954E-17,2.69433E-06,9.99998E-01,8.18363E-01
MTC_vo_00810_3_g1_014360,1.11393E+03,8.10000E-07,2.01167E+00,2.01112E+00,1.15390E-07,1.24040E-11,3.54200E-04,9.99727E-01,7.44204E-01
MTC_vo_00810_2_g2_001453,1.12695E+02,8.10000E-07,2.04956E+00,2.04940E+00,9.09000E-10,1.28440E-14,2.63000E-05,9.99920E-01,7.40642E-01
MTC_vo_00810_2_g2_003883,3.01229E+02,8.10000E-07,2.02591E+00,2.02569E+00,6.49620E-09,2.45290E-13,7.03000E-05,9.99893E-01,7.48730E-01
MTC_vo_00810_3_g1_037232,2.88807E+03,8.10000E-07,2.00618E+00,2.00498E+00,1.02580E-06,2.16180E-10,1.33400E-03,9.99400E-01,7.27608E-01
MTC_vo_00810_1_fd_000077,5.94885E+00,8.10000E-07,2.54061E+00,2.54061E+00,2.57684E-12,1.88135E-18,1.40518E-06,9.99999E-01,8.66703E-01
MTC_vo_00810_3_g1_051633,4.00520E+03,8.10000E-07,2.00497E+00,2.00347E+00,1.97290E-06,5.76590E-10,1.85000E-03,9.99254E-01,7.27750E-01
MTC_vo_00810_2_g2_000757,5.87031E+01,8.10000E-07,2.06906E+00,2.06898E+00,2.46700E-10,1.81540E-15,1.37000E-05,9.99958E-01,7.59651E-01
MTC_vo_00810_1_fd_000104,8.07318E+00,8.10000E-07,2.77757E+00,2.77757E+00,4.74585E-12,4.70266E-18,1.89506E-06,9.99999E-01,8.56754E-01
MTC_vo_00810_3_g1_027910,2.16497E+03,8.10000E-07,2.00749E+00,2.00647E+00,5.76460E-07,9.10640E-11,1.00000E-03,9.99490E-01,7.27685E-01
MTC_vo_00810_2_g2_001050,8.14135E+01,8.10000E-07,2.06754E+00,2.06741E+00,4.74410E-10,4.84260E-15,1.90000E-05,9.99936E-01,7.46159E-01
MTC_vo_00810_3_g1_012061,9.35554E+02,8.10000E-07,2.01310E+00,2.01263E+00,7.86110E-08,7.34850E-12,2.81100E-04,9.99762E-01,7.47210E-01
MTC_vo_00810_2_g2_000547,4.24205E+01,8.10000E-07,2.14677E+00,2.14672E+00,1.28820E-10,6.85040E-16,9.89990E-06,9.99977E-01,7.80947E-01
MTC_vo_00810_3_g1_009333,7.23943E+02,8.10000E-07,2.01555E+00,2.01518E+00,4.04360E-08,3.40490E-12,1.87300E-04,9.99818E-01,7.51474E-01
MTC_vo_00810_3_g1_071617,5.55534E+03,8.10000E-07,2.00400E+00,2.00208E+00,3.79560E-06,1.53860E-09,2.56600E-03,9.99044E-01,7.27772E-01
MTC_vo_00810_1_fd_000055,4.24932E+00,8.10000E-07,1.72846E+00,1.72846E+00,1.31464E-12,6.85619E-19,1.00554E-06,9.99999E-01,8.45789E-01
MTC_vo_00810_1_fd_000203,1.57206E+01,8.10000E-07,2.31827E+00,2.31826E+00,1.80199E-11,3.47302E-17,3.69987E-06,9.99997E-01,8.00697E-01
MTC_vo_00810_3_g1_005938,4.60630E+02,8.10000E-07,2.02102E+00,2.02065E+00,1.52320E-08,8.77100E-13,1.07500E-04,9.99816E-01,7.66276E-01
MSC_vo_10800_m01_fd_0020,1.17914E+00,1.08000E-05,3.95723E-01,2.89535E-02,1.80169E-11,3.47381E-17,3.78152E-06,7.31660E-02,3.36687E-01
MSC_vo_10800_m01_fd_0278,1.61517E+01,1.08000E-05,1.78297E+00,8.01498E-01,3.38689E-09,8.93528E-14,5.07068E-05,4.49530E-01,9.69455E-01
MSC_vo_10800_m02_g2_0933,5.42542E+01,1.08000E-05,1.94844E+00,9.54559E-01,4.03380E-08,3.39710E-12,1.87360E-04,4.89908E-01,9.62000E-01
MSC_vo_10800_m01_fd_0075,4.36683E+00,1.08000E-05,1.13458E+00,3.31862E-01,2.47171E-10,1.76515E-15,1.37510E-05,2.92497E-01,8.83456E-01
MSC_vo_10800_m01_fd_0028,1.62535E+00,1.08000E-05,5.31425E-01,6.17074E-02,3.42351E-11,9.09896E-17,5.15662E-06,1.16117E-01,5.48908E-01
MSC_vo_10800_m01_fd_0010,6.05491E-01,1.08000E-05,2.04283E-01,3.55032E-03,4.75045E-12,4.70273E-18,1.89076E-06,1.73794E-02,9.00177E-02
MSC_vo_10800_m02_g2_1435,8.34973E+01,1.08000E-05,1.96148E+00,9.68909E-01,1.15510E-07,1.23830E-11,3.54260E-04,4.93969E-01,9.64300E-01
MSC_vo_10800_m01_fd_0200,1.16241E+01,1.08000E-05,1.66552E+00,7.03183E-01,1.75173E-09,3.33031E-14,3.64401E-05,4.22200E-01,9.60950E-01
MSC_vo_10800_m02_g2_1863,1.08362E+02,1.08000E-05,1.96604E+00,9.73704E-01,2.28180E-07,2.70670E-11,5.93360E-04,4.95263E-01,9.64800E-01
MSC_vo_10800_m01_fd_0005,3.18687E-01,1.08000E-05,1.07637E-01,3.20827E-04,1.30874E-12,6.85544E-19,1.03132E-06,2.98064E-03,2.60740E-02
MSC_vo_10800_m01_fd_0015,8.60405E-01,1.08000E-05,2.92900E-01,1.17661E-02,9.59247E-12,1.34952E-17,2.75020E-06,4.01710E-02,1.81633E-01
MSC_vo_10800_m02_g2_0594,3.45301E+01,1.08000E-05,1.91504E+00,9.22274E-01,1.51950E-08,8.75790E-13,1.07430E-04,4.81596E-01,9.59800E-01
MSC_vo_10800_m03_g1_2790,1.62328E+02,1.08000E-05,1.98972E+00,1.00096E+00,5.78010E-07,9.09900E-11,1.00000E-03,5.03068E-01,9.84400E-01
MSC_vo_10800_m01_fd_0104,6.05801E+00,1.08000E-05,1.35738E+00,4.73824E-01,4.75722E-10,4.71319E-15,1.90795E-05,3.49074E-01,9.24330E-01
MSC_vo_10800_m03_g1_7160,4.16533E+02,1.08000E-05,1.99451E+00,1.01057E+00,3.80580E-06,1.53730E-09,2.56600E-03,5.06674E-01,9.86600E-01
MSC_vo_10800_m01_fd_0534,3.10809E+01,1.08000E-05,1.90896E+00,9.09867E-01,1.25642E-08,6.36823E-13,9.74601E-05,4.76629E-01,9.77800E-01
MSC_vo_10800_m03_g1_3722,2.16545E+02,1.08000E-05,1.99151E+00,1.00446E+00,1.02860E-06,2.16000E-10,1.33400E-03,5.04371E-01,9.85300E-01
MSC_vo_10800_m01_fd_0385,2.23952E+01,1.08000E-05,1.85995E+00,8.68795E-01,6.51991E-09,2.38209E-13,7.03019E-05,4.67106E-01,9.74780E-01
MSC_vo_10800_m01_fd_0144,8.37866E+00,1.08000E-05,1.55954E+00,6.18832E-01,9.10062E-10,1.24707E-14,2.62988E-05,3.96805E-01,9.48432E-01
MSC_vo_10800_m01_fd_0054,3.15511E+00,1.08000E-05,9.13787E-01,2.12934E-01,1.29023E-10,6.65708E-16,9.96947E-06,2.33023E-01,8.11414E-01
MSC_vo_10800_m02_g2_1205,7.01079E+01,1.08000E-05,1.95180E+00,9.59255E-01,7.84720E-08,7.33010E-12,2.81040E-04,4.91472E-01,9.63500E-01
MSC_vo_10800_m03_g1_5162,3.00307E+02,1.08000E-05,1.99318E+00,1.00782E+00,1.97820E-06,5.76110E-10,1.85000E-03,5.05636E-01,9.86000E-01
MSC_vo_10800_m02_g2_2020,1.17495E+02,1.08000E-05,1.96494E+00,9.74174E-01,3.03580E-07,3.45040E-11,7.23820E-04,4.95777E-01,9.64900E-01
MSC_vo_10800_m02_g2_1660,9.65912E+01,1.08000E-05,1.96296E+00,9.71520E-01,1.74560E-07,1.91700E-11,4.69770E-04,4.94925E-01,9.64900E-01
MSC_vo_10800_m01_fd_0039,2.26202E+00,1.08000E-05,7.06575E-01,1.21024E-01,6.63134E-11,2.45294E-16,7.04738E-06,1.71283E-01,7.10512E-01
MSC_vo_10800_m01_fd_0008,4.46157E-01,1.08000E-05,1.52941E-01,1.19137E-03,2.57272E-12,1.88126E-18,1.37510E-06,7.78976E-03,4.88236E-02
MSC_vo_00853_m01_fd_0008,5.64857E+00,8.53000E-07,2.43323E+00,2.43322E+00,2.57645E-12,1.88095E-18,1.39832E-06,9.99999E-01,8.65282E-01
MSC_vo_00853_m01_fd_0039,2.86475E+01,8.53000E-07,2.02415E+00,2.02414E+00,6.64890E-11,2.45489E-16,7.10020E-06,9.99991E-01,7.65790E-01
MSC_vo_00853_m02_g2_0145,1.07017E+02,8.53000E-07,2.06495E+00,2.06479E+00,9.09700E-10,1.28450E-14,2.62970E-05,9.99919E-01,7.61600E-01
MSC_vo_00853_m03_g1_5162,3.80224E+03,8.53000E-07,2.00566E+00,2.00376E+00,1.97830E-06,5.76110E-10,1.85000E-03,9.99054E-01,7.27600E-01
MSC_vo_00853_m02_g2_0055,4.02760E+01,8.53000E-07,2.17872E+00,2.17858E+00,1.28850E-10,6.84730E-16,9.89680E-06,9.99937E-01,7.87100E-01
MSC_vo_00853_m02_g2_0202,1.48562E+02,8.53000E-07,2.04274E+00,2.04257E+00,1.75310E-09,3.43640E-14,3.65060E-05,9.99915E-01,7.60600E-01
MSC_vo_00853_m03_g1_3722,2.74172E+03,8.53000E-07,2.00704E+00,2.00554E+00,1.02860E-06,2.16000E-10,1.33400E-03,9.99254E-01,7.28000E-01
MSC_vo_00853_m03_g1_0932,6.86714E+02,8.53000E-07,2.01771E+00,2.01722E+00,4.03290E-08,3.39400E-12,1.87300E-04,9.99757E-01,7.51900E-01
MSC_vo_00853_m02_g2_0076,5.57459E+01,8.53000E-07,2.08886E+00,2.08871E+00,2.46840E-10,1.81560E-15,1.36980E-05,9.99928E-01,7.72100E-01
MSC_vo_00853_m03_g1_1862,1.37186E+03,8.53000E-07,2.01116E+00,2.01027E+00,2.27690E-07,2.70590E-11,5.93300E-04,9.99555E-01,7.29700E-01
MSC_vo_00853_m03_g1_1435,1.05700E+03,8.53000E-07,2.01328E+00,2.01259E+00,1.15300E-07,1.23770E-11,3.54200E-04,9.99656E-01,7.44900E-01
MSC_vo_00853_m03_g1_7160,5.27380E+03,8.53000E-07,2.00455E+00,2.00225E+00,3.80600E-06,1.53730E-09,2.56600E-03,9.98854E-01,7.27100E-01
MSC_vo_00853_m02_g2_0280,2.06352E+02,8.53000E-07,2.03957E+00,2.03930E+00,3.38230E-09,9.20890E-14,5.07060E-05,9.99863E-01,7.63000E-01
MSC_vo_00853_m02_g2_0105,7.73472E+01,8.53000E-07,2.08203E+00,2.08187E+00,4.75220E-10,4.84970E-15,1.90060E-05,9.99923E-01,7.61900E-01
MSC_vo_00853_m03_g1_2790,2.05527E+03,8.53000E-07,2.00853E+00,2.00733E+00,5.78020E-07,9.09890E-11,1.00000E-03,9.99405E-01,7.27400E-01
MSC_vo_00853_m02_g2_0594,4.37455E+02,8.53000E-07,2.02182E+00,2.02143E+00,1.52240E-08,8.77370E-13,1.07490E-04,9.99808E-01,7.66700E-01
MSC_vo_00853_m01_fd_0015,1.08912E+01,8.53000E-07,2.49909E+00,2.49909E+00,9.57982E-12,1.34859E-17,2.70161E-06,9.99997E-01,8.24278E-01
MSC_vo_00853_m02_g2_0388,2.86075E+02,8.53000E-07,2.03005E+00,2.02977E+00,6.50070E-09,2.45370E-13,7.02960E-05,9.99860E-01,7.64000E-01
MSC_vo_00853_m01_fd_0005,4.03357E+00,8.53000E-07,1.58574E+00,1.58573E+00,1.31369E-12,6.84833E-19,1.00462E-06,9.99999E-01,8.37175E-01
MSC_vo_00853_m03_g1_1660,1.22305E+03,8.53000E-07,2.01205E+00,2.01126E+00,1.74340E-07,1.91740E-11,4.69800E-04,9.99606E-01,7.37100E-01
MSC_vo_00853_m03_g1_2020,1.48760E+03,8.53000E-07,2.01058E+00,2.00958E+00,3.02810E-07,3.45020E-11,7.23800E-04,9.99505E-01,7.27400E-01
MSC_vo_00853_m03_g1_1205,8.87852E+02,8.53000E-07,2.01492E+00,2.01433E+00,7.84920E-08,7.33510E-12,2.81100E-04,9.99706E-01,7.48100E-01
MSC_vo_00853_m01_fd_0028,2.05758E+01,8.53000E-07,2.19416E+00,2.19414E+00,3.42683E-11,9.09494E-17,5.10454E-06,9.99994E-01,7.84058E-01
MSC_vo_00853_m01_fd_0010,7.65969E+00,8.53000E-07,2.78512E+00,2.78512E+00,4.73799E-12,4.69067E-18,1.90063E-06,9.99998E-01,8.62236E-01
MSC_vo_00853_m02_g2_0538,3.96350E+02,8.53000E-07,2.02475E+00,2.02436E+00,1.24970E-08,6.52560E-13,9.73940E-05,9.99809E-01,7.66700E-01
MSC_vo_00853_m01_fd_0020,1.49280E+01,8.53000E-07,2.34015E+00,2.34014E+00,1.80144E-11,3.47292E-17,3.70623E-06,9.99996E-01,8.03929E-01
MSC_vo_00865_m01_fd_0005,3.97763E+00,8.65000E-07,1.54850E+00,1.54850E+00,1.31371E-12,6.84844E-19,1.00498E-06,9.99998E-01,8.34652E-01
MSC_vo_00865_m02_g2_0388,2.82098E+02,8.65000E-07,2.03379E+00,2.03322E+00,6.50030E-09,2.45350E-13,7.02940E-05,9.99722E-01,7.64500E-01
MSC_vo_00865_m03_g1_2020,1.46696E+03,8.65000E-07,2.01069E+00,2.00960E+00,3.02810E-07,3.45020E-11,7.23800E-04,9.99459E-01,7.27500E-01
MSC_vo_00865_m03_g1_1660,1.20608E+03,8.65000E-07,2.01218E+00,2.01129E+00,1.74340E-07,1.91740E-11,4.69800E-04,9.99559E-01,7.37100E-01
MSC_vo_00865_m03_g1_1205,8.75535E+02,8.65000E-07,2.01508E+00,2.01440E+00,7.84920E-08,7.33510E-12,2.81100E-04,9.99661E-01,7.47900E-01
MSC_vo_00865_m02_g2_0538,3.90880E+02,8.65000E-07,2.02552E+00,2.02504E+00,1.24990E-08,6.52700E-13,9.74010E-05,9.99767E-01,7.67100E-01
MSC_vo_00865_m01_fd_0010,7.56984E+00,8.65000E-07,2.78318E+00,2.78317E+00,4.75860E-12,4.72131E-18,1.89983E-06,9.99998E-01,8.63208E-01
MSC_vo_00865_m01_fd_0028,2.02904E+01,8.65000E-07,2.20312E+00,2.20310E+00,3.42696E-11,9.09496E-17,5.09375E-06,9.99993E-01,7.85442E-01
MSC_vo_00865_m01_fd_0020,1.47209E+01,8.65000E-07,2.34028E+00,2.34027E+00,1.80155E-11,3.47292E-17,3.70330E-06,9.99995E-01,8.04544E-01
MSC_vo_00865_m01_fd_0039,2.82045E+01,8.65000E-07,2.02882E+00,2.02880E+00,6.62746E-11,2.44303E-16,7.10372E-06,9.99990E-01,7.66596E-01
MSC_vo_00865_m01_fd_0008,5.57537E+00,8.65000E-07,2.40371E+00,2.40371E+00,2.58123E-12,1.88618E-18,1.40422E-06,9.99998E-01,8.64913E-01
MSC_vo_00865_m02_g2_0145,1.05524E+02,8.65000E-07,2.06620E+00,2.06607E+00,9.09570E-10,1.28420E-14,2.62950E-05,9.99936E-01,7.61600E-01
MSC_vo_00865_m03_g1_5162,3.74947E+03,8.65000E-07,2.00572E+00,2.00362E+00,1.97820E-06,5.76100E-10,1.85000E-03,9.98956E-01,7.28100E-01
MSC_vo_00865_m02_g2_0055,3.97234E+01,8.65000E-07,2.18185E+00,2.18178E+00,1.28890E-10,6.85050E-16,9.89840E-06,9.99968E-01,7.88100E-01
MSC_vo_00865_m02_g2_0202,1.46462E+02,8.65000E-07,2.04727E+00,2.04702E+00,1.75220E-09,3.43370E-14,3.64960E-05,9.99880E-01,7.61200E-01
MSC_vo_00865_m03_g1_3722,2.70368E+03,8.65000E-07,2.00711E+00,2.00542E+00,1.02860E-06,2.16000E-10,1.33400E-03,9.99157E-01,7.27800E-01
MSC_vo_00865_m03_g1_0932,6.77187E+02,8.65000E-07,2.01790E+00,2.01732E+00,4.03290E-08,3.39400E-12,1.87300E-04,9.99712E-01,7.52000E-01
MSC_vo_00865_m03_g1_1862,1.35283E+03,8.65000E-07,2.01128E+00,2.01020E+00,2.27690E-07,2.70590E-11,5.93300E-04,9.99459E-01,7.29700E-01
MSC_vo_00865_m02_g2_0076,5.49716E+01,8.65000E-07,2.09596E+00,2.09586E+00,2.46840E-10,1.81550E-15,1.36980E-05,9.99954E-01,7.73300E-01
MSC_vo_00865_m03_g1_7160,5.20064E+03,8.65000E-07,2.00460E+00,2.00180E+00,3.80580E-06,1.53730E-09,2.56600E-03,9.98606E-01,7.28300E-01
MSC_vo_00865_m03_g1_1435,1.04234E+03,8.65000E-07,2.01342E+00,2.01264E+00,1.15300E-07,1.23770E-11,3.54200E-04,9.99610E-01,7.45000E-01
MSC_vo_00865_m02_g2_0280,2.03479E+02,8.65000E-07,2.04259E+00,2.04214E+00,3.38200E-09,9.20750E-14,5.07040E-05,9.99776E-01,7.63300E-01
MSC_vo_00865_m03_g1_2790,2.02675E+03,8.65000E-07,2.00862E+00,2.00723E+00,5.78000E-07,9.09880E-11,1.00000E-03,9.99308E-01,7.27800E-01
MSC_vo_00865_m02_g2_0105,7.62427E+01,8.65000E-07,2.08286E+00,2.08264E+00,4.74820E-10,4.84370E-15,1.89980E-05,9.99896E-01,7.68500E-01
MSC_vo_00865_m02_g2_0594,4.31432E+02,8.65000E-07,2.02577E+00,2.02520E+00,1.52270E-08,8.77650E-13,1.07510E-04,9.99717E-01,7.67400E-01
MSC_vo_00865_m01_fd_0015,1.07551E+01,8.65000E-07,2.51128E+00,2.51127E+00,9.60651E-12,1.35423E-17,2.69831E-06,9.99997E-01,8.25896E-01
MSC_vo_01780_m02_g2_0388,1.37126E+02,1.78000E-06,2.04997E+00,1.98953E+00,6.51390E-09,2.45560E-13,7.03140E-05,9.70516E-01,7.88200E-01
MSC_vo_01780_m01_fd_0005,1.93369E+00,1.78000E-06,2.75363E-01,2.74699E-01,1.31472E-12,6.85636E-19,9.91535E-07,9.97590E-01,6.31417E-01
MSC_vo_01780_m01_fd_0028,9.85138E+00,1.78000E-06,2.64615E+00,2.64189E+00,3.41345E-11,9.07055E-17,5.09932E-06,9.98391E-01,8.56566E-01
MSC_vo_01780_m01_fd_0010,3.67186E+00,1.78000E-06,1.19516E+00,1.19373E+00,4.74117E-12,4.69539E-18,1.89808E-06,9.98808E-01,8.22784E-01
MSC_vo_01780_m02_g2_0538,1.89943E+02,1.78000E-06,2.03450E+00,1.95217E+00,1.24790E-08,6.52630E-13,9.73970E-05,9.59532E-01,7.92800E-01
MSC_vo_01780_m01_fd_0075,2.64845E+01,1.78000E-06,2.05459E+00,2.04275E+00,2.47508E-10,1.76299E-15,1.37115E-05,9.94237E-01,7.88657E-01
MSC_vo_01780_m01_fd_0020,7.14998E+00,1.78000E-06,2.68157E+00,2.67856E+00,1.79797E-11,3.46750E-17,3.71117E-06,9.98877E-01,8.79286E-01
MSC_vo_01780_m02_g2_0932,3.29109E+02,1.78000E-06,2.02640E+00,1.89946E+00,4.03460E-08,3.39480E-12,1.87320E-04,9.37355E-01,7.93000E-01
MSC_vo_01780_m03_g1_1660,5.86100E+02,1.78000E-06,2.01784E+00,1.85881E+00,1.74340E-07,1.91740E-11,4.69800E-04,9.21190E-01,7.88400E-01
MSC_vo_01780_m03_g1_2020,7.12878E+02,1.78000E-06,2.01565E+00,1.85021E+00,3.02810E-07,3.45020E-11,7.23800E-04,9.17919E-01,7.81100E-01
MSC_vo_01780_m02_g2_0202,7.11597E+01,1.78000E-06,2.06154E+00,2.02925E+00,1.75150E-09,3.43160E-14,3.64880E-05,9.84337E-01,7.84400E-01
MSC_vo_01780_m03_g1_3722,1.31387E+03,1.78000E-06,2.01041E+00,1.73751E+00,1.02860E-06,2.16000E-10,1.33400E-03,8.64258E-01,8.08000E-01
MSC_vo_01780_m01_fd_0008,2.70587E+00,1.78000E-06,6.33453E-01,6.32456E-01,2.57454E-12,1.87885E-18,1.38815E-06,9.98427E-01,7.46214E-01
MSC_vo_01780_m01_fd_0039,1.37266E+01,1.78000E-06,2.37431E+00,2.36827E+00,6.63043E-11,2.45400E-16,7.11072E-06,9.97458E-01,8.27191E-01
MSC_vo_01780_m03_g1_5162,1.82209E+03,1.78000E-06,2.00837E+00,1.66055E+00,1.97820E-06,5.76110E-10,1.85000E-03,8.26816E-01,8.27400E-01
MSC_vo_01780_m02_g2_0145,5.12704E+01,1.78000E-06,2.08411E+00,2.06089E+00,9.10610E-10,1.28350E-14,2.62900E-05,9.88860E-01,7.90500E-01
MSC_vo_01780_m02_g2_1205,4.25449E+02,1.78000E-06,2.02198E+00,1.88310E+00,7.85000E-08,7.33400E-12,2.81090E-04,9.31313E-01,7.93500E-01
MSC_vo_01780_m01_fd_0054,1.91390E+01,1.78000E-06,2.27085E+00,2.26233E+00,1.29122E-10,6.65256E-16,9.88702E-06,9.96252E-01,8.12163E-01
MSC_vo_01780_m02_g2_0105,3.70714E+01,1.78000E-06,2.12135E+00,2.10455E+00,4.75360E-10,4.85190E-15,1.90090E-05,9.92079E-01,7.94600E-01
MSC_vo_01780_m03_g1_2790,9.84907E+02,1.78000E-06,2.01262E+00,1.79564E+00,5.78000E-07,9.09880E-11,1.00000E-03,8.92192E-01,7.93900E-01
MSC_vo_01780_m02_g2_0594,2.09666E+02,1.78000E-06,2.03339E+00,1.94324E+00,1.52060E-08,8.77770E-13,1.07510E-04,9.55663E-01,7.95300E-01
MSC_vo_01780_m01_fd_0015,5.22515E+00,1.78000E-06,2.06942E+00,2.06729E+00,9.60157E-12,1.35318E-17,2.69131E-06,9.98971E-01,8.68007E-01
MSC_vo_01780_m03_g1_1862,6.57413E+02,1.78000E-06,2.01652E+00,1.84528E+00,2.27690E-07,2.70590E-11,5.93300E-04,9.15082E-01,7.84000E-01
MSC_vo_01780_m02_g2_0280,9.88941E+01,1.78000E-06,2.04621E+00,2.00198E+00,3.38800E-09,9.21100E-14,5.07100E-05,9.78384E-01,7.82500E-01
MSC_vo_01780_m03_g1_1435,5.06531E+02,1.78000E-06,2.01966E+00,1.86275E+00,1.15300E-07,1.23770E-11,3.54200E-04,9.22309E-01,7.94300E-01
MSC_vo_01780_m03_g1_7160,2.52728E+03,1.78000E-06,2.00673E+00,1.57330E+00,3.80580E-06,1.53730E-09,2.56600E-03,7.84010E-01,8.50100E-01
MTC_vo_00460_005938_g1,8.11107E+02,4.60000E-07,2.01540E+00,2.01524E+00,1.52320E-08,8.77090E-13,1.07500E-04,9.99919E-01,7.59493E-01
MTC_vo_00460_000282_g2,3.84804E+01,4.60000E-07,2.18075E+00,2.18070E+00,3.41870E-11,9.36540E-17,5.10000E-06,9.99978E-01,7.82106E-01
MTC_vo_00460_002016_g2,2.75400E+02,4.60000E-07,2.03295E+00,2.03286E+00,1.75230E-09,3.43320E-14,3.65000E-05,9.99958E-01,7.40347E-01
MTC_vo_00460_005380_g1,7.34904E+02,4.60000E-07,2.01645E+00,2.01629E+00,1.25050E-08,6.52380E-13,9.74000E-05,9.99920E-01,7.59469E-01
MTC_vo_00460_000104_fd,1.42159E+01,4.60000E-07,2.34498E+00,2.34498E+00,4.74911E-12,4.70273E-18,1.90715E-05,1.00000E+00,7.95626E-01
MTC_vo_00460_000203_fd,2.76818E+01,4.60000E-07,2.02526E+00,2.02526E+00,1.80544E-11,3.47294E-17,3.69717E-06,1.00000E+00,7.56143E-01
MTC_vo_00460_000055_fd,7.48256E+00,4.60000E-07,2.79658E+00,2.79658E+00,1.31472E-12,6.85636E-19,1.00299E-06,1.00000E+00,8.54891E-01
MTC_vo_00460_014360_g1,1.96148E+03,4.60000E-07,2.00855E+00,2.00839E+00,1.15390E-07,1.24040E-11,3.54200E-04,9.99920E-01,7.37022E-01
MTC_vo_00460_000392_g2,5.35714E+01,4.60000E-07,2.09021E+00,2.09014E+00,6.62590E-11,2.52700E-16,7.10000E-06,9.99964E-01,7.58743E-01
MTC_vo_00460_051633_g1,7.05264E+03,4.60000E-07,2.00364E+00,2.00319E+00,1.97290E-06,5.76590E-10,1.85000E-03,9.99772E-01,7.20393E-01
MTC_vo_00460_071617_g1,9.78222E+03,4.60000E-07,2.00293E+00,2.00247E+00,3.79560E-06,1.53860E-09,2.56600E-03,9.99772E-01,7.20401E-01
MTC_vo_00460_000757_g2,1.03370E+02,4.60000E-07,2.06941E+00,2.06934E+00,2.46660E-10,1.81550E-15,1.37000E-05,9.99965E-01,7.35548E-01
MTC_vo_00460_016611_g1,2.26898E+03,4.60000E-07,2.00776E+00,2.00753E+00,1.74220E-07,1.92000E-11,4.69800E-04,9.99885E-01,7.28501E-01
MTC_vo_00460_037232_g1,5.08551E+03,4.60000E-07,2.00453E+00,2.00407E+00,1.02580E-06,2.16180E-10,1.33400E-03,9.99773E-01,7.20367E-01
MTC_vo_00460_018632_g1,2.54503E+03,4.60000E-07,2.00719E+00,2.00683E+00,2.27770E-07,2.70950E-11,5.93300E-04,9.99825E-01,7.21758E-01
MTC_vo_00460_020201_g1,2.75930E+03,4.60000E-07,2.00681E+00,2.00636E+00,3.02000E-07,3.45310E-11,7.23800E-04,9.99775E-01,7.20240E-01
MTC_vo_00460_027910_g1,3.81222E+03,4.60000E-07,2.00549E+00,2.00504E+00,5.76460E-07,9.10640E-11,1.00000E-03,9.99774E-01,7.20359E-01
MTC_vo_00460_000148_fd,2.02009E+01,4.60000E-07,2.18087E+00,2.18087E+00,9.60454E-12,1.34953E-17,2.70150E-06,1.00000E+00,7.73129E-01
MTC_vo_00460_001050_g2,1.43359E+02,4.60000E-07,2.04337E+00,2.04320E+00,4.74410E-10,4.84260E-15,1.90000E-05,9.99919E-01,7.31504E-01
MTC_vo_00460_003883_g1,5.30424E+02,4.60000E-07,2.02044E+00,2.02029E+00,6.51420E-09,2.45290E-13,7.03000E-05,9.99922E-01,7.59366E-01
MTC_vo_00460_000547_g2,7.46977E+01,4.60000E-07,2.08001E+00,2.07991E+00,1.28820E-10,6.85060E-16,9.90000E-06,9.99954E-01,7.45190E-01
MTC_vo_00460_012061_g1,1.64739E+03,4.60000E-07,2.00960E+00,2.00945E+00,7.86110E-08,7.34850E-12,2.81100E-04,9.99926E-01,7.39863E-01
MTC_vo_00460_009333_g1,1.27477E+03,4.60000E-07,2.01139E+00,2.01133E+00,4.04360E-08,3.40490E-12,1.87300E-04,9.99967E-01,7.43951E-01
MTC_vo_00460_001453_g2,1.98441E+02,4.60000E-07,2.03944E+00,2.03937E+00,9.09780E-10,1.28440E-14,2.63000E-05,9.99963E-01,7.38753E-01
MTC_vo_00460_000077_fd,1.04752E+01,4.60000E-07,2.51040E+00,2.51040E+00,2.57691E-12,1.88139E-18,1.39834E-06,1.00000E+00,8.16920E-01
MTC_vo_00460_002801_g1,3.82542E+02,4.60000E-07,2.02542E+00,2.02527E+00,3.38820E-09,9.20120E-14,5.07000E-05,9.99925E-01,7.59226E-01
MSC_vo_01380_m02_g2_0388,1.76849E+02,1.38000E-06,2.03820E+00,2.02929E+00,6.51210E-09,2.45460E-13,7.03050E-05,9.95627E-01,7.73400E-01
MSC_vo_01380_m01_fd_0005,2.49418E+00,1.38000E-06,5.64298E-01,5.64200E-01,1.31472E-12,6.85636E-19,1.01032E-06,9.99825E-01,7.21467E-01
MSC_vo_01380_m01_fd_0075,3.41957E+01,1.38000E-06,2.04178E+00,2.04007E+00,2.47992E-10,1.76833E-15,1.37052E-05,9.99164E-01,7.73846E-01
MSC_vo_01380_m01_fd_0010,4.73636E+00,1.38000E-06,1.92035E+00,1.92015E+00,4.74156E-12,4.69597E-18,1.91081E-06,9.99891E-01,8.58594E-01
MSC_vo_01380_m01_fd_0028,1.27146E+01,1.38000E-06,2.40587E+00,2.40526E+00,3.41761E-11,9.08713E-17,5.09550E-06,9.99745E-01,8.20724E-01
MSC_vo_01380_m02_g2_0538,2.45025E+02,1.38000E-06,2.02539E+00,2.01306E+00,1.24820E-08,6.52840E-13,9.74080E-05,9.93912E-01,7.73100E-01
MSC_vo_01380_m02_g2_0932,4.24477E+02,1.38000E-06,2.01914E+00,1.99969E+00,4.03410E-08,3.39420E-12,1.87300E-04,9.90366E-01,7.63600E-01
MSC_vo_01380_m01_fd_0020,9.21837E+00,1.38000E-06,2.68359E+00,2.68315E+00,1.79638E-11,3.46291E-17,3.68985E-06,9.99838E-01,8.52721E-01
MSC_vo_01380_m03_g1_1660,7.55984E+02,1.38000E-06,2.01207E+00,1.98671E+00,1.74340E-07,1.91740E-11,4.69800E-04,9.87393E-01,7.49900E-01
MSC_vo_01380_m03_g1_2020,9.19510E+02,1.38000E-06,2.01060E+00,1.98382E+00,3.02810E-07,3.45020E-11,7.23800E-04,9.86685E-01,7.40600E-01
MSC_vo_01380_m03_g1_1205,5.48798E+02,1.38000E-06,2.01495E+00,1.99319E+00,7.84920E-08,7.33520E-12,2.81100E-04,9.89201E-01,7.59600E-01
MSC_vo_01380_m02_g2_0202,9.18222E+01,1.38000E-06,2.04423E+00,2.03946E+00,1.75560E-09,3.43570E-14,3.65030E-05,9.97669E-01,7.68900E-01
MSC_vo_01380_m03_g1_3722,1.69470E+03,1.38000E-06,2.00705E+00,1.95907E+00,1.02860E-06,2.16000E-10,1.33400E-03,9.76094E-01,7.45700E-01
MSC_vo_01380_m01_fd_0008,3.49309E+00,1.38000E-06,1.16235E+00,1.16220E+00,2.57885E-12,1.88357E-18,1.40566E-06,9.99874E-01,8.11443E-01
MSC_vo_01380_m01_fd_0039,1.77052E+01,1.38000E-06,2.29102E+00,2.29015E+00,6.63938E-11,2.45393E-16,7.09417E-06,9.99622E-01,8.05386E-01
MSC_vo_01380_m01_fd_0054,2.46867E+01,1.38000E-06,2.07401E+00,2.07280E+00,1.29221E-10,6.65269E-16,9.90549E-06,9.99414E-01,7.79973E-01
MSC_vo_01380_m02_g2_0145,6.61314E+01,1.38000E-06,2.04377E+00,2.04043E+00,9.10630E-10,1.28350E-14,2.62900E-05,9.98369E-01,7.74900E-01
MSC_vo_01380_m03_g1_5162,2.35021E+03,1.38000E-06,2.00567E+00,1.94028E+00,1.97820E-06,5.76100E-10,1.85000E-03,9.67400E-01,7.49900E-01
MSC_vo_01380_m03_g1_2790,1.27039E+03,1.38000E-06,2.00854E+00,1.97206E+00,5.78000E-07,9.09880E-11,1.00000E-03,9.81839E-01,7.43000E-01
MSC_vo_01380_m02_g2_0105,4.77898E+01,1.38000E-06,2.06668E+00,2.06419E+00,4.75540E-10,4.84370E-15,1.89980E-05,9.98794E-01,7.81800E-01
MSC_vo_01380_m01_fd_0015,6.73949E+00,1.38000E-06,2.67066E+00,2.67035E+00,9.60100E-12,1.35306E-17,2.70150E-06,9.99884E-01,8.74418E-01
MSC_vo_01380_m02_g2_0594,2.70439E+02,1.38000E-06,2.02776E+00,2.01422E+00,1.52290E-08,8.77770E-13,1.07510E-04,9.93325E-01,7.75700E-01
MSC_vo_01380_m03_g1_1862,8.47967E+02,1.38000E-06,2.01118E+00,1.98351E+00,2.27690E-07,2.70590E-11,5.93300E-04,9.86242E-01,7.42800E-01
MSC_vo_01380_m03_g1_7160,3.25982E+03,1.38000E-06,2.00456E+00,1.91597E+00,3.80580E-06,1.53730E-09,2.56600E-03,9.55807E-01,7.55400E-01
MSC_vo_01380_m03_g1_1435,6.53352E+02,1.38000E-06,2.01331E+00,1.98844E+00,1.15300E-07,1.23770E-11,3.54200E-04,9.87650E-01,7.57200E-01
MSC_vo_01380_m02_g2_0280,1.27512E+02,1.38000E-06,2.03805E+00,2.03146E+00,3.38550E-09,9.20090E-14,5.06910E-05,9.96765E-01,7.70300E-01
MTC_vo_12300_000055_fd,2.79844E-01,1.23000E-05,2.04215E-01,1.33785E-03,1.30677E-12,6.85702E-19,9.78803E-07,6.55120E-03,3.58485E-02
MTC_vo_12300_027910_g2,1.42571E+02,1.23000E-05,2.01126E+00,1.04492E+00,5.76940E-07,9.10640E-11,1.00000E-03,5.19534E-01,9.46292E-01
MTC_vo_12300_003883_g2,1.98370E+01,1.23000E-05,2.03769E+00,1.02302E+00,6.51030E-09,2.45290E-13,7.03000E-05,5.02050E-01,9.24998E-01
MTC_vo_12300_016611_g2,8.48560E+01,1.23000E-05,2.01602E+00,1.04292E+00,1.74680E-07,1.92000E-11,4.69800E-04,5.17315E-01,9.42777E-01
MTC_vo_12300_000104_fd,5.31654E-01,1.23000E-05,4.06634E-01,1.56154E-02,4.74581E-12,4.70280E-18,1.95761E-06,3.84016E-02,7.17021E-02
MTC_vo_12300_000203_fd,1.03525E+00,1.23000E-05,8.37375E-01,1.32247E-01,1.80133E-11,3.47293E-17,3.71945E-06,1.57930E-01,2.80554E-01
MTC_vo_12300_018632_g2,9.51788E+01,1.23000E-05,2.01474E+00,1.04016E+00,2.28120E-07,2.70940E-11,5.93300E-04,5.16273E-01,9.44343E-01
MTC_vo_12300_020201_g2,1.03193E+02,1.23000E-05,2.01396E+00,1.04097E+00,3.02250E-07,3.45310E-11,7.23800E-04,5.16875E-01,9.45085E-01
MTC_vo_12300_001041_fd,5.31526E+00,1.23000E-05,2.03875E+00,9.09358E-01,4.75022E-10,4.70265E-15,1.89888E-05,4.46036E-01,8.90429E-01
MTC_vo_12300_000750_fd,3.83273E+00,1.23000E-05,1.93197E+00,8.04453E-01,2.46979E-10,1.76299E-15,1.37032E-05,4.16390E-01,8.53570E-01
MTC_vo_12300_071617_g1,3.65839E+02,1.23000E-05,2.00610E+00,1.05272E+00,3.79500E-06,1.53860E-09,2.56600E-03,5.24759E-01,9.48204E-01
MTC_vo_12300_000542_fd,2.76971E+00,1.23000E-05,1.73739E+00,6.47177E-01,1.28965E-10,6.65257E-16,9.98379E-06,3.72500E-01,7.87663E-01
MTC_vo_12300_000279_fd,1.42692E+00,1.23000E-05,1.12756E+00,2.62413E-01,3.42240E-11,9.09481E-17,5.10935E-05,2.32725E-01,5.03953E-01
MTC_vo_12300_012061_g2,6.16096E+01,1.23000E-05,2.01900E+00,1.04088E+00,7.86580E-08,7.34850E-12,2.81100E-04,5.15544E-01,9.39881E-01
MTC_vo_12300_009333_g2,4.76743E+01,1.23000E-05,2.02361E+00,1.04440E+00,4.04650E-08,3.40490E-12,1.87300E-04,5.16109E-01,9.35714E-01
MTC_vo_12300_051633_g1,2.63757E+02,1.23000E-05,2.00759E+00,1.05062E+00,1.97260E-06,5.76590E-10,1.85000E-03,5.23327E-01,9.47624E-01
MTC_vo_12300_000389_fd,1.98644E+00,1.23000E-05,1.45169E+00,4.48175E-01,6.63319E-11,2.45395E-16,7.04738E-06,3.08726E-01,6.85083E-01
MTC_vo_12300_014360_g2,7.33561E+01,1.23000E-05,2.01770E+00,1.04335E+00,1.15720E-07,1.24040E-11,3.54200E-04,5.17100E-01,9.40573E-01
MTC_vo_12300_002776_fd,1.41822E+01,1.23000E-05,2.04277E+00,1.00724E+00,3.38442E-09,8.93563E-14,5.07020E-05,4.93073E-01,9.28745E-01
MTC_vo_12300_000148_fd,7.55474E-01,1.23000E-05,6.00549E-01,5.31251E-02,9.59219E-12,1.34950E-17,2.74065E-06,8.84608E-02,1.44088E-01
MTC_vo_12300_001999_fd,1.02102E+01,1.23000E-05,2.03737E+00,9.76050E-01,1.75304E-09,3.33397E-14,3.64115E-05,4.79074E-01,9.21553E-01
MTC_vo_12300_005380_g2,2.74843E+01,1.23000E-05,2.03059E+00,1.03555E+00,1.24970E-08,6.52390E-13,9.74010E-05,5.09977E-01,9.29463E-01
MTC_vo_12300_037232_g1,1.90190E+02,1.23000E-05,2.00944E+00,1.04799E+00,1.02570E-06,2.16180E-10,1.33400E-03,5.21534E-01,9.46828E-01
MTC_vo_12300_005938_g2,3.03341E+01,1.23000E-05,2.02877E+00,1.03887E+00,1.52230E-08,8.77090E-13,1.07500E-04,5.12069E-01,9.30576E-01
MTC_vo_12300_000077_fd,3.91757E-01,1.23000E-05,2.91076E-01,4.91739E-03,2.57086E-12,1.88139E-18,1.37032E-06,1.68938E-02,4.50702E-02
MTC_vo_12300_001440_fd,7.35719E+00,1.23000E-05,2.08079E+00,9.70816E-01,9.10161E-10,1.24723E-14,2.62319E-05,4.66562E-01,9.11197E-01
MTC_vo_10600_000077_fd,4.54585E-01,1.06000E-05,1.06337E-01,8.28568E-04,2.57394E-12,1.88139E-18,1.34963E-06,7.79190E-03,6.15662E-02
MTC_vo_10600_001440_fd,8.53721E+00,1.06000E-05,1.48151E+00,6.12646E-01,9.10302E-10,1.24727E-14,2.63179E-05,4.13529E-01,9.54128E-01
MTC_vo_10600_001999_fd,1.18477E+01,1.06000E-05,1.63148E+00,7.09730E-01,1.75300E-09,3.33397E-14,3.64401E-05,4.35023E-01,9.66730E-01
MTC_vo_10600_000389_fd,2.30501E+00,1.06000E-05,5.46602E-01,9.55065E-02,6.63303E-11,2.45392E-16,7.08558E-06,1.74728E-01,7.12597E-01
MTC_vo_10600_014360_g2,8.51208E+01,1.06000E-05,1.96809E+00,9.69901E-01,1.15720E-07,1.24040E-11,3.54200E-04,4.92814E-01,9.79362E-01
MTC_vo_10600_002776_fd,1.64564E+01,1.06000E-05,1.78194E+00,8.18669E-01,3.38674E-09,8.93528E-14,5.07800E-05,4.59425E-01,9.75454E-01
MTC_vo_10600_000148_fd,8.76641E-01,1.06000E-05,2.07801E-01,8.28047E-03,9.59247E-12,1.34953E-17,2.69927E-06,3.98481E-02,1.91559E-01
MTC_vo_10600_005380_g2,3.18919E+01,1.06000E-05,1.91874E+00,9.21354E-01,1.24970E-08,6.52370E-13,9.74000E-05,4.80188E-01,9.74281E-01
MTC_vo_10600_037232_g1,2.20692E+02,1.06000E-05,1.99113E+00,9.98093E-01,1.02570E-06,2.16180E-10,1.33400E-03,5.01268E-01,9.89423E-01
MTC_vo_10600_005938_g2,3.51991E+01,1.06000E-05,1.92631E+00,9.29063E-01,1.52230E-08,8.77100E-13,1.07500E-04,4.82301E-01,9.75568E-01
MTC_vo_10600_000542_fd,3.21393E+00,1.06000E-05,7.41807E-01,1.76467E-01,1.28964E-10,6.65267E-16,9.95355E-06,2.37888E-01,8.14551E-01
MTC_vo_10600_000279_fd,1.65576E+00,1.06000E-05,3.95374E-01,4.63454E-02,3.42242E-11,9.09479E-17,5.06113E-06,1.17219E-01,5.56150E-01
MTC_vo_10600_001041_fd,6.16776E+00,1.06000E-05,1.22529E+00,4.42175E-01,4.75078E-10,4.70278E-15,1.90636E-05,3.60875E-01,9.28816E-01
MTC_vo_10600_000750_fd,4.44740E+00,1.06000E-05,9.70249E-01,2.90758E-01,2.46980E-10,1.76299E-15,1.36650E-05,2.99674E-01,8.87884E-01
MTC_vo_10600_071617_g1,4.24512E+02,1.06000E-05,1.99427E+00,1.00397E+00,3.79500E-06,1.53860E-09,2.56600E-03,5.03429E-01,9.90734E-01
MTC_vo_10600_051633_g1,3.06058E+02,1.06000E-05,1.99287E+00,1.00125E+00,1.97260E-06,5.76590E-10,1.85000E-03,5.02413E-01,9.90187E-01
MTC_vo_10600_012061_g2,7.14904E+01,1.06000E-05,1.95802E+00,9.60824E-01,7.86580E-08,7.34850E-12,2.81100E-04,4.90711E-01,9.78731E-01
MTC_vo_10600_009333_g2,5.53201E+01,1.06000E-05,1.95695E+00,9.57220E-01,4.04650E-08,3.40490E-12,1.87300E-04,4.89139E-01,9.77589E-01
MTC_vo_10600_003883_g2,2.30187E+01,1.06000E-05,1.87835E+00,8.83434E-01,6.51050E-09,2.45300E-13,7.03010E-05,4.70325E-01,9.68433E-01
MTC_vo_10600_018633_g2,1.10445E+02,1.06000E-05,1.97114E+00,9.73872E-01,2.28120E-07,2.70950E-11,5.93300E-04,4.94064E-01,9.79832E-01
MTC_vo_10600_000055_fd,3.24713E-01,1.06000E-05,7.55639E-02,2.41673E-04,1.30914E-12,6.85624E-19,1.01223E-06,3.19826E-03,3.42120E-02
MTC_vo_10600_027910_g2,1.65436E+02,1.06000E-05,1.97756E+00,9.83250E-01,5.76930E-07,9.10640E-11,1.00000E-03,4.97205E-01,9.82109E-01
MTC_vo_10600_000104_fd,6.16917E-01,1.06000E-05,1.45585E-01,2.54623E-03,4.75016E-12,4.70275E-18,1.85575E-06,1.74896E-02,9.57171E-02
MTC_vo_10600_000203_fd,1.20128E+00,1.06000E-05,2.86420E-01,2.09073E-02,1.80140E-11,3.47287E-17,3.71149E-06,7.29954E-02,3.47859E-01
MTC_vo_10600_020201_g2,1.19743E+02,1.06000E-05,1.97044E+00,9.75111E-01,3.02250E-07,3.45310E-11,7.23800E-04,4.94869E-01,9.79954E-01
MTC_vo_10600_016611_g2,9.84650E+01,1.06000E-05,1.96819E+00,9.71543E-01,1.74670E-07,1.92000E-11,4.69800E-04,4.93624E-01,9.79825E-01
MTC_vo_02300_001453_g2,3.96881E+01,2.30000E-06,2.06098E+00,2.02914E+00,9.09160E-10,1.28440E-14,2.63000E-05,9.84549E-01,8.02641E-01
MTC_vo_02300_012061_g1,3.29478E+02,2.30000E-06,2.02474E+00,1.83755E+00,7.86200E-08,7.34850E-12,2.81100E-04,9.07545E-01,8.23610E-01
MTC_vo_02300_000077_fd,2.09505E+00,2.30000E-06,2.68483E-01,2.67106E-01,2.57670E-12,1.88140E-18,1.39101E-06,9.94873E-01,6.63138E-01
MTC_vo_02300_037232_g1,1.01710E+03,2.30000E-06,2.01167E+00,1.65786E+00,1.02500E-06,2.16180E-10,1.33400E-03,8.24123E-01,8.46137E-01
MTC_vo_02300_016611_g1,4.53795E+02,2.30000E-06,2.01999E+00,1.80560E+00,1.74250E-07,1.92000E-11,4.69800E-04,8.93866E-01,8.20841E-01
MTC_vo_02300_005938_g2,1.62222E+02,2.30000E-06,2.03857E+00,1.91540E+00,1.52000E-08,8.77100E-13,1.07500E-04,9.39577E-01,8.04333E-01
MTC_vo_02300_005380_g2,1.46980E+02,2.30000E-06,2.04297E+00,1.93042E+00,1.24670E-08,6.52370E-13,9.74000E-05,9.44907E-01,7.95753E-01
MTC_vo_02300_020201_g1,5.51860E+02,2.30000E-06,2.01754E+00,1.79711E+00,3.01750E-07,3.45310E-11,7.23800E-04,8.90741E-01,8.14574E-01
MTC_vo_02300_018632_g1,5.09006E+02,2.30000E-06,2.01852E+00,1.79031E+00,2.27780E-07,2.70950E-11,5.93300E-04,8.86944E-01,8.17303E-01
MTC_vo_02300_000148_fd,4.04015E+00,2.30000E-06,1.16339E+00,1.16044E+00,9.58427E-12,1.34951E-17,2.70882E-06,9.97465E-01,8.45003E-01
MTC_vo_02300_027910_g1,7.62445E+02,2.30000E-06,2.01414E+00,1.72861E+00,5.75980E-07,9.10640E-11,1.00000E-03,8.58237E-01,8.29834E-01
MTC_vo_02300_000389_fd,1.06231E+01,2.30000E-06,2.64048E+00,2.63199E+00,6.62748E-11,2.45391E-16,7.10149E-06,9.96783E-01,8.79135E-01
MTC_vo_02300_009333_g2,2.54954E+02,2.30000E-06,2.02695E+00,1.85611E+00,4.05220E-08,3.40490E-12,1.87300E-04,9.15719E-01,8.07191E-01
MTC_vo_02300_051633_g1,1.41053E+03,2.30000E-06,2.00939E+00,1.56877E+00,1.97290E-06,5.76590E-10,1.85000E-03,7.80722E-01,8.67589E-01
MTC_vo_02300_000750_fd,2.04969E+01,2.30000E-06,2.27342E+00,2.25670E+00,2.47311E-10,1.76303E-15,1.36905E-05,9.92642E-01,8.40536E-01
MTC_vo_02300_071617_g1,1.95644E+03,2.30000E-06,2.00755E+00,1.47281E+00,3.79560E-06,1.53860E-09,2.56600E-03,7.33637E-01,8.90890E-01
MTC_vo_02300_001041_fd,2.84252E+01,2.30000E-06,2.05837E+00,2.03512E+00,4.76059E-10,4.70272E-15,1.89983E-05,9.88703E-01,8.18259E-01
MTC_vo_02300_000279_fd,7.63101E+00,2.30000E-06,2.59208E+00,2.58611E+00,3.41957E-11,9.09519E-17,5.08818E-06,9.97699E-01,8.96355E-01
MTC_vo_02300_000542_fd,1.48121E+01,2.30000E-06,2.37166E+00,2.35966E+00,1.28976E-10,6.65279E-16,9.88352E-06,9.94938E-01,8.53398E-01
MTC_vo_02300_002801_g2,7.65083E+01,2.30000E-06,2.05070E+00,1.99014E+00,3.37800E-09,9.20120E-14,5.07000E-05,9.70471E-01,7.88723E-01
MTC_vo_02300_002016_g2,5.50800E+01,2.30000E-06,2.07981E+00,2.03583E+00,1.75110E-09,3.43320E-14,3.65000E-05,9.78856E-01,7.98930E-01
MTC_vo_02300_000203_fd,5.53637E+00,2.30000E-06,1.91761E+00,1.91340E+00,1.79974E-11,3.47296E-17,3.69717E-06,9.97806E-01,8.81742E-01
MTC_vo_02300_000104_fd,2.84317E+00,2.30000E-06,5.64803E-01,5.62831E-01,4.74599E-12,4.70268E-18,1.90349E-06,9.96509E-01,7.61482E-01
MTC_vo_02300_014360_g1,3.92296E+02,2.30000E-06,2.02203E+00,1.81181E+00,1.15400E-07,1.24040E-11,3.54200E-04,8.96035E-01,8.26015E-01
MTC_vo_02300_000055_fd,1.49651E+00,2.30000E-06,1.10710E-01,1.09798E-01,1.31472E-12,6.85636E-19,9.88352E-07,9.91760E-01,4.83537E-01
MTC_vo_02300_003883_g2,1.06085E+02,2.30000E-06,2.04868E+00,1.96574E+00,6.49470E-09,2.45290E-13,7.03000E-05,9.59512E-01,7.91201E-01
MTC_vo_01585_037232_g1,1.47592E+03,1.58500E-06,2.01064E+00,1.51130E+00,1.02580E-06,2.16180E-10,1.33400E-03,7.51650E-01,8.65083E-01
MTC_vo_01585_005938_g2,2.35401E+02,1.58500E-06,2.03515E+00,1.83646E+00,1.52000E-08,8.77100E-13,1.07500E-04,9.02371E-01,8.00077E-01
MTC_vo_01585_016611_g1,6.58504E+02,1.58500E-06,2.01822E+00,1.69050E+00,1.74250E-07,1.92000E-11,4.69800E-04,8.37617E-01,8.24762E-01
MTC_vo_01585_005380_g2,2.13284E+02,1.58500E-06,2.04039E+00,1.85821E+00,1.24700E-08,6.52380E-13,9.74000E-05,9.10716E-01,7.96474E-01
MTC_vo_01585_020201_g1,8.00807E+02,1.58500E-06,2.01599E+00,1.68098E+00,3.01750E-07,3.45310E-11,7.23800E-04,8.33822E-01,8.19888E-01
MTC_vo_01585_018632_g1,7.38620E+02,1.58500E-06,2.01688E+00,1.67114E+00,2.27780E-07,2.70950E-11,5.93300E-04,8.28575E-01,8.23384E-01
MTC_vo_01585_000148_fd,5.86274E+00,1.58500E-06,2.39536E+00,2.39011E+00,9.58373E-12,1.34955E-17,2.69919E-06,9.97805E-01,8.72751E-01
MTC_vo_01585_027910_g1,1.10639E+03,1.58500E-06,2.01289E+00,1.59417E+00,5.75980E-07,9.10640E-11,1.00000E-03,7.91979E-01,8.42513E-01
MTC_vo_01585_000389_fd,1.54152E+01,1.58500E-06,2.33596E+00,2.32118E+00,6.63424E-11,2.45391E-16,7.08852E-06,9.93671E-01,8.17729E-01
MTC_vo_01585_001050_g2,4.16056E+01,1.58500E-06,2.18117E+00,2.14175E+00,4.74500E-10,4.84260E-15,1.90000E-05,9.81928E-01,7.96317E-01
MTC_vo_01585_009333_g1,3.69964E+02,1.58500E-06,2.02676E+00,1.75671E+00,4.04460E-08,3.40490E-12,1.87300E-04,8.66759E-01,8.22435E-01
MTC_vo_01585_001453_g2,5.75916E+01,1.58500E-06,2.09267E+00,2.03855E+00,9.09150E-10,1.28440E-14,2.63000E-05,9.74137E-01,7.79383E-01
MTC_vo_01585_012061_g1,4.78106E+02,1.58500E-06,2.02256E+00,1.73161E+00,7.86200E-08,7.34850E-12,2.81100E-04,8.56148E-01,8.23513E-01
MTC_vo_01585_000077_fd,3.04013E+00,1.58500E-06,8.55725E-01,8.53247E-01,2.57670E-12,1.88139E-18,1.38743E-06,9.97103E-01,7.78197E-01
MTC_vo_01585_002016_g2,7.99268E+01,1.58500E-06,2.08100E+00,2.00703E+00,1.75080E-09,3.43320E-14,3.65000E-05,9.64456E-01,7.70552E-01
MTC_vo_01585_000104_fd,4.12571E+00,1.58500E-06,1.52006E+00,1.51653E+00,4.74592E-12,4.70259E-18,1.89195E-06,9.97672E-01,8.43769E-01
MTC_vo_01585_000203_fd,8.03389E+00,1.58500E-06,2.76853E+00,2.76110E+00,1.80000E-11,3.47301E-17,3.70823E-06,9.97313E-01,8.70689E-01
MTC_vo_01585_014360_g1,5.69262E+02,1.58500E-06,2.02008E+00,1.69782E+00,1.15400E-07,1.24040E-11,3.54200E-04,8.40470E-01,8.29510E-01
MTC_vo_01585_000055_fd,2.17158E+00,1.58500E-06,3.91220E-01,3.89560E-01,1.31471E-12,6.85622E-19,1.00904E-06,9.95756E-01,6.76103E-01
MTC_vo_01585_003883_g2,1.53940E+02,1.58500E-06,2.04391E+00,1.90704E+00,6.50040E-09,2.45290E-13,7.03000E-05,9.33038E-01,7.83517E-01
MTC_vo_01585_051633_g1,2.04682E+03,1.58500E-06,2.00856E+00,1.41445E+00,1.97290E-06,5.76590E-10,1.85000E-03,7.04214E-01,8.91662E-01
MTC_vo_01585_000750_fd,2.97430E+01,1.58500E-06,2.03022E+00,2.00142E+00,2.47491E-10,1.76300E-15,1.36977E-05,9.85814E-01,7.82393E-01
MTC_vo_01585_071617_g1,2.83900E+03,1.58500E-06,2.00688E+00,1.32101E+00,3.79560E-06,1.53860E-09,2.56600E-03,6.58242E-01,9.17431E-01
MTC_vo_01585_000279_fd,1.10734E+01,1.58500E-06,2.51698E+00,2.50652E+00,3.41936E-11,9.09519E-17,5.09566E-06,9.95843E-01,8.38532E-01
MTC_vo_01585_002801_g2,1.11022E+02,1.58500E-06,2.06756E+00,1.96646E+00,3.37810E-09,9.20130E-14,5.07000E-05,9.51103E-01,7.72040E-01
MTC_vo_01585_000542_fd,2.14939E+01,1.58500E-06,2.18982E+00,2.16910E+00,1.29167E-10,6.65280E-16,9.88861E-06,9.90537E-01,7.99294E-01
MTC_vo_03195_1_fd_001440,2.83237E+01,3.19500E-06,2.08853E+00,1.07963E+00,9.10255E-10,1.24726E-14,2.62895E-05,5.16931E-01,9.21194E-01
MTC_vo_03195_1_fd_001041,2.04628E+01,3.19500E-06,2.11721E+00,1.08425E+00,4.74679E-10,4.70285E-15,1.90179E-05,5.12113E-01,9.20159E-01
MTC_vo_03195_1_fd_000104,2.04675E+00,3.19500E-06,1.95850E+00,9.67567E-01,4.73602E-12,4.70282E-18,1.88145E-06,4.94035E-01,6.95906E-01
MTC_vo_03195_3_g1_051633,1.01540E+03,3.19500E-06,2.00836E+00,1.07104E+00,1.97250E-06,5.76590E-10,1.85000E-03,5.33290E-01,9.34972E-01
MTC_vo_03195_1_fd_000077,1.50816E+00,3.19500E-06,1.42547E+00,6.10718E-01,2.57135E-12,1.88135E-18,1.42380E-06,4.28432E-01,5.55621E-01
MTC_vo_03195_1_fd_000055,1.07730E+00,3.19500E-06,8.85193E-01,2.89748E-01,1.31189E-12,6.85639E-19,1.01700E-06,3.27328E-01,3.09539E-01
MTC_vo_03195_3_g1_071617,1.40840E+03,3.19500E-06,2.00672E+00,1.07138E+00,3.79410E-06,1.53860E-09,2.56600E-03,5.33895E-01,9.35127E-01
MTC_vo_03195_2_g2_005380,1.05808E+02,3.19500E-06,2.03789E+00,1.09310E+00,1.25020E-08,6.52380E-13,9.74000E-05,5.36388E-01,9.21129E-01
MTC_vo_03195_1_fd_000203,3.98543E+00,3.19500E-06,2.42233E+00,1.23285E+00,1.79598E-11,3.47279E-17,3.71205E-06,5.08951E-01,8.42320E-01
MTC_vo_03195_3_g1_027910,5.48865E+02,3.19500E-06,2.01260E+00,1.07019E+00,5.76350E-07,9.10640E-11,1.00000E-03,5.31743E-01,9.34514E-01
MTC_vo_03195_1_fd_000542,1.06629E+01,3.19500E-06,2.19701E+00,1.08925E+00,1.28581E-10,6.65281E-16,9.91575E-06,4.95788E-01,9.10421E-01
MTC_vo_03195_3_g1_016611,3.26676E+02,3.19500E-06,2.01781E+00,1.07413E+00,1.74210E-07,1.92000E-11,4.69800E-04,5.32325E-01,9.31197E-01
MTC_vo_03195_1_fd_000750,1.47551E+01,3.19500E-06,2.14626E+00,1.08193E+00,2.46479E-10,1.76298E-15,1.36787E-05,5.04101E-01,9.16511E-01
MTC_vo_03195_2_g2_012061,2.37183E+02,3.19500E-06,2.02213E+00,1.07807E+00,7.84950E-08,7.34850E-12,2.81100E-04,5.33134E-01,9.27887E-01
MTC_vo_03195_2_g2_002801,5.50764E+01,3.19500E-06,2.05860E+00,1.08911E+00,3.38610E-09,9.20120E-14,5.07000E-05,5.29053E-01,9.20531E-01
MTC_vo_03195_2_g2_009333,1.83535E+02,3.19500E-06,2.02624E+00,1.08630E+00,4.03950E-08,3.40490E-12,1.87300E-04,5.36116E-01,9.23764E-01
MTC_vo_03195_1_fd_000279,5.49332E+00,3.19500E-06,2.36091E+00,1.16870E+00,3.41219E-11,9.09493E-17,5.08500E-06,4.95024E-01,8.76531E-01
MTC_vo_03195_2_g2_005938,1.16779E+02,3.19500E-06,2.03546E+00,1.09355E+00,1.52300E-08,8.77090E-13,1.07500E-04,5.37250E-01,9.20997E-01
MTC_vo_03195_3_g1_020201,3.97270E+02,3.19500E-06,2.01563E+00,1.06959E+00,3.01950E-07,3.45310E-11,7.23800E-04,5.30647E-01,9.34139E-01
MTC_vo_03195_3_g1_018632,3.66420E+02,3.19500E-06,2.01649E+00,1.06985E+00,2.27740E-07,2.70950E-11,5.93300E-04,5.30551E-01,9.33217E-01
MTC_vo_03195_3_g1_037232,7.32186E+02,3.19500E-06,2.01040E+00,1.07063E+00,1.02560E-06,2.16180E-10,1.33400E-03,5.32546E-01,9.34764E-01
MTC_vo_03195_2_g2_003883,7.63689E+01,3.19500E-06,2.04704E+00,1.09123E+00,6.51320E-09,2.45300E-13,7.03000E-05,5.33074E-01,9.20531E-01
MTC_vo_03195_2_g2_002016,3.96507E+01,3.19500E-06,2.07293E+00,1.08629E+00,1.75500E-09,3.43320E-14,3.65000E-05,5.24038E-01,9.18971E-01
MTC_vo_03195_3_g1_014360,2.82404E+02,3.19500E-06,2.01962E+00,1.07732E+00,1.15370E-07,1.24040E-11,3.54200E-04,5.33429E-01,9.28319E-01
MTC_vo_03195_1_fd_000148,2.90838E+00,3.19500E-06,2.35719E+00,1.21817E+00,9.56368E-12,1.34947E-17,2.69505E-06,5.16787E-01,7.92845E-01
MTC_vo_03195_1_fd_000389,7.64731E+00,3.19500E-06,2.27855E+00,1.11887E+00,6.61421E-11,2.45394E-16,7.11900E-06,4.91043E-01,8.99120E-01
MTC_vo_01094_3_g1_020205,1.15937E+03,1.09500E-06,2.01089E+00,2.00679E+00,3.01860E-07,3.45500E-11,7.23930E-04,9.97962E-01,7.31420E-01
MTC_vo_01094_3_g1_018636,1.06933E+03,1.09500E-06,2.01149E+00,2.00733E+00,2.27860E-07,2.71090E-11,5.93410E-04,9.97933E-01,7.33168E-01
MTC_vo_01094_1_fd_000077,4.40132E+00,1.09480E-06,1.77978E+00,1.77976E+00,2.57663E-12,1.88134E-18,1.39394E-06,9.99988E-01,8.51424E-01
MTC_vo_01094_2_g2_000757,4.34322E+01,1.09500E-06,2.13386E+00,2.13361E+00,2.46790E-10,1.81640E-15,1.37030E-05,9.99883E-01,7.81368E-01
MTC_vo_01094_1_fd_000104,5.97312E+00,1.09480E-06,2.51400E+00,2.51397E+00,4.74584E-12,4.70286E-18,1.89925E-06,9.99988E-01,8.69014E-01
MTC_vo_01094_3_g1_016614,9.53343E+02,1.09500E-06,2.01240E+00,2.00866E+00,1.74310E-07,1.92100E-11,4.69890E-04,9.98139E-01,7.40074E-01
MTC_vo_01094_2_g2_001050,6.02349E+01,1.09500E-06,2.06291E+00,2.06249E+00,4.74670E-10,4.84530E-15,1.90030E-05,9.99796E-01,7.60102E-01
MTC_vo_01094_1_fd_000542,3.11177E+01,1.09480E-06,2.00544E+00,2.00527E+00,1.29255E-10,6.65264E-16,9.89699E-06,9.99915E-01,7.65736E-01
MTC_vo_01094_3_g1_014363,8.24155E+02,1.09500E-06,2.01367E+00,2.01006E+00,1.15440E-07,1.24110E-11,3.54260E-04,9.98210E-01,7.48287E-01
MTC_vo_01094_3_g1_005939,3.40802E+02,1.09500E-06,2.02462E+00,2.02261E+00,1.52370E-08,8.77580E-13,1.07520E-04,9.99006E-01,7.70029E-01
MTC_vo_01094_3_g1_051642,2.96328E+03,1.09500E-06,2.00582E+00,1.99603E+00,1.97360E-06,5.76900E-10,1.85030E-03,9.95118E-01,7.33047E-01
MTC_vo_01094_1_fd_000055,3.14394E+00,1.09480E-06,9.79891E-01,9.79877E-01,1.31465E-12,6.85639E-19,9.93184E-07,9.99986E-01,7.86208E-01
MTC_vo_01094_2_g2_005381,3.08782E+02,1.09500E-06,2.02356E+00,2.02157E+00,1.24830E-08,6.52730E-13,9.74180E-05,9.99017E-01,7.51416E-01
MTC_vo_01094_3_g1_009334,5.35619E+02,1.09500E-06,2.01822E+00,2.01546E+00,4.04610E-08,3.40680E-12,1.87330E-04,9.98633E-01,7.55592E-01
MTC_vo_01094_3_g1_071629,4.11014E+03,1.09500E-06,2.00468E+00,1.99131E+00,3.79700E-06,1.53940E-09,2.56650E-03,9.93328E-01,7.33983E-01
MTC_vo_01094_3_g1_037238,2.13677E+03,1.09500E-06,2.00724E+00,2.00005E+00,1.02620E-06,2.16300E-10,1.33420E-03,9.96417E-01,7.32471E-01
MTC_vo_01094_1_fd_000203,1.16309E+01,1.09480E-06,2.45313E+00,2.45307E+00,1.79972E-11,3.47286E-17,3.69395E-06,9.99975E-01,8.22047E-01
MTC_vo_01094_1_fd_000279,1.60313E+01,1.09480E-06,2.31602E+00,2.31593E+00,3.42373E-11,9.09478E-17,5.10531E-06,9.99963E-01,8.04704E-01
MTC_vo_01094_2_g2_002801,1.60731E+02,1.09500E-06,2.04465E+00,2.04355E+00,3.38220E-09,9.20620E-14,5.07090E-05,9.99460E-01,7.48168E-01
MTC_vo_01094_2_g2_002017,1.15714E+02,1.09500E-06,2.04597E+00,2.04528E+00,1.75140E-09,3.43510E-14,3.65070E-05,9.99666E-01,7.43713E-01
MTC_vo_01094_2_g2_001453,8.33784E+01,1.09500E-06,2.06549E+00,2.06495E+00,9.09330E-10,1.28510E-14,2.63050E-05,9.99739E-01,7.48863E-01
MTC_vo_01094_3_g1_027915,1.60177E+03,1.09500E-06,2.00878E+00,2.00327E+00,5.76670E-07,9.11140E-11,1.00020E-03,9.97257E-01,7.32008E-01
MTC_vo_01094_1_fd_000389,2.23174E+01,1.09480E-06,2.13822E+00,2.13810E+00,6.64368E-11,2.45394E-16,7.09168E-06,9.99944E-01,7.81696E-01
MTC_vo_01094_3_g1_012063,6.92179E+02,1.09500E-06,2.01535E+00,2.01221E+00,7.86490E-08,7.35250E-12,2.81150E-04,9.98441E-01,7.51108E-01
MTC_vo_01094_1_fd_000148,8.48782E+00,1.09480E-06,2.75676E+00,2.75672E+00,9.58371E-12,1.34956E-17,2.70076E-06,9.99984E-01,8.55773E-01
MTC_vo_01094_2_g2_003884,2.22869E+02,1.09500E-06,2.03318E+00,2.03173E+00,6.50270E-09,2.45430E-13,7.03130E-05,9.99285E-01,7.48573E-01
MTC_vo_13300_016611_g2,7.84759E+01,1.33000E-05,2.03471E+00,1.05486E+00,1.74680E-07,1.92000E-11,4.69800E-04,5.18430E-01,9.37931E-01
MTC_vo_13300_018632_g2,8.80235E+01,1.33000E-05,2.03198E+00,1.05138E+00,2.28120E-07,2.70950E-11,5.93300E-04,5.17417E-01,9.39532E-01
MTC_vo_13300_020201_g2,9.54345E+01,1.33000E-05,2.03023E+00,1.05166E+00,3.02250E-07,3.45310E-11,7.23800E-04,5.18003E-01,9.40313E-01
MTC_vo_13300_000203_fd,9.57412E-01,1.33000E-05,7.46263E-01,1.50339E-01,1.80138E-11,3.47290E-17,3.59849E-06,2.01456E-01,2.39944E-01
MTC_vo_13300_000104_fd,4.91692E-01,1.33000E-05,3.12197E-01,1.49656E-02,4.74358E-12,4.70315E-18,1.90508E-06,4.79366E-02,6.45147E-02
MTC_vo_13300_000055_fd,2.58788E-01,1.33000E-05,1.50981E-01,1.22483E-03,1.30498E-12,6.85577E-19,1.05838E-06,8.11245E-03,4.23121E-02
MTC_vo_13300_027910_g2,1.31851E+02,1.33000E-05,2.02429E+00,1.05421E+00,5.76940E-07,9.10640E-11,1.00000E-03,5.20783E-01,9.41378E-01
MTC_vo_13300_012061_g2,5.69773E+01,1.33000E-05,2.04247E+00,1.05509E+00,7.86580E-08,7.34850E-12,2.81100E-04,5.16576E-01,9.34670E-01
MTC_vo_13300_009333_g2,4.40897E+01,1.33000E-05,2.05048E+00,1.05982E+00,4.04640E-08,3.40490E-12,1.87300E-04,5.16863E-01,9.30184E-01
MTC_vo_13300_051633_g1,2.43926E+02,1.33000E-05,2.01598E+00,1.05786E+00,1.97260E-06,5.76590E-10,1.85000E-03,5.24737E-01,9.41838E-01
MTC_vo_13300_001041_fd,4.91564E+00,1.33000E-05,2.23325E+00,1.06553E+00,4.75018E-10,4.70272E-15,1.90508E-05,4.77119E-01,8.78382E-01
MTC_vo_13300_071617_g1,3.38332E+02,1.33000E-05,2.01285E+00,1.05931E+00,3.79500E-06,1.53860E-09,2.56600E-03,5.26275E-01,9.42463E-01
MTC_vo_13300_003849_fd,1.81856E+01,1.33000E-05,2.09310E+00,1.05595E+00,6.51500E-09,2.38211E-13,7.02765E-05,5.04491E-01,9.27420E-01
MTC_vo_13300_000750_fd,3.54456E+00,1.33000E-05,2.16781E+00,1.01190E+00,2.46968E-10,1.76301E-15,1.37589E-05,4.66783E-01,8.39808E-01
MTC_vo_13300_000279_fd,1.31963E+00,1.33000E-05,1.10315E+00,3.26494E-01,3.42243E-11,9.09484E-17,5.08023E-06,2.95966E-01,4.53727E-01
MTC_vo_13300_000542_fd,2.56146E+00,1.33000E-05,1.94063E+00,8.52952E-01,1.28968E-10,6.65251E-16,9.94878E-06,4.39524E-01,7.68924E-01
MTC_vo_13300_005938_g2,2.80533E+01,1.33000E-05,2.06706E+00,1.05985E+00,1.52230E-08,8.77090E-13,1.07500E-04,5.12731E-01,9.24477E-01
MTC_vo_13300_037232_g1,1.75890E+02,1.33000E-05,2.01987E+00,1.05604E+00,1.02570E-06,2.16180E-10,1.33400E-03,5.22824E-01,9.40988E-01
MTC_vo_13300_005380_g2,2.54178E+01,1.33000E-05,2.07158E+00,1.05771E+00,1.24970E-08,6.52390E-13,9.74010E-05,5.10582E-01,9.23505E-01
MTC_vo_13300_000148_fd,6.98676E-01,1.33000E-05,4.90516E-01,5.46134E-02,9.59227E-12,1.34953E-17,2.75179E-06,1.11339E-01,1.24021E-01
MTC_vo_13300_000389_fd,1.83707E+00,1.33000E-05,1.54695E+00,5.88909E-01,6.63310E-11,2.45392E-16,7.19699E-06,3.80691E-01,6.56447E-01
MTC_vo_13300_014360_g2,6.78406E+01,1.33000E-05,2.03796E+00,1.05598E+00,1.15720E-07,1.24040E-11,3.54200E-04,5.18157E-01,9.35485E-01
MTC_vo_13300_002776_fd,1.31158E+01,1.33000E-05,2.12310E+00,1.05458E+00,3.38336E-09,8.93545E-14,5.08023E-05,4.96719E-01,9.22995E-01
MTC_vo_13300_001999_fd,9.44263E+00,1.33000E-05,2.16072E+00,1.05654E+00,1.75324E-09,3.33406E-14,3.64083E-05,4.88977E-01,9.15502E-01
MTC_vo_13300_001440_fd,6.80408E+00,1.33000E-05,2.21906E+00,1.06983E+00,9.10240E-10,1.24727E-14,2.62478E-05,4.82110E-01,9.02141E-01
MTC_vo_13300_000077_fd,3.62298E-01,1.33000E-05,2.17716E-01,4.56731E-03,2.56911E-12,1.88133E-18,1.48173E-06,2.09783E-02,4.44382E-02
MTC_vo_02620_3_g1_012061,2.89236E+02,2.62000E-06,2.02409E+00,1.66188E+00,7.86110E-08,7.34850E-12,2.81100E-04,8.21053E-01,8.94202E-01
MTC_vo_02620_3_g1_027910,6.69322E+02,2.62000E-06,2.01377E+00,1.50901E+00,5.75980E-07,9.10640E-11,1.00000E-03,7.49344E-01,9.10355E-01
MTC_vo_02620_1_fd_000542,1.30030E+01,2.62000E-06,2.58631E+00,2.55903E+00,1.28887E-10,6.65273E-16,9.88257E-06,9.89453E-01,9.16347E-01
MTC_vo_02620_3_g1_071617,1.71749E+03,2.62000E-06,2.00735E+00,1.23864E+00,3.79560E-06,1.53860E-09,2.56600E-03,6.17051E-01,9.60419E-01
MTC_vo_02620_1_fd_000055,1.31373E+00,2.62000E-06,4.85849E-02,4.64014E-02,1.31472E-12,6.85636E-19,1.00077E-06,9.55060E-01,3.96866E-01
MTC_vo_02620_2_g2_005380,1.29029E+02,2.62000E-06,2.04943E+00,1.81505E+00,1.24670E-08,6.52380E-13,9.74000E-05,8.85638E-01,8.56673E-01
MTC_vo_02620_1_fd_000203,4.86019E+00,2.62000E-06,1.05243E+00,1.04278E+00,1.79978E-11,3.47299E-17,3.71117E-06,9.90831E-01,8.82285E-01
MTC_vo_02620_3_g1_051633,1.23825E+03,2.62000E-06,2.00914E+00,1.32480E+00,1.97130E-06,5.76590E-10,1.85000E-03,6.59389E-01,9.44932E-01
MTC_vo_02620_1_fd_000077,1.83915E+00,2.62000E-06,1.15435E-01,1.12218E-01,2.57667E-12,1.88136E-18,1.41775E-06,9.72134E-01,6.04465E-01
MTC_vo_02620_1_fd_001440,3.45397E+01,2.62000E-06,2.05554E+00,1.98356E+00,9.12154E-10,1.24725E-14,2.63118E-05,9.64985E-01,8.74361E-01
MTC_vo_02620_1_fd_001041,2.49533E+01,2.62000E-06,2.26079E+00,2.20848E+00,4.75958E-10,4.70266E-15,1.90146E-05,9.76863E-01,8.90334E-01
MTC_vo_02620_1_fd_000104,2.49594E+00,2.62000E-06,2.51075E-01,2.46493E-01,4.74595E-12,4.70283E-18,1.91814E-06,9.81752E-01,7.22511E-01
MTC_vo_02620_2_g2_002016,4.83526E+01,2.62000E-06,1.99603E+00,1.89853E+00,1.75110E-09,3.43320E-14,3.65000E-05,9.51150E-01,8.35785E-01
MTC_vo_02620_3_g1_014360,3.44382E+02,2.62000E-06,2.02144E+00,1.62320E+00,1.15400E-07,1.24040E-11,3.54200E-04,8.02989E-01,8.98397E-01
MTC_vo_02620_1_fd_000148,3.54671E+00,2.62000E-06,5.63274E-01,5.56477E-01,9.58361E-12,1.34952E-17,2.71041E-06,9.87932E-01,8.23010E-01
MTC_vo_02620_1_fd_000389,9.32559E+00,2.62000E-06,2.39999E+00,2.38068E+00,6.62706E-11,2.45391E-16,7.08876E-06,9.91953E-01,9.24809E-01
MTC_vo_02620_2_g2_003883,9.31280E+01,2.62000E-06,2.03839E+00,1.86143E+00,6.49470E-09,2.45290E-13,7.03000E-05,9.13188E-01,8.44314E-01
MTC_vo_02620_3_g1_037232,8.92876E+02,2.62000E-06,2.01136E+00,1.42125E+00,1.02500E-06,2.16180E-10,1.33400E-03,7.06609E-01,9.26947E-01
MTC_vo_02620_2_g2_009333,2.23814E+02,2.62000E-06,2.02878E+00,1.69154E+00,4.05460E-08,3.40490E-12,1.87300E-04,8.33773E-01,8.70027E-01
MTC_vo_02620_1_fd_000279,6.69898E+00,2.62000E-06,1.76144E+00,1.74782E+00,3.41965E-11,9.09520E-17,5.08723E-06,9.92269E-01,9.12319E-01
MTC_vo_02620_2_g2_005938,1.42408E+02,2.62000E-06,2.03054E+00,1.77617E+00,1.51870E-08,8.77090E-13,1.07500E-04,8.74728E-01,8.58979E-01
MTC_vo_02620_3_g1_020201,4.84458E+02,2.62000E-06,2.01708E+00,1.60500E+00,3.01770E-07,3.45310E-11,7.23800E-04,7.95705E-01,8.92379E-01
MTC_vo_02620_3_g1_018632,4.46837E+02,2.62000E-06,2.01803E+00,1.59369E+00,2.27790E-07,2.70950E-11,5.93300E-04,7.89727E-01,8.94754E-01
MTC_vo_02620_3_g1_016611,3.98370E+02,2.62000E-06,2.01946E+00,1.61478E+00,1.74250E-07,1.92000E-11,4.69800E-04,7.99612E-01,8.95644E-01
MTC_vo_02620_1_fd_000750,1.79935E+01,2.62000E-06,2.36099E+00,2.32319E+00,2.47213E-10,1.76303E-15,1.37188E-05,9.83986E-01,8.99400E-01
MTC_vo_02620_2_g2_002801,6.71640E+01,2.62000E-06,2.08914E+00,1.95706E+00,3.37870E-09,9.20130E-14,5.07000E-05,9.36774E-01,8.44495E-01
MTC_vo_01600_003883_g2,1.52497E+02,1.60000E-06,2.04941E+00,1.92530E+00,6.49470E-09,2.45290E-13,7.03000E-05,9.39444E-01,7.75872E-01
MTC_vo_01600_014360_g1,5.63925E+02,1.60000E-06,2.02019E+00,1.72248E+00,1.15400E-07,1.24040E-11,3.54200E-04,8.52634E-01,8.23656E-01
MTC_vo_01600_000055_fd,2.15124E+00,1.60000E-06,3.80772E-01,3.79281E-01,1.31472E-12,6.85636E-19,9.93127E-07,9.96084E-01,6.72826E-01
MTC_vo_01600_000104_fd,4.08703E+00,1.60000E-06,1.49309E+00,1.48991E+00,4.74596E-12,4.70258E-18,1.90986E-06,9.97872E-01,8.42116E-01
MTC_vo_01600_000203_fd,7.95859E+00,1.60000E-06,2.76747E+00,2.76078E+00,1.79994E-11,3.47304E-17,3.69239E-06,9.97583E-01,8.71677E-01
MTC_vo_01600_002016_g2,7.91774E+01,1.60000E-06,2.08086E+00,2.01393E+00,1.75080E-09,3.43320E-14,3.65000E-05,9.67838E-01,7.70377E-01
MTC_vo_01600_002801_g2,1.09981E+02,1.60000E-06,2.06784E+00,1.97621E+00,3.37800E-09,9.20120E-14,5.07000E-05,9.55690E-01,7.69653E-01
MTC_vo_01600_000542_fd,2.12923E+01,1.60000E-06,2.19887E+00,2.18020E+00,1.29154E-10,6.65270E-16,9.90580E-06,9.91512E-01,8.00263E-01
MTC_vo_01600_000279_fd,1.09696E+01,1.60000E-06,2.52632E+00,2.51691E+00,3.41963E-11,9.09537E-17,5.09296E-06,9.96274E-01,8.39804E-01
MTC_vo_01600_071617_g1,2.81239E+03,1.60000E-06,2.00692E+00,1.34987E+00,3.79560E-06,1.53860E-09,2.56600E-03,6.72607E-01,9.09546E-01
MTC_vo_01600_000750_fd,2.94642E+01,1.60000E-06,2.02936E+00,2.00343E+00,2.47524E-10,1.76301E-15,1.37001E-05,9.87224E-01,7.82650E-01
MTC_vo_01600_051633_g1,2.02763E+03,1.60000E-06,2.00860E+00,1.44510E+00,1.97290E-06,5.76590E-10,1.85000E-03,7.19454E-01,8.83269E-01
MTC_vo_01600_001050_g2,4.12159E+01,1.60000E-06,2.18256E+00,2.14698E+00,4.74500E-10,4.84270E-15,1.90000E-05,9.83697E-01,7.97634E-01
MTC_vo_01600_027910_g1,1.09601E+03,1.60000E-06,2.01297E+00,1.62273E+00,5.75980E-07,9.10640E-11,1.00000E-03,8.06140E-01,8.35063E-01
MTC_vo_01600_000389_fd,1.52708E+01,1.60000E-06,2.34430E+00,2.33099E+00,6.63379E-11,2.45397E-16,7.10468E-06,9.94323E-01,8.18433E-01
MTC_vo_01600_000148_fd,5.80780E+00,1.60000E-06,2.37199E+00,2.36726E+00,9.58477E-12,1.34957E-17,2.69927E-06,9.98007E-01,8.72500E-01
MTC_vo_01600_020201_g1,7.93299E+02,1.60000E-06,2.01608E+00,1.70610E+00,3.01750E-07,3.45310E-11,7.23800E-04,8.46246E-01,8.13677E-01
MTC_vo_01600_018632_g1,7.31696E+02,1.60000E-06,2.01697E+00,1.69678E+00,2.27780E-07,2.70950E-11,5.93300E-04,8.41253E-01,8.16971E-01
MTC_vo_01600_005380_g2,2.11285E+02,1.60000E-06,2.04188E+00,1.87548E+00,1.24780E-08,6.52380E-13,9.74000E-05,9.18506E-01,7.92874E-01
MTC_vo_01600_005938_g2,2.33194E+02,1.60000E-06,2.03584E+00,1.85432E+00,1.52000E-08,8.77100E-13,1.07500E-04,9.10838E-01,7.96462E-01
MTC_vo_01600_016611_g1,6.52331E+02,1.60000E-06,2.01832E+00,1.71545E+00,1.74250E-07,1.92000E-11,4.69800E-04,8.49939E-01,8.18689E-01
MTC_vo_01600_037232_g1,1.46208E+03,1.60000E-06,2.01070E+00,1.54152E+00,1.02580E-06,2.16180E-10,1.33400E-03,7.66656E-01,8.56915E-01
MTC_vo_01600_000077_fd,3.01164E+00,1.60000E-06,8.36487E-01,8.34260E-01,2.57676E-12,1.88141E-18,1.40056E-06,9.97338E-01,7.75695E-01
MTC_vo_01600_009333_g1,3.66496E+02,1.60000E-06,2.02691E+00,1.77888E+00,4.04460E-08,3.40490E-12,1.87300E-04,8.77629E-01,8.17679E-01
MTC_vo_01600_001453_g2,5.70517E+01,1.60000E-06,2.10169E+00,2.05284E+00,9.09160E-10,1.28440E-14,2.63000E-05,9.76759E-01,7.80189E-01
MTC_vo_01600_012061_g1,4.73624E+02,1.60000E-06,2.02268E+00,1.75469E+00,7.86200E-08,7.34850E-12,2.81100E-04,8.67508E-01,8.18342E-01
MTC_vo_03900_016611_g1,2.67623E+02,3.90000E-06,2.02709E+00,1.09993E+00,1.74250E-07,1.92000E-11,4.69800E-04,5.42613E-01,9.63876E-01
MTC_vo_03900_005938_g2,9.56690E+01,3.90000E-06,2.05249E+00,1.19358E+00,1.52100E-08,8.77090E-13,1.07500E-04,5.81525E-01,9.35858E-01
MTC_vo_03900_037232_g1,5.99829E+02,3.90000E-06,2.01582E+00,1.05782E+00,1.02500E-06,2.16180E-10,1.33400E-03,5.24761E-01,9.72031E-01
MTC_vo_03900_005380_g2,8.66809E+01,3.90000E-06,2.05919E+00,1.21653E+00,1.24860E-08,6.52380E-13,9.74000E-05,5.90782E-01,9.30943E-01
MTC_vo_03900_018632_g1,3.00183E+02,3.90000E-06,2.02509E+00,1.09329E+00,2.27790E-07,2.70950E-11,5.93300E-04,5.39873E-01,9.65276E-01
MTC_vo_03900_020201_g1,3.25456E+02,3.90000E-06,2.02378E+00,1.09681E+00,3.01770E-07,3.45310E-11,7.23800E-04,5.41961E-01,9.64586E-01
MTC_vo_03900_000148_fd,2.38268E+00,3.90000E-06,8.45442E-01,7.87431E-01,9.58376E-12,1.34956E-17,2.66903E-06,9.31383E-01,7.07826E-01
MTC_vo_03900_000389_fd,6.26490E+00,3.90000E-06,2.79958E+00,2.62858E+00,6.62732E-11,2.45393E-16,7.07603E-06,9.38920E-01,8.39014E-01
MTC_vo_03900_014360_g2,2.31354E+02,3.90000E-06,2.03037E+00,1.10790E+00,1.15680E-07,1.24040E-11,3.54200E-04,5.45665E-01,9.50629E-01
MTC_vo_03900_027910_g1,4.49647E+02,3.90000E-06,2.01917E+00,1.07165E+00,5.76020E-07,9.10640E-11,1.00000E-03,5.30739E-01,9.69668E-01
MTC_vo_03900_001440_fd,2.32037E+01,3.90000E-06,2.05436E+00,1.54594E+00,9.11816E-10,1.24727E-14,2.63179E-05,7.52514E-01,8.20649E-01
MTC_vo_03900_000077_fd,1.23554E+00,3.90000E-06,1.66793E-01,1.41681E-01,2.57670E-12,1.88140E-18,1.42762E-06,8.49447E-01,3.60845E-01
MTC_vo_03900_002016_g2,3.24831E+01,3.90000E-06,2.15736E+00,1.54830E+00,1.75110E-09,3.43320E-14,3.65000E-05,7.17685E-01,8.72803E-01
MTC_vo_03900_000203_fd,3.26499E+00,3.90000E-06,1.55869E+00,1.47443E+00,1.79975E-11,3.47280E-17,3.72423E-06,9.45941E-01,7.91322E-01
MTC_vo_03900_000104_fd,1.67676E+00,3.90000E-06,3.60813E-01,3.23646E-01,4.74587E-12,4.70286E-18,1.92418E-06,8.96991E-01,5.65168E-01
MTC_vo_03900_000055_fd,8.82558E-01,3.90000E-06,6.54148E-02,4.87986E-02,1.31472E-12,6.85636E-19,9.93127E-07,7.45987E-01,1.91371E-01
MTC_vo_03900_003883_g2,6.25629E+01,3.90000E-06,2.07302E+00,1.29484E+00,6.50200E-09,2.45290E-13,7.03000E-05,6.24617E-01,9.12161E-01
MTC_vo_03900_012061_g2,1.94307E+02,3.90000E-06,2.03298E+00,1.12189E+00,7.86980E-08,7.34850E-12,2.81100E-04,5.51844E-01,9.46916E-01
MTC_vo_03900_009333_g2,1.50357E+02,3.90000E-06,2.04033E+00,1.13629E+00,4.04050E-08,3.40490E-12,1.87300E-04,5.56915E-01,9.44069E-01
MTC_vo_03900_051633_g1,8.31849E+02,3.90000E-06,2.01272E+00,1.04878E+00,1.97130E-06,5.76590E-10,1.85000E-03,5.21075E-01,9.73378E-01
MTC_vo_03900_001041_fd,1.67637E+01,3.90000E-06,2.22915E+00,1.82149E+00,4.75264E-10,4.70282E-15,1.89936E-05,8.17125E-01,8.05610E-01
MTC_vo_03900_071617_g1,1.15380E+03,3.90000E-06,2.01023E+00,1.04393E+00,3.79250E-06,1.53860E-09,2.56600E-03,5.19311E-01,9.74045E-01
MTC_vo_03900_000750_fd,1.20878E+01,3.90000E-06,2.36859E+00,2.05330E+00,2.46783E-10,1.76298E-15,1.37176E-05,8.66886E-01,7.97609E-01
MTC_vo_03900_000279_fd,4.50027E+00,3.90000E-06,2.38855E+00,2.26724E+00,3.41940E-11,9.09479E-17,5.09598E-05,9.49213E-01,8.37113E-01
MTC_vo_03900_000542_fd,8.73537E+00,3.90000E-06,2.54991E+00,2.31409E+00,1.28859E-10,6.65283E-16,9.86920E-06,9.07520E-01,8.07803E-01
MTC_vo_03900_002801_g2,4.51201E+01,3.90000E-06,2.09362E+00,1.39592E+00,3.38440E-09,9.20110E-14,5.07000E-05,6.66750E-01,8.90173E-01
MSC_vo_02210_m02_g2_1435,4.07964E+02,2.21000E-06,2.02322E+00,1.83058E+00,1.15470E-07,1.23760E-11,3.54190E-04,9.04785E-01,8.14900E-01
MSC_vo_02210_m01_fd_0005,1.55699E+00,2.21000E-06,1.31162E-01,1.30353E-01,1.31393E-12,6.85016E-19,9.84851E-07,9.93830E-01,5.10174E-01
MSC_vo_02210_m02_g2_0388,1.10441E+02,2.21000E-06,2.05191E+00,1.97636E+00,6.51340E-09,2.45530E-13,7.03110E-05,9.63184E-01,8.03600E-01
MSC_vo_02210_m02_g2_0932,2.65050E+02,2.21000E-06,2.03093E+00,1.87430E+00,4.03130E-08,3.39390E-12,1.87300E-04,9.22881E-01,8.12300E-01
MSC_vo_02210_m01_fd_0020,5.76148E+00,2.21000E-06,2.09964E+00,2.09589E+00,1.79964E-11,3.47233E-17,3.69319E-06,9.98217E-01,8.82057E-01
MSC_vo_02210_m01_fd_0075,2.13315E+01,2.21000E-06,2.24309E+00,2.22821E+00,2.47362E-10,1.76299E-15,1.37176E-05,9.93367E-01,8.29644E-01
MSC_vo_02210_m02_g2_0538,1.52982E+02,2.21000E-06,2.04504E+00,1.94293E+00,1.24980E-08,6.52580E-13,9.73950E-05,9.50069E-01,8.11400E-01
MSC_vo_02210_m01_fd_0010,2.96022E+00,2.21000E-06,6.59111E-01,6.57356E-01,4.75015E-12,4.70874E-18,1.89936E-06,9.97338E-01,7.72277E-01
MSC_vo_02210_m01_fd_0028,7.94173E+00,2.21000E-06,2.68475E+00,2.67943E+00,3.41959E-11,9.09504E-17,5.10012E-06,9.98021E-01,8.91382E-01
MSC_vo_02210_m03_g1_2020,5.74174E+02,2.21000E-06,2.01770E+00,1.81548E+00,3.02810E-07,3.45020E-11,7.23800E-04,8.99779E-01,8.05200E-01
MSC_vo_02210_m03_g1_3722,1.05823E+03,2.21000E-06,2.01177E+00,1.68546E+00,1.02860E-06,2.16000E-10,1.33400E-03,8.37800E-01,8.35000E-01
MSC_vo_02210_m02_g2_0202,5.73475E+01,2.21000E-06,2.08790E+00,2.04733E+00,1.75350E-09,3.43760E-14,3.65100E-05,9.80567E-01,8.02800E-01
MSC_vo_02210_m02_g2_1205,3.42693E+02,2.21000E-06,2.02406E+00,1.85307E+00,7.85100E-08,7.33550E-12,2.81100E-04,9.15518E-01,8.13400E-01
MSC_vo_02210_m01_fd_0054,1.54151E+01,2.21000E-06,2.34880E+00,2.33811E+00,1.28990E-10,6.65256E-16,9.88368E-06,9.95448E-01,8.43477E-01
MSC_vo_02210_m03_g1_5162,1.46755E+03,2.21000E-06,2.00947E+00,1.60012E+00,1.97820E-06,5.76100E-10,1.85000E-03,7.96290E-01,8.55600E-01
MSC_vo_02210_m02_g2_0145,4.13258E+01,2.21000E-06,2.13167E+00,2.10242E+00,9.10600E-10,1.28640E-14,2.63100E-05,9.86278E-01,8.07400E-01
MSC_vo_02210_m02_g2_1660,4.72071E+02,2.21000E-06,2.02096E+00,1.82599E+00,1.74590E-07,1.91750E-11,4.69810E-04,9.03524E-01,8.11300E-01
MSC_vo_02210_m01_fd_0039,1.10771E+01,2.21000E-06,2.58825E+00,2.58068E+00,6.65317E-11,2.46824E-16,7.10500E-06,9.97076E-01,8.67046E-01
MSC_vo_02210_m01_fd_0008,2.18023E+00,2.21000E-06,3.18102E-01,3.16878E-01,2.57654E-12,1.88105E-18,1.40693E-06,9.96151E-01,6.77430E-01
MSC_vo_02210_m01_fd_0015,4.20395E+00,2.21000E-06,1.32016E+00,1.31753E+00,9.58085E-12,1.34881E-17,2.70834E-06,9.98010E-01,8.51409E-01
MSC_vo_02210_m02_g2_0594,1.68838E+02,2.21000E-06,2.04032E+00,1.92856E+00,1.52220E-08,8.77250E-13,1.07490E-04,9.45227E-01,8.14000E-01
MSC_vo_02210_m03_g1_2790,7.93274E+02,2.21000E-06,2.01427E+00,1.75180E+00,5.78000E-07,9.09880E-11,1.00000E-03,8.69694E-01,8.19500E-01
MSC_vo_02210_m02_g2_0280,7.96125E+01,2.21000E-06,2.06486E+00,2.00952E+00,3.38460E-09,9.19720E-14,5.06850E-05,9.73202E-01,7.98500E-01
MSC_vo_02210_m03_g1_7160,2.03555E+03,2.21000E-06,2.00761E+00,1.50673E+00,3.80580E-06,1.53730E-09,2.56600E-03,7.50511E-01,8.78800E-01
MSC_vo_02210_m01_fd_0104,2.95737E+01,2.21000E-06,2.03269E+00,2.01202E+00,4.75729E-10,4.69837E-15,1.89936E-05,9.89830E-01,8.07855E-01
MSC_vo_02210_m03_g1_1862,5.29500E+02,2.21000E-06,2.01868E+00,1.80948E+00,2.27690E-07,2.70590E-11,5.93300E-04,8.96368E-01,8.08100E-01
MTC_vo_13150_000077_fd,3.66434E-01,1.31500E-05,2.32188E-01,4.73413E-03,2.56872E-12,1.88138E-18,1.52781E-05,2.03893E-02,4.44528E-02
MTC_vo_13150_001440_fd,6.88167E+00,1.31500E-05,2.20071E+00,1.05556E+00,9.10152E-10,1.24726E-14,2.63704E-05,4.79648E-01,9.03094E-01
MTC_vo_13150_001999_fd,9.55034E+00,1.31500E-05,2.14496E+00,1.04657E+00,1.75319E-09,3.33405E-14,3.64581E-04,4.87918E-01,9.15841E-01
MTC_vo_13150_000148_fd,7.06642E-01,1.31500E-05,5.16764E-01,5.58128E-02,9.59231E-12,1.34951E-17,2.72075E-06,1.08004E-01,1.26825E-01
MTC_vo_13150_000389_fd,1.85804E+00,1.31500E-05,1.55147E+00,5.72601E-01,6.63313E-11,2.45395E-16,7.11582E-06,3.69070E-01,6.61510E-01
MTC_vo_13150_002776_fd,1.32652E+01,1.31500E-05,2.11573E+00,1.04970E+00,3.38423E-09,8.93518E-14,5.06479E-05,4.96138E-01,9.23258E-01
MTC_vo_13150_014360_g2,6.86145E+01,1.31500E-05,2.03533E+00,1.05455E+00,1.15720E-07,1.24040E-11,3.54200E-04,5.18121E-01,9.35445E-01
MTC_vo_13150_037232_g1,1.77896E+02,1.31500E-05,2.01848E+00,1.05536E+00,1.02570E-06,2.16180E-10,1.33400E-03,5.22852E-01,9.40978E-01
MTC_vo_13150_005938_g2,2.83731E+01,1.31500E-05,2.06215E+00,1.05701E+00,1.52230E-08,8.77070E-13,1.07500E-04,5.12578E-01,9.24551E-01
MTC_vo_13150_005380_g2,2.57078E+01,1.31500E-05,2.06628E+00,1.05459E+00,1.24970E-08,6.52390E-13,9.74010E-05,5.10379E-01,9.23536E-01
MTC_vo_13150_000279_fd,1.33468E+00,1.31500E-05,1.12650E+00,3.22245E-01,3.42242E-11,9.09481E-17,5.02293E-06,2.86059E-01,4.62355E-01
MTC_vo_13150_000542_fd,2.59070E+00,1.31500E-05,1.92244E+00,8.23216E-01,1.28966E-10,6.65269E-16,9.83657E-06,4.28214E-01,7.72243E-01
MTC_vo_13150_001041_fd,4.97172E+00,1.31500E-05,2.20718E+00,1.04128E+00,4.75019E-10,4.70275E-15,1.90453E-05,4.71768E-01,8.80110E-01
MTC_vo_13150_000750_fd,3.58497E+00,1.31500E-05,2.13795E+00,9.79334E-01,2.46967E-10,1.76296E-15,1.36038E-05,4.58071E-01,8.41944E-01
MTC_vo_13150_003849_fd,1.83931E+01,1.31500E-05,2.08655E+00,1.05315E+00,6.51492E-09,2.38214E-13,7.03210E-05,5.04732E-01,9.27465E-01
MTC_vo_13150_071617_g1,3.42192E+02,1.31500E-05,2.01195E+00,1.05896E+00,3.79500E-06,1.53860E-09,2.56600E-03,5.26336E-01,9.42436E-01
MTC_vo_13150_051633_g1,2.46708E+02,1.31500E-05,2.01486E+00,1.05736E+00,1.97260E-06,5.76590E-10,1.85000E-03,5.24781E-01,9.41817E-01
MTC_vo_13150_012061_g2,5.76273E+01,1.31500E-05,2.03936E+00,1.05330E+00,7.86580E-08,7.34850E-12,2.81100E-04,5.16486E-01,9.34631E-01
MTC_vo_13150_009333_g2,4.45927E+01,1.31500E-05,2.04693E+00,1.05786E+00,4.04650E-08,3.40490E-12,1.87300E-04,5.16801E-01,9.30165E-01
MTC_vo_13150_000055_fd,2.61766E-01,1.31500E-05,1.61191E-01,1.27131E-03,1.30539E-12,6.85782E-19,1.04644E-06,7.88695E-03,4.14589E-02
MTC_vo_13150_027910_g2,1.33356E+02,1.31500E-05,2.02259E+00,1.05337E+00,5.76940E-07,9.10650E-11,1.00000E-03,5.20805E-01,9.41314E-01
MTC_vo_13150_018632_g2,8.90276E+01,1.31500E-05,2.02973E+00,1.05016E+00,2.28120E-07,2.70950E-11,5.93300E-04,5.17389E-01,9.39558E-01
MTC_vo_13150_020201_g2,9.65231E+01,1.31500E-05,2.02811E+00,1.05055E+00,3.02250E-07,3.45310E-11,7.23800E-04,5.17992E-01,9.40277E-01
MTC_vo_13150_000104_fd,4.97283E-01,1.31500E-05,3.31805E-01,1.54462E-02,4.74369E-12,4.70264E-18,1.88360E-06,4.65520E-02,6.54730E-02
MTC_vo_13150_000203_fd,9.68330E-01,1.31500E-05,7.75256E-01,1.51140E-01,1.80139E-11,3.47287E-17,3.76720E-06,1.94955E-01,2.45997E-01
MTC_vo_13150_016611_g2,7.93710E+01,1.31500E-05,2.03227E+00,1.05353E+00,1.74680E-07,1.92000E-11,4.69800E-04,5.18402E-01,9.37936E-01
MSC_vo_03700_m03_g1_7160,1.21583E+03,3.70000E-06,2.00946E+00,1.05063E+00,3.80590E-06,1.53730E-09,2.56600E-03,5.22842E-01,9.70800E-01
MSC_vo_03700_m02_g2_0280,4.75687E+01,3.70000E-06,2.06869E+00,1.43792E+00,3.38690E-09,9.20670E-14,5.07020E-05,6.95089E-01,8.78800E-01
MSC_vo_03700_m01_fd_0104,1.76697E+01,3.70000E-06,2.13575E+00,1.78337E+00,4.75415E-10,4.70268E-15,1.90206E-05,8.35009E-01,7.68239E-01
MSC_vo_03700_m03_g1_2790,4.73822E+02,3.70000E-06,2.01773E+00,1.09063E+00,5.78000E-07,9.09890E-11,1.00000E-03,5.40522E-01,9.64200E-01
MSC_vo_03700_m01_fd_0015,2.51092E+00,3.70000E-06,1.08849E+00,1.04022E+00,9.58017E-12,1.34866E-17,2.70882E-06,9.55658E-01,7.21445E-01
MSC_vo_03700_m02_g2_0594,1.00855E+02,3.70000E-06,2.05034E+00,1.24268E+00,1.52180E-08,8.77480E-13,1.07500E-04,6.06083E-01,9.27400E-01
MSC_vo_03700_m02_g2_1660,2.81962E+02,3.70000E-06,2.02516E+00,1.12731E+00,1.74580E-07,1.91740E-11,4.69800E-04,5.56650E-01,9.45700E-01
MSC_vo_03700_m02_g2_2020,3.42952E+02,3.70000E-06,2.02230E+00,1.12354E+00,3.03570E-07,3.45020E-11,7.23800E-04,5.55575E-01,9.46200E-01
MSC_vo_03700_m01_fd_0008,1.30242E+00,3.70000E-06,2.14184E-01,1.93725E-01,2.57722E-12,1.88179E-18,1.41330E-06,9.04478E-01,3.96380E-01
MSC_vo_03700_m01_fd_0039,6.60096E+00,3.70000E-06,2.79178E+00,2.64824E+00,6.62226E-11,2.45105E-16,7.12537E-06,9.48586E-01,8.04913E-01
MSC_vo_03700_m01_fd_0054,9.21746E+00,3.70000E-06,2.46755E+00,2.26731E+00,1.29135E-10,6.67435E-16,9.89307E-06,9.18852E-01,7.72399E-01
MSC_vo_03700_m02_g2_1205,2.04685E+02,3.70000E-06,2.03253E+00,1.15540E+00,7.85600E-08,7.33500E-12,2.81100E-04,5.68453E-01,9.40100E-01
MSC_vo_03700_m03_g1_5162,8.76566E+02,3.70000E-06,2.01177E+00,1.05804E+00,1.97830E-06,5.76100E-10,1.85000E-03,5.25925E-01,9.69800E-01
MSC_vo_03700_m01_fd_0144,2.44579E+01,3.70000E-06,2.04666E+00,1.60067E+00,9.11857E-10,1.24726E-14,2.63226E-05,7.82088E-01,7.91326E-01
MSC_vo_03700_m03_g1_3722,6.32077E+02,3.70000E-06,2.01463E+00,1.07133E+00,1.02860E-06,2.16000E-10,1.33400E-03,5.31775E-01,9.67700E-01
MSC_vo_03700_m01_fd_0075,1.27133E+01,3.70000E-06,2.33296E+00,2.06352E+00,2.45679E-10,1.75144E-15,1.37207E-05,8.84506E-01,7.67038E-01
MSC_vo_03700_m01_fd_0010,1.76681E+00,3.70000E-06,4.72836E-01,4.42020E-01,4.74307E-12,4.69821E-18,1.88439E-06,9.34828E-01,5.94673E-01
MSC_vo_03700_m01_fd_0028,4.74460E+00,3.70000E-06,2.67910E+00,2.57787E+00,3.42107E-11,9.10094E-17,5.12320E-06,9.62217E-01,8.23570E-01
MSC_vo_03700_m02_g2_0538,9.13804E+01,3.70000E-06,2.05282E+00,1.26472E+00,1.24930E-08,6.52680E-13,9.74000E-05,6.16088E-01,9.21600E-01
MSC_vo_03700_m02_g2_0932,1.58319E+02,3.70000E-06,2.03723E+00,1.17054E+00,4.03460E-08,3.39420E-12,1.87300E-04,5.74576E-01,9.36900E-01
MSC_vo_03700_m01_fd_0020,3.44153E+00,3.70000E-06,1.91227E+00,1.84191E+00,1.79985E-11,3.47295E-17,3.70990E-06,9.63207E-01,7.95042E-01
MSC_vo_03700_m02_g2_0388,6.59554E+01,3.70000E-06,2.06912E+00,1.35394E+00,6.51120E-09,2.45410E-13,7.03000E-05,6.54356E-01,9.03100E-01
MSC_vo_03700_m02_g2_1862,3.16269E+02,3.70000E-06,2.02322E+00,1.11820E+00,2.28140E-07,2.70590E-11,5.93300E-04,5.52684E-01,9.47000E-01
MSC_vo_03700_m01_fd_0005,9.30264E-01,3.70000E-06,8.20640E-02,6.86381E-02,1.31472E-12,6.85636E-19,1.00108E-06,8.36397E-01,2.11429E-01
MSC_vo_03700_m02_g2_1435,2.43682E+02,3.70000E-06,2.02862E+00,1.13693E+00,1.15480E-07,1.23770E-11,3.54200E-04,5.60446E-01,9.44700E-01
MSC_vo_03700_m01_fd_0200,3.39800E+01,3.70000E-06,2.13408E+00,1.58577E+00,1.76064E-09,3.34513E-14,3.65101E-05,7.43072E-01,8.39109E-01
MSC_vo_01050_m01_fd_0028,1.67154E+01,1.05000E-06,2.30123E+00,2.30112E+00,3.42433E-11,9.09496E-17,5.09694E-06,9.99951E-01,8.01574E-01
MSC_vo_01050_m01_fd_0010,6.23506E+00,1.05000E-06,2.59653E+00,2.59649E+00,4.75701E-12,4.71894E-18,1.90508E-06,9.99985E-01,8.70588E-01
MSC_vo_01050_m02_g2_0538,3.21986E+02,1.05000E-06,2.02066E+00,2.01819E+00,1.24970E-08,6.52550E-13,9.73930E-05,9.98777E-01,7.69100E-01
MSC_vo_01050_m01_fd_0020,1.21180E+01,1.05000E-06,2.42221E+00,2.42213E+00,1.79711E-11,3.46503E-17,3.69319E-06,9.99967E-01,8.16799E-01
MSC_vo_01050_m03_g1_1660,9.93579E+02,1.05000E-06,2.01050E+00,2.00562E+00,1.74340E-07,1.91740E-11,4.69800E-04,9.97570E-01,7.40400E-01
MSC_vo_01050_m03_g1_2020,1.20850E+03,1.05000E-06,2.00922E+00,2.00383E+00,3.02810E-07,3.45020E-11,7.23800E-04,9.97318E-01,7.30900E-01
MSC_vo_01050_m03_g1_1205,7.21274E+02,1.05000E-06,2.01300E+00,2.00882E+00,7.84920E-08,7.33510E-12,2.81100E-04,9.97922E-01,7.50700E-01
MSC_vo_01050_m02_g2_0388,2.32430E+02,1.05000E-06,2.03086E+00,2.02900E+00,6.50220E-09,2.45460E-13,7.03040E-05,9.99082E-01,7.66200E-01
MSC_vo_01050_m01_fd_0005,3.27599E+00,1.05000E-06,1.06944E+00,1.06942E+00,1.31305E-12,6.84332E-19,1.00268E-06,9.99982E-01,7.96352E-01
MSC_vo_01050_m02_g2_0105,6.28172E+01,1.05000E-06,2.05498E+00,2.05447E+00,4.74940E-10,4.84550E-15,1.90010E-05,9.99750E-01,7.70700E-01
MSC_vo_01050_m03_g1_2790,1.66966E+03,1.05000E-06,2.00743E+00,2.00024E+00,5.78000E-07,9.09890E-11,1.00000E-03,9.96418E-01,7.31400E-01
MSC_vo_01050_m02_g2_0594,3.55411E+02,1.05000E-06,2.02094E+00,2.01817E+00,1.52040E-08,8.77600E-13,1.07500E-04,9.98628E-01,7.67700E-01
MSC_vo_01050_m01_fd_0015,8.83981E+00,1.05000E-06,2.70486E+00,2.70480E+00,9.56244E-12,1.34492E-17,2.70723E-06,9.99979E-01,8.50626E-01
MSC_vo_01050_m03_g1_1862,1.11447E+03,1.05000E-06,2.00973E+00,2.00434E+00,2.27690E-07,2.70590E-11,5.93300E-04,9.97320E-01,7.33000E-01
MSC_vo_01050_m02_g2_0076,4.53036E+01,1.05000E-06,2.09139E+00,2.09100E+00,2.47030E-10,1.81760E-15,1.37030E-05,9.99813E-01,7.80000E-01
MSC_vo_01050_m03_g1_7160,4.28434E+03,1.05000E-06,2.00396E+00,1.98647E+00,3.80580E-06,1.53730E-09,2.56600E-03,9.91270E-01,7.34000E-01
MSC_vo_01050_m03_g1_1435,8.58691E+02,1.05000E-06,2.01158E+00,2.00679E+00,1.15300E-07,1.23770E-11,3.54200E-04,9.97621E-01,7.48100E-01
MSC_vo_01050_m02_g2_0280,1.67623E+02,1.05000E-06,2.02770E+00,2.02625E+00,3.38690E-09,9.20670E-14,5.07020E-05,9.99283E-01,7.65600E-01
MSC_vo_01050_m02_g2_0202,1.20662E+02,1.05000E-06,2.03933E+00,2.03839E+00,1.75240E-09,3.43410E-14,3.64970E-05,9.99537E-01,7.62800E-01
MSC_vo_01050_m03_g1_3722,2.22732E+03,1.05000E-06,2.00613E+00,1.99674E+00,1.02860E-06,2.16000E-10,1.33400E-03,9.95318E-01,7.32000E-01
MSC_vo_01050_m03_g1_0932,5.57873E+02,1.05000E-06,2.01543E+00,2.01175E+00,4.03290E-08,3.39400E-12,1.87300E-04,9.98174E-01,7.55000E-01
MSC_vo_01050_m01_fd_0008,4.58507E+00,1.05000E-06,1.89689E+00,1.89686E+00,2.57228E-12,1.87638E-18,1.40375E-06,9.99985E-01,8.54831E-01
MSC_vo_01050_m01_fd_0039,2.32696E+01,1.05000E-06,2.10299E+00,2.10284E+00,6.64511E-11,2.45393E-16,7.10229E-06,9.99924E-01,7.77518E-01
MSC_vo_01050_m02_g2_0145,8.69607E+01,1.05000E-06,2.06088E+00,2.06015E+00,9.11550E-10,1.28550E-14,2.63040E-05,9.99646E-01,7.65600E-01
MSC_vo_01050_m03_g1_5162,3.08887E+03,1.05000E-06,2.00493E+00,1.99214E+00,1.97820E-06,5.76110E-10,1.85000E-03,9.93619E-01,7.32800E-01
MSC_vo_01050_m01_fd_0054,3.23757E+01,1.05000E-06,2.02204E+00,2.02181E+00,1.28684E-10,6.60987E-16,9.89307E-06,9.99889E-01,7.65760E-01
MTC_vo_11200_051633_g1,2.89662E+02,1.12000E-05,1.99747E+00,1.02550E+00,1.97260E-06,5.76590E-10,1.85000E-03,5.13399E-01,9.71921E-01
MTC_vo_11200_009333_g2,5.23566E+01,1.12000E-05,1.97838E+00,9.95380E-01,4.04650E-08,3.40490E-12,1.87300E-04,5.03130E-01,9.58970E-01
MTC_vo_11200_012061_g2,6.76606E+01,1.12000E-05,1.97863E+00,9.95636E-01,7.86590E-08,7.34850E-12,2.81100E-04,5.03195E-01,9.61666E-01
MTC_vo_11200_000542_fd,3.04175E+00,1.12000E-05,1.26169E+00,3.61794E-01,1.28970E-10,6.65264E-16,9.98220E-06,2.86753E-01,8.05246E-01
MTC_vo_11200_000279_fd,1.56707E+00,1.12000E-05,8.02077E-01,1.24751E-01,3.42246E-11,9.09497E-17,5.16935E-06,1.55535E-01,5.40376E-01
MTC_vo_11200_003849_fd,2.15953E+01,1.12000E-05,1.93536E+00,9.42094E-01,6.51869E-09,2.38208E-13,7.02319E-05,4.86780E-01,9.57812E-01
MTC_vo_11200_071617_g1,4.01770E+02,1.12000E-05,1.99797E+00,1.02812E+00,3.79500E-06,1.53860E-09,2.56600E-03,5.14585E-01,9.72465E-01
MTC_vo_11200_000750_fd,4.20916E+00,1.12000E-05,1.47705E+00,5.08777E-01,2.46971E-10,1.76300E-15,1.37255E-05,3.44455E-01,8.73239E-01
MTC_vo_11200_001041_fd,5.83734E+00,1.12000E-05,1.65966E+00,6.52168E-01,4.75023E-10,4.70275E-15,1.90731E-05,3.92953E-01,9.11819E-01
MTC_vo_11200_000203_fd,1.13693E+00,1.12000E-05,6.12207E-01,6.20201E-02,1.80134E-11,3.47292E-17,3.74332E-06,1.01306E-01,3.22605E-01
MTC_vo_11200_000104_fd,5.83865E-01,1.12000E-05,3.26549E-01,8.08459E-03,4.74880E-12,4.70267E-18,1.96079E-06,2.47577E-02,8.28658E-02
MTC_vo_11200_020201_g2,1.13328E+02,1.12000E-05,1.98485E+00,1.00374E+00,3.02250E-07,3.45310E-11,7.23800E-04,5.05704E-01,9.64866E-01
MTC_vo_11200_018632_g2,1.04528E+02,1.12000E-05,1.98583E+00,1.00329E+00,2.28120E-07,2.70950E-11,5.93300E-04,5.05224E-01,9.64552E-01
MTC_vo_11200_016611_g2,9.31901E+01,1.12000E-05,1.98435E+00,1.00346E+00,1.74670E-07,1.92000E-11,4.69800E-04,5.05689E-01,9.63656E-01
MTC_vo_11200_027910_g2,1.56574E+02,1.12000E-05,1.98914E+00,1.01175E+00,5.76940E-07,9.10650E-11,1.00000E-03,5.08636E-01,9.66713E-01
MTC_vo_11200_000055_fd,3.07314E-01,1.12000E-05,1.71379E-01,7.41290E-04,1.30818E-12,6.85599E-19,1.06952E-06,4.32546E-03,2.61875E-02
MTC_vo_11200_001440_fd,8.07989E+00,1.12000E-05,1.79632E+00,7.72876E-01,9.10263E-10,1.24729E-14,2.63815E-05,4.30255E-01,9.33847E-01
MTC_vo_11200_000077_fd,4.30243E-01,1.12000E-05,2.40294E-01,2.63711E-03,2.57383E-12,1.88152E-18,1.42603E-06,1.09745E-02,4.80187E-02
MTC_vo_11200_005380_g2,3.01834E+01,1.12000E-05,1.95690E+00,9.68516E-01,1.24970E-08,6.52370E-13,9.74000E-05,4.94923E-01,9.54240E-01
MTC_vo_11200_005938_g2,3.33132E+01,1.12000E-05,1.96101E+00,9.75381E-01,1.52230E-08,8.77080E-13,1.07500E-04,4.97387E-01,9.55457E-01
MTC_vo_11200_037232_g1,2.08869E+02,1.12000E-05,1.99686E+00,1.02230E+00,1.02570E-06,2.16180E-10,1.33400E-03,5.11952E-01,9.71169E-01
MTC_vo_11200_001999_fd,1.12131E+01,1.12000E-05,1.82780E+00,8.25537E-01,1.75307E-09,3.33401E-14,3.65420E-05,4.51657E-01,9.44628E-01
MTC_vo_11200_002776_fd,1.55748E+01,1.12000E-05,1.89162E+00,8.96977E-01,3.38651E-09,8.93521E-14,5.06240E-05,4.74183E-01,9.52743E-01
MTC_vo_11200_014360_g2,8.05607E+01,1.12000E-05,1.98397E+00,1.00226E+00,1.15720E-07,1.24040E-11,3.54200E-04,5.05180E-01,9.62477E-01
MTC_vo_11200_000389_fd,2.18154E+00,1.12000E-05,1.02677E+00,2.26013E-01,6.63296E-11,2.45395E-16,7.13014E-06,2.20120E-01,7.06328E-01
MTC_vo_11200_000148_fd,8.29678E-01,1.12000E-05,4.59274E-01,2.59520E-02,9.59237E-12,1.34953E-17,2.67380E-06,5.65067E-02,1.70144E-01
MSC_vo_01630_m01_fd_0054,2.09005E+01,1.63000E-06,2.21236E+00,2.19632E+00,1.29146E-10,6.65277E-16,9.90994E-06,9.92750E-01,8.02756E-01
MSC_vo_01630_m03_g1_5162,1.98975E+03,1.63000E-06,2.00863E+00,1.48785E+00,1.97820E-06,5.76100E-10,1.85000E-03,7.40728E-01,8.72000E-01
MSC_vo_01630_m02_g2_0145,5.60220E+01,1.63000E-06,2.10747E+00,2.06404E+00,9.10310E-10,1.28580E-14,2.63050E-05,9.79393E-01,7.91000E-01
MSC_vo_01630_m01_fd_0039,1.49895E+01,1.63000E-06,2.34535E+00,2.33392E+00,6.63411E-11,2.45387E-16,7.10818E-06,9.95126E-01,8.19976E-01
MSC_vo_01630_m01_fd_0008,2.95692E+00,1.63000E-06,7.96904E-01,7.94996E-01,2.57812E-12,1.88277E-18,1.40088E-06,9.97606E-01,7.70714E-01
MSC_vo_01630_m03_g1_3722,1.43478E+03,1.63000E-06,2.01073E+00,1.58218E+00,1.02860E-06,2.16000E-10,1.33400E-03,7.86867E-01,8.46500E-01
MSC_vo_01630_m02_g2_0202,7.77338E+01,1.63000E-06,2.08177E+00,2.02239E+00,1.75530E-09,3.43500E-14,3.65010E-05,9.71477E-01,7.84700E-01
MSC_vo_01630_m02_g2_0280,1.07955E+02,1.63000E-06,2.06523E+00,1.98425E+00,3.38550E-09,9.20080E-14,5.06910E-05,9.60789E-01,7.89200E-01
MSC_vo_01630_m03_g1_1435,5.53144E+02,1.63000E-06,2.02026E+00,1.75384E+00,1.15300E-07,1.23770E-11,3.54200E-04,8.68124E-01,8.17700E-01
MSC_vo_01630_m03_g1_7160,2.75985E+03,1.63000E-06,2.00694E+00,1.39183E+00,3.80580E-06,1.53730E-09,2.56600E-03,6.93511E-01,8.98400E-01
MSC_vo_01630_m03_g1_1862,7.17911E+02,1.63000E-06,2.01703E+00,1.72956E+00,2.27690E-07,2.70590E-11,5.93300E-04,8.57480E-01,8.10200E-01
MSC_vo_01630_m01_fd_0015,5.69807E+00,1.63000E-06,2.31859E+00,2.31453E+00,9.57491E-12,1.34755E-17,2.69799E-06,9.98251E-01,8.72159E-01
MSC_vo_01630_m02_g2_0594,2.28948E+02,1.63000E-06,2.04169E+00,1.88128E+00,1.52040E-08,8.77630E-13,1.07500E-04,9.21436E-01,8.08800E-01
MSC_vo_01630_m03_g1_2790,1.07555E+03,1.63000E-06,2.01301E+00,1.65979E+00,5.78010E-07,9.09890E-11,1.00000E-03,8.24530E-01,8.26200E-01
MSC_vo_01630_m02_g2_0105,4.04417E+01,1.63000E-06,2.17940E+00,2.14788E+00,4.74390E-10,4.83710E-15,1.89900E-05,9.85537E-01,8.00100E-01
MSC_vo_01630_m02_g2_1206,4.64812E+02,1.63000E-06,2.02126E+00,1.78237E+00,7.85720E-08,7.34400E-12,2.81210E-04,8.81811E-01,8.13200E-01
MSC_vo_01630_m01_fd_0005,2.11251E+00,1.63000E-06,3.59807E-01,3.58530E-01,1.31580E-12,6.86478E-19,1.01175E-06,9.96451E-01,6.66234E-01
MSC_vo_01630_m02_g2_0388,1.49723E+02,1.63000E-06,2.05273E+00,1.94309E+00,6.51190E-09,2.45450E-13,7.03040E-05,9.46588E-01,7.96300E-01
MSC_vo_01630_m03_g1_2020,7.78481E+02,1.63000E-06,2.01614E+00,1.73766E+00,3.02810E-07,3.45020E-11,7.23800E-04,8.61874E-01,8.06700E-01
MSC_vo_01630_m03_g1_1660,6.40036E+02,1.63000E-06,2.01839E+00,1.74894E+00,1.74350E-07,1.91740E-11,4.69800E-04,8.66503E-01,8.12400E-01
MSC_vo_01630_m02_g2_0932,3.59373E+02,1.63000E-06,2.02672E+00,1.80618E+00,4.03400E-08,3.39420E-12,1.87300E-04,8.91188E-01,8.11000E-01
MSC_vo_01630_m01_fd_0020,7.82165E+00,1.63000E-06,2.76078E+00,2.75504E+00,1.80428E-11,3.48577E-17,3.70974E-06,9.97920E-01,8.73734E-01
MSC_vo_01630_m01_fd_0075,2.89487E+01,1.63000E-06,2.02968E+00,2.00739E+00,2.47953E-10,1.76792E-15,1.36975E-05,9.89018E-01,7.83837E-01
MSC_vo_01630_m02_g2_0538,2.07401E+02,1.63000E-06,2.03747E+00,1.89050E+00,1.24770E-08,6.52430E-13,9.73870E-05,9.27867E-01,8.04800E-01
MSC_vo_01630_m01_fd_0010,4.01449E+00,1.63000E-06,1.43781E+00,1.43508E+00,4.75236E-12,4.71202E-18,1.89378E-06,9.98106E-01,8.38984E-01
MSC_vo_01630_m01_fd_0028,1.07544E+01,1.63000E-06,2.54948E+00,2.54141E+00,3.41121E-11,9.06164E-17,5.11062E-06,9.96835E-01,8.43136E-01
MTC_vo_00729_2_g2_001452,1.25164E+02,7.29000E-07,2.04304E+00,2.04294E+00,9.08250E-10,1.28280E-14,2.62890E-05,9.99948E-01,7.39054E-01
MTC_vo_00729_1_fd_000389,3.35022E+01,7.29300E-07,2.06932E+00,2.06932E+00,6.64779E-11,2.45394E-16,7.10359E-06,9.99998E-01,7.66386E-01
MTC_vo_00729_3_g1_016605,1.43113E+03,7.29000E-07,2.00808E+00,2.00773E+00,1.74080E-07,1.91760E-11,4.69610E-04,9.99821E-01,7.34752E-01
MTC_vo_00729_1_fd_000148,1.27415E+01,7.29300E-07,2.39255E+00,2.39254E+00,9.58533E-12,1.34953E-17,2.70447E-06,9.99999E-01,8.08353E-01
MTC_vo_00729_3_g1_051612,4.44837E+03,7.29000E-07,2.00380E+00,2.00299E+00,1.97130E-06,5.75870E-10,1.84920E-03,9.99598E-01,7.26622E-01
MTC_vo_00729_1_fd_000279,2.40657E+01,7.29300E-07,2.07091E+00,2.07091E+00,3.42883E-11,9.09493E-17,5.09555E-06,9.99999E-01,7.69004E-01
MTC_vo_00729_3_g1_037216,3.20763E+03,7.29000E-07,2.00472E+00,2.00402E+00,1.02500E-06,2.15910E-10,1.33350E-03,9.99649E-01,7.26443E-01
MTC_vo_00729_2_g2_001049,9.04227E+01,7.29000E-07,2.03725E+00,2.03711E+00,4.74020E-10,4.83670E-15,1.89920E-05,9.99930E-01,7.41186E-01
MTC_vo_00729_2_g2_002015,1.73707E+02,7.29000E-07,2.03579E+00,2.03563E+00,1.75090E-09,3.42900E-14,3.64850E-05,9.99923E-01,7.43559E-01
MTC_vo_00729_3_g1_014354,1.23720E+03,7.29000E-07,2.00891E+00,2.00862E+00,1.15290E-07,1.23890E-11,3.54050E-04,9.99857E-01,7.43084E-01
MTC_vo_00729_2_g2_000547,4.71149E+01,7.29000E-07,2.07254E+00,2.07251E+00,1.28720E-10,6.84210E-16,9.89590E-06,9.99983E-01,7.69246E-01
MTC_vo_00729_3_g1_020193,1.74040E+03,7.29000E-07,2.00710E+00,2.00651E+00,3.01750E-07,3.44880E-11,7.23500E-04,9.99706E-01,7.26429E-01
MTC_vo_00729_3_g1_012056,1.03908E+03,7.29000E-07,2.01001E+00,2.00975E+00,7.85460E-08,7.33940E-12,2.80980E-04,9.99872E-01,7.45891E-01
MTC_vo_00729_2_g2_002799,2.41285E+02,7.29000E-07,2.02513E+00,2.02496E+00,3.37820E-09,9.18990E-14,5.06790E-05,9.99914E-01,7.44892E-01
MTC_vo_00729_3_g1_018625,1.60524E+03,7.29000E-07,2.00749E+00,2.00699E+00,2.27580E-07,2.70610E-11,5.93060E-04,9.99751E-01,7.27862E-01
MTC_vo_00729_1_fd_000055,4.71955E+00,7.29300E-07,2.02386E+00,2.02386E+00,1.31469E-12,6.85631E-19,9.98217E-07,1.00000E+00,8.54717E-01
MTC_vo_00729_1_fd_000203,1.74600E+01,7.29300E-07,2.28816E+00,2.28816E+00,1.80280E-11,3.47290E-17,3.70269E-06,9.99999E-01,7.94242E-01
MTC_vo_00729_3_g1_027898,2.40453E+03,7.29000E-07,2.00572E+00,2.00508E+00,5.75980E-07,9.09520E-11,9.99590E-04,9.99680E-01,7.26396E-01
MTC_vo_00729_3_g1_005936,5.11599E+02,7.29000E-07,2.01605E+00,2.01584E+00,1.52200E-08,8.76010E-13,1.07460E-04,9.99897E-01,7.65067E-01
MTC_vo_00729_3_g1_005378,4.63533E+02,7.29000E-07,2.01714E+00,2.01693E+00,1.24940E-08,6.51570E-13,9.73600E-05,9.99897E-01,7.65092E-01
MTC_vo_00729_3_g1_003882,3.34562E+02,7.29000E-07,2.02130E+00,2.02112E+00,6.50720E-09,2.44990E-13,7.02710E-05,9.99910E-01,7.65094E-01
MTC_vo_00729_1_fd_000077,6.60708E+00,7.29300E-07,2.71020E+00,2.71020E+00,2.57660E-12,1.88132E-18,1.40447E-06,1.00000E+00,8.67908E-01
MTC_vo_00729_3_g1_009329,8.04050E+02,7.29000E-07,2.01187E+00,2.01172E+00,4.04030E-08,3.40070E-12,1.87220E-04,9.99923E-01,7.50170E-01
MTC_vo_00729_1_fd_000104,8.96651E+00,7.29300E-07,2.68607E+00,2.68607E+00,4.74578E-12,4.70265E-18,1.90358E-06,1.00000E+00,8.43531E-01
MTC_vo_00729_2_g2_000756,6.51993E+01,7.29000E-07,2.05420E+00,2.05413E+00,2.46490E-10,1.81320E-15,1.36940E-05,9.99968E-01,7.54325E-01
MTC_vo_00729_3_g1_071587,6.17005E+03,7.29000E-07,2.00305E+00,2.00211E+00,3.79250E-06,1.53670E-09,2.56490E-03,9.99528E-01,7.26572E-01
MSC_vo_01035_m01_fd_0020,1.22912E+01,1.03500E-06,2.41462E+00,2.41454E+00,1.79638E-11,3.46291E-17,3.70632E-06,9.99964E-01,8.15452E-01
MSC_vo_01035_m02_g2_0538,3.26682E+02,1.03500E-06,2.02243E+00,2.01967E+00,1.24990E-08,6.52730E-13,9.74020E-05,9.98633E-01,7.68900E-01
MSC_vo_01035_m01_fd_0010,6.31129E+00,1.03500E-06,2.61863E+00,2.61859E+00,4.73576E-12,4.68736E-18,1.89434E-06,9.99984E-01,8.70860E-01
MSC_vo_01035_m01_fd_0028,1.69577E+01,1.03500E-06,2.29751E+00,2.29738E+00,3.42468E-11,9.09506E-17,5.10649E-06,9.99946E-01,8.00487E-01
MSC_vo_01035_m03_g1_1205,7.31731E+02,1.03500E-06,2.01281E+00,2.00833E+00,7.84920E-08,7.33520E-12,2.81100E-04,9.97775E-01,7.50800E-01
MSC_vo_01035_m03_g1_2020,1.22601E+03,1.03500E-06,2.00908E+00,2.00330E+00,3.02810E-07,3.45020E-11,7.23800E-04,9.97120E-01,7.30900E-01
MSC_vo_01035_m03_g1_1660,1.00798E+03,1.03500E-06,2.01035E+00,2.00507E+00,1.74340E-07,1.91740E-11,4.69800E-04,9.97372E-01,7.40300E-01
MSC_vo_01035_m01_fd_0005,3.32665E+00,1.03500E-06,1.10447E+00,1.10445E+00,1.31557E-12,6.86299E-19,1.00482E-06,9.99981E-01,7.99950E-01
MSC_vo_01035_m02_g2_0388,2.35799E+02,1.03500E-06,2.02856E+00,2.02640E+00,6.50230E-09,2.45460E-13,7.03050E-05,9.98937E-01,7.66100E-01
MSC_vo_01035_m01_fd_0015,8.96259E+00,1.03500E-06,2.69460E+00,2.69453E+00,9.55106E-12,1.34252E-17,2.70150E-06,9.99977E-01,8.48820E-01
MSC_vo_01035_m02_g2_0594,3.60550E+02,1.03500E-06,2.02014E+00,2.01717E+00,1.52250E-08,8.77510E-13,1.07500E-04,9.98531E-01,7.69300E-01
MSC_vo_01035_m03_g1_2790,1.69385E+03,1.03500E-06,2.00732E+00,1.99953E+00,5.77850E-07,9.09880E-11,1.00000E-03,9.96120E-01,7.29900E-01
MSC_vo_01035_m02_g2_0105,6.37013E+01,1.03500E-06,2.05383E+00,2.05323E+00,4.74550E-10,4.83950E-15,1.89930E-05,9.99711E-01,7.70100E-01
MSC_vo_01035_m03_g1_7160,4.34643E+03,1.03500E-06,2.00391E+00,1.98491E+00,3.80580E-06,1.53730E-09,2.56600E-03,9.90522E-01,7.33800E-01
MSC_vo_01035_m03_g1_1435,8.71135E+02,1.03500E-06,2.01141E+00,2.00622E+00,1.15300E-07,1.23770E-11,3.54200E-04,9.97424E-01,7.48000E-01
MSC_vo_01035_m02_g2_0280,1.70054E+02,1.03500E-06,2.03330E+00,2.03175E+00,3.38700E-09,9.20690E-14,5.07020E-05,9.99240E-01,7.66200E-01
MSC_vo_01035_m02_g2_0076,4.59669E+01,1.03500E-06,2.08198E+00,2.08161E+00,2.47100E-10,1.81840E-15,1.37050E-05,9.99823E-01,7.78500E-01
MSC_vo_01035_m03_g1_1862,1.13062E+03,1.03500E-06,2.00959E+00,2.00370E+00,2.27690E-07,2.70590E-11,5.93300E-04,9.97072E-01,7.32800E-01
MSC_vo_01035_m03_g1_0932,5.65959E+02,1.03500E-06,2.01521E+00,2.01123E+00,4.03280E-08,3.39400E-12,1.87300E-04,9.98027E-01,7.54900E-01
MSC_vo_01035_m03_g1_3722,2.25960E+03,1.03500E-06,2.00604E+00,1.99585E+00,1.02860E-06,2.16000E-10,1.33400E-03,9.94920E-01,7.30900E-01
MSC_vo_01035_m02_g2_0202,1.22430E+02,1.03500E-06,2.03820E+00,2.03716E+00,1.75560E-09,3.43570E-14,3.65030E-05,9.99494E-01,7.64400E-01
MSC_vo_01035_m01_fd_0054,3.29608E+01,1.03500E-06,2.03791E+00,2.03766E+00,1.29593E-10,6.68009E-16,9.89999E-06,9.99880E-01,7.67234E-01
MSC_vo_01035_m02_g2_0145,8.82302E+01,1.03500E-06,2.05480E+00,2.05408E+00,9.11770E-10,1.28590E-14,2.63070E-05,9.99652E-01,7.64900E-01
MSC_vo_01035_m03_g1_5162,3.13362E+03,1.03500E-06,2.00486E+00,1.99097E+00,1.97820E-06,5.76100E-10,1.85000E-03,9.93071E-01,7.33300E-01
MSC_vo_01035_m01_fd_0039,2.36070E+01,1.03500E-06,2.09238E+00,2.09220E+00,6.64463E-11,2.45397E-16,7.09966E-06,9.99917E-01,7.75740E-01
MSC_vo_01035_m01_fd_0008,4.65956E+00,1.03500E-06,1.94248E+00,1.94245E+00,2.58117E-12,1.88612E-18,1.40017E-06,9.99984E-01,8.55694E-01
MTC_vo_07300_000055_fd,4.71509E-01,7.30000E-06,4.44792E-02,3.67507E-03,1.31342E-12,6.85658E-19,1.04565E-06,8.26246E-02,6.57485E-02
MTC_vo_07300_018633_g2,1.60372E+02,7.30000E-06,2.03126E+00,1.03537E+00,2.27420E-07,2.70950E-11,5.93300E-04,5.09719E-01,9.62730E-01
MTC_vo_07300_003883_g2,3.34240E+01,7.30000E-06,2.09154E+00,1.09125E+00,6.50210E-09,2.45290E-13,7.03000E-05,5.21745E-01,9.47754E-01
MTC_vo_07300_000203_fd,1.74432E+00,7.30000E-06,4.31667E-01,2.63172E-01,1.80139E-11,3.47287E-17,3.71786E-06,6.09665E-01,5.91489E-01
MTC_vo_07300_000104_fd,8.95791E-01,7.30000E-06,1.21842E-01,3.87506E-02,4.75011E-12,4.70265E-18,1.85893E-06,3.18040E-01,1.98455E-01
MTC_vo_07300_001041_fd,8.95589E+00,7.30000E-06,2.45579E+00,1.73349E+00,4.75032E-10,4.70272E-15,1.90540E-05,7.05879E-01,8.97928E-01
MTC_vo_07300_071617_g1,6.16414E+02,7.30000E-06,2.01266E+00,1.03043E+00,3.79350E-06,1.53860E-09,2.56600E-03,5.11975E-01,9.78125E-01
MTC_vo_07300_000750_fd,6.45786E+00,7.30000E-06,2.46375E+00,1.87105E+00,2.46967E-10,1.76297E-15,1.37096E-05,7.59433E-01,8.91880E-01
MTC_vo_07300_000279_fd,2.40425E+00,7.30000E-06,7.97175E-01,5.61825E-01,3.42257E-11,9.09474E-17,5.11206E-06,7.04770E-01,7.20601E-01
MTC_vo_07300_000542_fd,4.66681E+00,7.30000E-06,2.03455E+00,1.57188E+00,1.28965E-10,6.65268E-16,9.87556E-06,7.72592E-01,8.69317E-01
MTC_vo_07300_002801_g2,2.41054E+01,7.30000E-06,2.06889E+00,1.08399E+00,3.37670E-09,9.20120E-14,5.07000E-05,5.23946E-01,9.31745E-01
MTC_vo_07300_012061_g2,1.03808E+02,7.30000E-06,2.04342E+00,1.04570E+00,7.84280E-08,7.34850E-12,2.81100E-04,5.11739E-01,9.60453E-01
MTC_vo_07300_009333_g2,8.03279E+01,7.30000E-06,2.05038E+00,1.04758E+00,4.04210E-08,3.40490E-12,1.87300E-04,5.10923E-01,9.58569E-01
MTC_vo_07300_051633_g1,4.44413E+02,7.30000E-06,2.01575E+00,1.03066E+00,1.97140E-06,5.76590E-10,1.85000E-03,5.11305E-01,9.77713E-01
MTC_vo_07300_000148_fd,1.27292E+00,7.30000E-06,2.36194E-01,1.14719E-01,9.59226E-12,1.34950E-17,2.67221E-06,4.85700E-01,3.83797E-01
MTC_vo_07300_000389_fd,3.34701E+00,7.30000E-06,1.36845E+00,1.02789E+00,6.63309E-11,2.45396E-16,7.08717E-06,7.51129E-01,8.13879E-01
MTC_vo_07300_014360_g2,1.23600E+02,7.30000E-06,2.03688E+00,1.03933E+00,1.15290E-07,1.24040E-11,3.54200E-04,5.10254E-01,9.61245E-01
MTC_vo_07300_027910_g1,2.40222E+02,7.30000E-06,2.02373E+00,1.03237E+00,5.76030E-07,9.10640E-11,1.00000E-03,5.10132E-01,9.76342E-01
MTC_vo_07300_001999_fd,1.72036E+01,7.30000E-06,2.20790E+00,1.28855E+00,1.75577E-09,3.33401E-14,3.64815E-05,5.83609E-01,9.30405E-01
MTC_vo_07300_005938_g2,5.11107E+01,7.30000E-06,2.06718E+00,1.06339E+00,1.52040E-08,8.77080E-13,1.07500E-04,5.14419E-01,9.56610E-01
MTC_vo_07300_037232_g1,3.20457E+02,7.30000E-06,2.01959E+00,1.03120E+00,1.02510E-06,2.16180E-10,1.33400E-03,5.10601E-01,9.77118E-01
MTC_vo_07300_005380_g2,4.63088E+01,7.30000E-06,2.07461E+00,1.07045E+00,1.24810E-08,6.52370E-13,9.74000E-05,5.15975E-01,9.55235E-01
MTC_vo_07300_020201_g1,1.73874E+02,7.30000E-06,2.02944E+00,1.03537E+00,3.01780E-07,3.45310E-11,7.23800E-04,5.10174E-01,9.75003E-01
MTC_vo_07300_000077_fd,6.60079E-01,7.30000E-06,7.27998E-02,1.30952E-02,2.57900E-12,1.88135E-18,1.39420E-06,1.79880E-01,1.09212E-01
MTC_vo_07300_016612_g2,1.42977E+02,7.30000E-06,2.03419E+00,1.03829E+00,1.74030E-07,1.92000E-11,4.69800E-04,5.10419E-01,9.62309E-01
MTC_vo_07300_001440_fd,1.23965E+01,7.30000E-06,2.31639E+00,1.48187E+00,9.10257E-10,1.24727E-14,2.62574E-05,6.39732E-01,9.10502E-01
MSC_vo_01480_m02_g2_0388,1.64915E+02,1.48000E-06,2.04028E+00,1.82736E+00,6.50360E-09,2.45530E-13,7.03110E-05,8.95639E-01,8.15700E-01
MSC_vo_01480_m01_fd_0005,2.32566E+00,1.48000E-06,4.72311E-01,4.69547E-01,1.31472E-12,6.85636E-19,9.89307E-07,9.94149E-01,6.99202E-01
MSC_vo_01480_m03_g1_1205,5.11715E+02,1.48000E-06,2.01865E+00,1.60146E+00,7.84920E-08,7.33510E-12,2.81100E-04,7.93330E-01,8.54400E-01
MSC_vo_01480_m03_g1_1660,7.04904E+02,1.48000E-06,2.01507E+00,1.55667E+00,1.74340E-07,1.91740E-11,4.69800E-04,7.72518E-01,8.59000E-01
MSC_vo_01480_m03_g1_2020,8.57381E+02,1.48000E-06,2.01322E+00,1.54448E+00,3.02810E-07,3.45020E-11,7.23800E-04,7.67168E-01,8.55700E-01
MSC_vo_01480_m01_fd_0020,8.60382E+00,1.48000E-06,2.75144E+00,2.73919E+00,1.79985E-11,3.47295E-17,3.69812E-06,9.95548E-01,8.62581E-01
MSC_vo_01480_m02_g2_0932,3.95808E+02,1.48000E-06,2.02224E+00,1.62964E+00,4.03430E-08,3.39450E-12,1.87310E-04,8.05858E-01,8.49100E-01
MSC_vo_01480_m01_fd_0010,4.42006E+00,1.48000E-06,1.71834E+00,1.71245E+00,4.74956E-12,4.70787E-18,1.90795E-06,9.96571E-01,8.53904E-01
MSC_vo_01480_m01_fd_0028,1.18397E+01,1.48000E-06,2.45276E+00,2.43557E+00,3.40852E-11,9.05093E-17,5.11142E-06,9.92991E-01,8.30096E-01
MSC_vo_01480_m02_g2_0538,2.28451E+02,1.48000E-06,2.03273E+00,1.75530E+00,1.24800E-08,6.52680E-13,9.74000E-05,8.63516E-01,8.32000E-01
MSC_vo_01480_m01_fd_0075,3.18099E+01,1.48000E-06,2.00737E+00,1.96047E+00,2.46823E-10,1.75584E-15,1.37090E-05,9.76636E-01,7.79233E-01
MSC_vo_01480_m02_g2_0145,6.17127E+01,1.48000E-06,2.05611E+00,1.96748E+00,9.12060E-10,1.28660E-14,2.63110E-05,9.56895E-01,7.93600E-01
MSC_vo_01480_m03_g1_5162,2.19141E+03,1.48000E-06,2.00707E+00,1.27606E+00,1.97840E-06,5.76100E-10,1.85000E-03,6.35784E-01,9.29000E-01
MSC_vo_01480_m01_fd_0054,2.30187E+01,1.48000E-06,2.13002E+00,2.09613E+00,1.29182E-10,6.65268E-16,9.89307E-06,9.84093E-01,7.92323E-01
MSC_vo_01480_m01_fd_0008,3.25523E+00,1.48000E-06,1.00013E+00,9.96011E-01,2.57592E-12,1.88037E-18,1.38974E-06,9.95882E-01,7.95725E-01
MSC_vo_01480_m01_fd_0039,1.65088E+01,1.48000E-06,2.30955E+00,2.28534E+00,6.63563E-11,2.45392E-16,7.09003E-06,9.89518E-01,8.13548E-01
MSC_vo_01480_m03_g1_3722,1.58019E+03,1.48000E-06,2.00880E+00,1.36543E+00,1.02860E-06,2.16000E-10,1.33400E-03,6.79728E-01,9.04900E-01
MSC_vo_01480_m02_g2_0202,8.56346E+01,1.48000E-06,2.06282E+00,1.94259E+00,1.75620E-09,3.43770E-14,3.65100E-05,9.41713E-01,7.94500E-01
MSC_vo_01480_m03_g1_7160,3.03956E+03,1.48000E-06,2.00569E+00,1.19964E+00,3.80580E-06,1.53730E-09,2.56600E-03,5.98120E-01,9.48800E-01
MSC_vo_01480_m03_g1_1435,6.09206E+02,1.48000E-06,2.01661E+00,1.56226E+00,1.15300E-07,1.23770E-11,3.54200E-04,7.74696E-01,8.63000E-01
MSC_vo_01480_m02_g2_0280,1.18894E+02,1.48000E-06,2.04825E+00,1.88709E+00,3.38530E-09,9.20030E-14,5.06900E-05,9.21317E-01,8.03500E-01
MSC_vo_01480_m03_g1_1862,7.90672E+02,1.48000E-06,2.01396E+00,1.53253E+00,2.27690E-07,2.70590E-11,5.93300E-04,7.60957E-01,8.59800E-01
MSC_vo_01480_m02_g2_0594,2.52153E+02,1.48000E-06,2.02800E+00,1.72851E+00,1.52040E-08,8.77630E-13,1.07500E-04,8.52322E-01,8.37300E-01
MSC_vo_01480_m01_fd_0015,6.28035E+00,1.48000E-06,2.54675E+00,2.53805E+00,9.58950E-12,1.35063E-17,2.70882E-06,9.96583E-01,8.75294E-01
MSC_vo_01480_m03_g1_2790,1.18455E+03,1.48000E-06,2.01066E+00,1.44925E+00,5.78000E-07,9.09890E-11,1.00000E-03,7.20783E-01,8.81400E-01
MSC_vo_01480_m02_g2_0105,4.45853E+01,1.48000E-06,2.12321E+00,2.05818E+00,4.76060E-10,4.85170E-15,1.90090E-05,9.69373E-01,7.99900E-01
MTC_vo_00350_2_g2_001453,2.60808E+02,3.50000E-07,2.02620E+00,2.02603E+00,9.09790E-10,1.28440E-14,2.63000E-05,9.99918E-01,7.33080E-01
MTC_vo_00350_3_g1_014360,2.57794E+03,3.50000E-07,2.00598E+00,2.00581E+00,1.15390E-07,1.24040E-11,3.54200E-04,9.99914E-01,7.30647E-01
MTC_vo_00350_1_fd_000148,2.65497E+01,3.50000E-07,2.03105E+00,2.03105E+00,9.61309E-12,1.34953E-17,2.70166E-06,1.00000E+00,7.48728E-01
MTC_vo_00350_3_g1_037232,6.68381E+03,3.50000E-07,2.00317E+00,2.00270E+00,1.02580E-06,2.16180E-10,1.33400E-03,9.99767E-01,7.13821E-01
MTC_vo_00350_3_g1_020201,3.62651E+03,3.50000E-07,2.00477E+00,2.00430E+00,3.02000E-07,3.45310E-11,7.23800E-04,9.99768E-01,7.13816E-01
MTC_vo_00350_3_g1_005380,9.65873E+02,3.50000E-07,2.01151E+00,2.01134E+00,1.25050E-08,6.52380E-13,9.74000E-05,9.99913E-01,7.53320E-01
MTC_vo_00350_3_g1_018632,3.34489E+03,3.50000E-07,2.00503E+00,2.00468E+00,2.27770E-07,2.70950E-11,5.93300E-04,9.99824E-01,7.15237E-01
MTC_vo_00350_3_g1_016611,2.98208E+03,3.50000E-07,2.00543E+00,2.00521E+00,1.74220E-07,1.92000E-11,4.69800E-04,9.99889E-01,7.21958E-01
MTC_vo_00350_3_g1_002801,5.02769E+02,3.50000E-07,2.01779E+00,2.01762E+00,3.38820E-09,9.20120E-14,5.07000E-05,9.99917E-01,7.53133E-01
MTC_vo_00350_2_g2_000547,9.81737E+01,3.50000E-07,2.05974E+00,2.05964E+00,1.28800E-10,6.85050E-16,9.90000E-06,9.99950E-01,7.30771E-01
MTC_vo_00350_3_g1_012061,2.16514E+03,3.50000E-07,2.00672E+00,2.00657E+00,7.86110E-08,7.34850E-12,2.81100E-04,9.99924E-01,7.33226E-01
MTC_vo_00350_2_g2_001050,1.88414E+02,3.50000E-07,2.03534E+00,2.03524E+00,4.74820E-10,4.84260E-15,1.90000E-05,9.99952E-01,7.31576E-01
MTC_vo_00350_3_g1_027910,5.01035E+03,3.50000E-07,2.00384E+00,2.00339E+00,5.76460E-07,9.10640E-11,1.00000E-03,9.99773E-01,7.13770E-01
MTC_vo_00350_3_g1_005938,1.06603E+03,3.50000E-07,2.01078E+00,2.01062E+00,1.52320E-08,8.77100E-13,1.07500E-04,9.99922E-01,7.53055E-01
MTC_vo_00350_1_fd_000203,3.63817E+01,3.50000E-07,2.14803E+00,2.14803E+00,1.80537E-11,3.47290E-17,3.69876E-06,1.00000E+00,7.59575E-01
MTC_vo_00350_3_g1_071617,1.28566E+04,3.50000E-07,2.00205E+00,2.00158E+00,3.79560E-06,1.53860E-09,2.56600E-03,9.99766E-01,7.13768E-01
MTC_vo_00350_1_fd_000055,9.83422E+00,3.50000E-07,2.54996E+00,2.54996E+00,1.31482E-12,6.85636E-19,1.00268E-06,1.00000E+00,8.14294E-01
MTC_vo_00350_3_g1_009333,1.67541E+03,3.50000E-07,2.00797E+00,2.00791E+00,4.04360E-08,3.40490E-12,1.87300E-04,9.99970E-01,7.37302E-01
MTC_vo_00350_3_g1_003883,6.97129E+02,3.50000E-07,2.01431E+00,2.01416E+00,6.51420E-09,2.45290E-13,7.03000E-05,9.99924E-01,7.52958E-01
MTC_vo_00350_3_g1_051633,9.26918E+03,3.50000E-07,2.00255E+00,2.00208E+00,1.97290E-06,5.76590E-10,1.85000E-03,9.99767E-01,7.13821E-01
MTC_vo_00350_1_fd_000077,1.37673E+01,3.50000E-07,2.34927E+00,2.34927E+00,2.57792E-12,1.88133E-18,1.39818E-06,1.00000E+00,7.87629E-01
MTC_vo_00350_2_g2_000282,5.05745E+01,3.50000E-07,2.09098E+00,2.09094E+00,3.41880E-11,9.36550E-17,5.10000E-06,9.99982E-01,7.58744E-01
MTC_vo_00350_1_fd_000104,1.86836E+01,3.50000E-07,2.22631E+00,2.22631E+00,4.75482E-12,4.70265E-18,1.89951E-06,1.00000E+00,7.70394E-01
MTC_vo_00350_2_g2_000392,7.04081E+01,3.50000E-07,2.07199E+00,2.07193E+00,6.62590E-11,2.52700E-16,7.10000E-06,9.99967E-01,7.42982E-01
MTC_vo_00350_2_g2_000757,1.35856E+02,3.50000E-07,2.04554E+00,2.04544E+00,2.46660E-10,1.81540E-15,1.37000E-05,9.99953E-01,7.26494E-01
MTC_vo_00350_3_g1_002016,3.61954E+02,3.50000E-07,2.02215E+00,2.02197E+00,1.75600E-09,3.43320E-14,3.65000E-05,9.99910E-01,7.53151E-01
MTC_vo_01240_1_fd_000104,5.27371E+00,1.24000E-06,2.21943E+00,2.21925E+00,4.74651E-12,4.70291E-18,1.89458E-06,9.99918E-01,8.64168E-01
MTC_vo_01240_1_fd_000077,3.88599E+00,1.24000E-06,1.43703E+00,1.43690E+00,2.57667E-12,1.88141E-18,1.40120E-06,9.99910E-01,8.31399E-01
MTC_vo_01240_3_g1_051633,2.61630E+03,1.24000E-06,2.00694E+00,1.95030E+00,1.97290E-06,5.76590E-10,1.85000E-03,9.71779E-01,7.46007E-01
MTC_vo_01240_3_g1_009333,4.72898E+02,1.24000E-06,2.02170E+00,2.00493E+00,4.04460E-08,3.40490E-12,1.87300E-04,9.91705E-01,7.60515E-01
MTC_vo_01240_1_fd_000055,2.77579E+00,1.24000E-06,7.38948E-01,7.38862E-01,1.31472E-12,6.85636E-19,1.00650E-06,9.99883E-01,7.52957E-01
MTC_vo_01240_3_g1_071617,3.62889E+03,1.24000E-06,2.00558E+00,1.92852E+00,3.79560E-06,1.53860E-09,2.56600E-03,9.61578E-01,7.50847E-01
MTC_vo_01240_1_fd_000203,1.02692E+01,1.24000E-06,2.57440E+00,2.57402E+00,1.79983E-11,3.47305E-17,3.69049E-06,9.99853E-01,8.37978E-01
MTC_vo_01240_2_g2_005380,2.72626E+02,1.24000E-06,2.02996E+00,2.01935E+00,1.24780E-08,6.52380E-13,9.74000E-05,9.94775E-01,7.54662E-01
MTC_vo_01240_3_g1_027910,1.41421E+03,1.24000E-06,2.01046E+00,1.97904E+00,5.76460E-07,9.10640E-11,1.00000E-03,9.84374E-01,7.39922E-01
MTC_vo_01240_1_fd_000542,2.74739E+01,1.24000E-06,2.03827E+00,2.03722E+00,1.29250E-10,6.65267E-16,9.90708E-06,9.99484E-01,7.73575E-01
MTC_vo_01240_2_g2_001050,5.31818E+01,1.24000E-06,2.10744E+00,2.10534E+00,4.74500E-10,4.84270E-15,1.90000E-05,9.99004E-01,7.71911E-01
MTC_vo_01240_3_g1_012061,6.11128E+02,1.24000E-06,2.01829E+00,1.99962E+00,7.86200E-08,7.34850E-12,2.81100E-04,9.90749E-01,7.56282E-01
MTC_vo_01240_1_fd_000750,3.80182E+01,1.24000E-06,2.13510E+00,2.13362E+00,2.47499E-10,1.76299E-15,1.36962E-05,9.99307E-01,7.79305E-01
MTC_vo_01240_3_g1_016611,8.41717E+02,1.24000E-06,2.01478E+00,1.99280E+00,1.74250E-07,1.92000E-11,4.69800E-04,9.89094E-01,7.46231E-01
MTC_vo_01240_2_g2_002801,1.41911E+02,1.24000E-06,2.05208E+00,2.04652E+00,3.37800E-09,9.20120E-14,5.07000E-05,9.97291E-01,7.45528E-01
MTC_vo_01240_3_g1_020201,1.02361E+03,1.24000E-06,2.01297E+00,1.98996E+00,3.01750E-07,3.45310E-11,7.23800E-04,9.88572E-01,7.37778E-01
MTC_vo_01240_3_g1_018632,9.44123E+02,1.24000E-06,2.01369E+00,1.98988E+00,2.27780E-07,2.70950E-11,5.93300E-04,9.88179E-01,7.39417E-01
MTC_vo_01240_2_g2_005938,3.00896E+02,1.24000E-06,2.03221E+00,2.02056E+00,1.52000E-08,8.77100E-13,1.07500E-04,9.94269E-01,7.56037E-01
MTC_vo_01240_1_fd_000279,1.41540E+01,1.24000E-06,2.35292E+00,2.35239E+00,3.42138E-11,9.09467E-17,5.09169E-06,9.99774E-01,8.12043E-01
MTC_vo_01240_3_g1_037232,1.88656E+03,1.24000E-06,2.00863E+00,1.96719E+00,1.02580E-06,2.16180E-10,1.33400E-03,9.79371E-01,7.42262E-01
MTC_vo_01240_2_g2_003883,1.96770E+02,1.24000E-06,2.03902E+00,2.03138E+00,6.50040E-09,2.45290E-13,7.03000E-05,9.96256E-01,7.53226E-01
MTC_vo_01240_2_g2_002016,1.02164E+02,1.24000E-06,2.06217E+00,2.05815E+00,1.75080E-09,3.43320E-14,3.65000E-05,9.98054E-01,7.47867E-01
MTC_vo_01240_1_fd_000389,1.97043E+01,1.24000E-06,2.23590E+00,2.23515E+00,6.64146E-11,2.45401E-16,7.10468E-06,9.99665E-01,7.95221E-01
MTC_vo_01240_3_g1_014360,7.27645E+02,1.24000E-06,2.01628E+00,1.99490E+00,1.15400E-07,1.24040E-11,3.54200E-04,9.89395E-01,7.54128E-01
MTC_vo_01240_1_fd_000148,7.49397E+00,1.24000E-06,2.76786E+00,2.76759E+00,9.58435E-12,1.34959E-17,2.70372E-06,9.99903E-01,8.68761E-01
MTC_vo_01240_2_g2_001453,7.36151E+01,1.24000E-06,2.07926E+00,2.07635E+00,9.09150E-10,1.28440E-14,2.63000E-05,9.98597E-01,7.57353E-01
MTC_vo_00950_3_g1_016611,1.09866E+03,9.50000E-07,2.00985E+00,2.00821E+00,1.74250E-07,1.92000E-11,4.69800E-04,9.99184E-01,7.37904E-01
MTC_vo_00950_2_g2_002801,1.85231E+02,9.50000E-07,2.03197E+00,2.03141E+00,3.38100E-09,9.20120E-14,5.07000E-05,9.99726E-01,7.46515E-01
MTC_vo_00950_3_g1_018632,1.23233E+03,9.50000E-07,2.00912E+00,2.00724E+00,2.27780E-07,2.70950E-11,5.93300E-04,9.99063E-01,7.30935E-01
MTC_vo_00950_3_g1_005380,3.55848E+02,9.50000E-07,2.02088E+00,2.02006E+00,1.25040E-08,6.52380E-13,9.74000E-05,9.99595E-01,7.68115E-01
MTC_vo_00950_3_g1_020201,1.33608E+03,9.50000E-07,2.00864E+00,2.00670E+00,3.02000E-07,3.45310E-11,7.23800E-04,9.99033E-01,7.29439E-01
MTC_vo_00950_1_fd_000279,1.84749E+01,9.50000E-07,2.26798E+00,2.26794E+00,3.42583E-11,9.09495E-17,5.09535E-06,9.99985E-01,7.94711E-01
MTC_vo_00950_2_g2_003883,2.56837E+02,9.50000E-07,2.02286E+00,2.02221E+00,6.50040E-09,2.45290E-13,7.03000E-05,9.99679E-01,7.48433E-01
MTC_vo_00950_3_g1_037232,2.46246E+03,9.50000E-07,2.00575E+00,2.00256E+00,1.02580E-06,2.16180E-10,1.33400E-03,9.98410E-01,7.29850E-01
MTC_vo_00950_2_g2_002016,1.33351E+02,9.50000E-07,2.03931E+00,2.03898E+00,1.75080E-09,3.43320E-14,3.65000E-05,9.99838E-01,7.40728E-01
MTC_vo_00950_1_fd_000389,2.57191E+01,9.50000E-07,2.05505E+00,2.05500E+00,6.64625E-11,2.45394E-16,7.10627E-06,9.99976E-01,7.70071E-01
MTC_vo_00950_1_fd_000148,9.78139E+00,9.50000E-07,2.61176E+00,2.61174E+00,9.58357E-12,1.34950E-17,2.70643E-06,9.99993E-01,8.37981E-01
MTC_vo_00950_3_g1_014360,9.49769E+02,9.50000E-07,2.01085E+00,2.00930E+00,1.15390E-07,1.24040E-11,3.54200E-04,9.99230E-01,7.46024E-01
MTC_vo_00950_2_g2_001453,9.60871E+01,9.50000E-07,2.04797E+00,2.04775E+00,9.09000E-10,1.28440E-14,2.63000E-05,9.99896E-01,7.44349E-01
MTC_vo_00950_2_g2_000757,5.00521E+01,9.50000E-07,2.08279E+00,2.08265E+00,2.46700E-10,1.81540E-15,1.37000E-05,9.99934E-01,7.70535E-01
MTC_vo_00950_1_fd_000104,6.88351E+00,9.50000E-07,2.73182E+00,2.73181E+00,4.74614E-12,4.70278E-18,1.90508E-06,9.99996E-01,8.68623E-01
MTC_vo_00950_1_fd_000077,5.07218E+00,9.50000E-07,2.16944E+00,2.16943E+00,2.57680E-12,1.88135E-18,1.40613E-06,9.99996E-01,8.59706E-01
MTC_vo_00950_3_g1_051633,3.41496E+03,9.50000E-07,2.00462E+00,2.00036E+00,1.97290E-06,5.76590E-10,1.85000E-03,9.97874E-01,7.30006E-01
MTC_vo_00950_3_g1_009333,6.17256E+02,9.50000E-07,2.01446E+00,2.01330E+00,4.04360E-08,3.40490E-12,1.87300E-04,9.99423E-01,7.53436E-01
MTC_vo_00950_3_g1_071617,4.73666E+03,9.50000E-07,2.00372E+00,1.99798E+00,3.79560E-06,1.53860E-09,2.56600E-03,9.97139E-01,7.30424E-01
MTC_vo_00950_1_fd_000055,3.62308E+00,9.50000E-07,1.30926E+00,1.30926E+00,1.31466E-12,6.85606E-19,9.97901E-07,9.99996E-01,8.17647E-01
MTC_vo_00950_1_fd_000203,1.34038E+01,9.50000E-07,2.37316E+00,2.37314E+00,1.80076E-11,3.47290E-17,3.70433E-06,9.99989E-01,8.09784E-01
MTC_vo_00950_3_g1_005938,3.92747E+02,9.50000E-07,2.01955E+00,2.01866E+00,1.52320E-08,8.77090E-13,1.07500E-04,9.99558E-01,7.67766E-01
MTC_vo_00950_1_fd_000542,3.58606E+01,9.50000E-07,2.11187E+00,2.11180E+00,1.29249E-10,6.65262E-16,9.90342E-06,9.99967E-01,7.73534E-01
MTC_vo_00950_3_g1_027910,1.84592E+03,9.50000E-07,2.00697E+00,2.00446E+00,5.76460E-07,9.10640E-11,1.00000E-03,9.98751E-01,7.29695E-01
MTC_vo_00950_2_g2_001050,6.94162E+01,9.50000E-07,2.05882E+00,2.05867E+00,4.74500E-10,4.84270E-15,1.90000E-05,9.99923E-01,7.55314E-01
MTC_vo_00950_3_g1_012061,7.97683E+02,9.50000E-07,2.01219E+00,2.01084E+00,7.86200E-08,7.34850E-12,2.81100E-04,9.99331E-01,7.49048E-01
MSC_vo_11445_m01_fd_0200,1.09810E+01,1.14450E-05,1.89001E+00,8.73390E-01,1.75558E-09,3.34130E-14,3.64306E-05,4.62109E-01,9.36721E-01
MSC_vo_11445_m02_g2_1435,7.87980E+01,1.14450E-05,1.99240E+00,1.01537E+00,1.15530E-07,1.23860E-11,3.54290E-04,5.09619E-01,9.45600E-01
MSC_vo_11445_m02_g2_1862,1.02240E+02,1.14450E-05,1.99347E+00,1.01548E+00,2.28120E-07,2.70550E-11,5.93270E-04,5.09403E-01,9.47800E-01
MSC_vo_11445_m01_fd_0005,3.00759E-01,1.14450E-05,1.91992E-01,9.30711E-04,1.30847E-12,6.85762E-19,9.10764E-07,4.84765E-03,2.25439E-02
MSC_vo_11445_m01_fd_0020,1.11256E+00,1.14450E-05,7.04854E-01,8.23554E-02,1.80128E-11,3.47261E-17,3.64306E-06,1.16840E-01,3.14114E-01
MSC_vo_11445_m02_g2_0590,3.23754E+01,1.14450E-05,1.97854E+00,9.95187E-01,1.50050E-08,8.59070E-13,1.06740E-04,5.02989E-01,9.38600E-01
MSC_vo_11445_m02_g2_0932,5.11685E+01,1.14450E-05,1.99004E+00,1.01115E+00,4.02930E-08,3.39150E-12,1.87250E-04,5.08105E-01,9.41900E-01
MSC_vo_11445_m01_fd_0010,5.71375E-01,1.14450E-05,3.70198E-01,1.05209E-02,4.74771E-12,4.70288E-18,1.82153E-06,2.84197E-02,7.97321E-02
MSC_vo_11445_m01_fd_0028,1.53360E+00,1.14450E-05,9.20579E-01,1.62712E-01,3.42286E-11,9.09635E-17,5.10028E-06,1.76750E-01,5.34418E-01
MSC_vo_11445_m01_fd_0075,4.11610E+00,1.14450E-05,1.62088E+00,5.95523E-01,2.46616E-10,1.75921E-15,1.36615E-05,3.67407E-01,8.67679E-01
MSC_vo_11445_m01_fd_0278,1.52415E+01,1.14450E-05,1.94158E+00,9.33918E-01,3.38596E-09,8.93536E-14,5.06385E-05,4.81011E-01,9.44518E-01
MSC_vo_11445_m03_g1_5162,2.83381E+02,1.14450E-05,1.99902E+00,1.03320E+00,1.97820E-06,5.76100E-10,1.85000E-03,5.16853E-01,9.64200E-01
MSC_vo_11445_m02_g2_1205,6.61629E+01,1.14450E-05,1.98922E+00,1.01035E+00,7.85400E-08,7.33210E-12,2.81060E-04,5.07912E-01,9.44900E-01
MSC_vo_11445_m01_fd_0054,2.97679E+00,1.14450E-05,1.41295E+00,4.41511E-01,1.28979E-10,6.65369E-16,9.83625E-06,3.12474E-01,8.01313E-01
MSC_vo_11445_m01_fd_0008,4.21010E-01,1.14450E-05,2.72762E-01,3.45569E-03,2.57186E-12,1.88122E-18,1.45722E-06,1.26693E-02,4.30103E-02
MSC_vo_11445_m01_fd_0039,2.13479E+00,1.14450E-05,1.16805E+00,2.86441E-01,6.63291E-11,2.45381E-16,7.10396E-06,2.45230E-01,7.02583E-01
MSC_vo_11445_m02_g2_1660,9.11493E+01,1.14450E-05,1.99272E+00,1.01635E+00,1.74560E-07,1.91710E-11,4.69770E-04,5.10033E-01,9.47000E-01
MSC_vo_11445_m02_g2_2020,1.10883E+02,1.14450E-05,1.99257E+00,1.01606E+00,3.03630E-07,3.45130E-11,7.23880E-04,5.09922E-01,9.48200E-01
MSC_vo_11445_m03_g1_3722,2.04341E+02,1.14450E-05,1.99878E+00,1.02994E+00,1.02860E-06,2.16000E-10,1.33400E-03,5.15284E-01,9.63500E-01
MSC_vo_11445_m01_fd_0144,7.91604E+00,1.14450E-05,1.89095E+00,8.39144E-01,9.12266E-10,1.25160E-14,2.62300E-05,4.43767E-01,9.26690E-01
MSC_vo_11445_m01_fd_0385,2.11331E+01,1.14450E-05,1.96386E+00,9.69754E-01,6.51803E-09,2.38209E-13,7.03110E-05,4.93801E-01,9.49423E-01
MSC_vo_11445_m01_fd_0533,2.92526E+01,1.14450E-05,1.97806E+00,9.87422E-01,1.24986E-08,6.31841E-13,9.74518E-05,4.99188E-01,9.51998E-01
MSC_vo_11445_m03_g1_7160,3.93059E+02,1.14450E-05,1.99921E+00,1.03588E+00,3.80580E-06,1.53730E-09,2.56600E-03,5.18145E-01,9.64800E-01
MSC_vo_11445_m01_fd_0104,5.70954E+00,1.14450E-05,1.78224E+00,7.32864E-01,4.74548E-10,4.69574E-15,1.89439E-05,4.11203E-01,9.05378E-01
MSC_vo_11445_m01_fd_0015,8.11958E-01,1.14450E-05,5.27473E-01,3.45512E-02,9.59347E-12,1.34973E-17,2.73229E-06,6.55033E-02,1.64005E-01
MSC_vo_11445_m03_g1_2790,1.53180E+02,1.14450E-05,1.99853E+00,1.02650E+00,5.78000E-07,9.09890E-11,1.00000E-03,5.13629E-01,9.62600E-01
MSC_vo_00565_m03_g1_2020,2.24588E+03,5.65000E-07,2.00625E+00,2.00576E+00,3.02810E-07,3.45020E-11,7.23800E-04,9.99753E-01,7.23300E-01
MSC_vo_00565_m03_g1_1660,1.84647E+03,5.65000E-07,2.00712E+00,2.00683E+00,1.74340E-07,1.91740E-11,4.69800E-04,9.99853E-01,7.32700E-01
MSC_vo_00565_m03_g1_1205,1.34042E+03,5.65000E-07,2.00882E+00,2.00863E+00,7.84920E-08,7.33510E-12,2.81100E-04,9.99904E-01,7.43500E-01
MSC_vo_00565_m01_fd_0028,3.10901E+01,5.65000E-07,2.01650E+00,2.01650E+00,3.43550E-11,9.11786E-17,5.09861E-06,1.00000E+00,7.57729E-01
MSC_vo_00565_m01_fd_0010,1.15754E+01,5.65000E-07,2.43865E+00,2.43865E+00,4.74726E-12,4.70444E-18,1.89737E-06,1.00000E+00,8.11677E-01
MSC_vo_00565_m01_fd_0020,2.25374E+01,5.65000E-07,2.11011E+00,2.11011E+00,1.80431E-11,3.47295E-17,3.69582E-06,1.00000E+00,7.69697E-01
MSC_vo_00565_m01_fd_0005,6.08840E+00,5.65000E-07,2.61596E+00,2.61596E+00,1.31317E-12,6.84424E-19,9.98140E-07,1.00000E+00,8.65170E-01
MSC_vo_00565_m02_g2_0388,4.31932E+02,5.65000E-07,2.01926E+00,2.01918E+00,6.50070E-09,2.45430E-13,7.03010E-05,9.99958E-01,7.63500E-01
MSC_vo_00565_m03_g1_0594,6.60473E+02,5.65000E-07,2.01414E+00,2.01395E+00,1.52410E-08,8.77500E-13,1.07500E-04,9.99906E-01,7.62700E-01
MSC_vo_00565_m02_g2_0076,8.41986E+01,5.65000E-07,2.06211E+00,2.06206E+00,2.47060E-10,1.81800E-15,1.37040E-05,9.99974E-01,7.57900E-01
MSC_vo_00565_m03_g1_1862,2.07114E+03,5.65000E-07,2.00660E+00,2.00620E+00,2.27690E-07,2.70590E-11,5.93300E-04,9.99803E-01,7.25300E-01
MSC_vo_00565_m02_g2_0280,3.11489E+02,5.65000E-07,2.02023E+00,2.02015E+00,3.38130E-09,9.20470E-14,5.06980E-05,9.99960E-01,7.60500E-01
MSC_vo_00565_m03_g1_1435,1.59580E+03,5.65000E-07,2.00785E+00,2.00766E+00,1.15300E-07,1.23770E-11,3.54200E-04,9.99904E-01,7.40800E-01
MSC_vo_00565_m03_g1_7160,7.96204E+03,5.65000E-07,2.00269E+00,2.00219E+00,3.80580E-06,1.53730E-09,2.56600E-03,9.99752E-01,7.23300E-01
MSC_vo_00565_m02_g2_0105,1.16739E+02,5.65000E-07,2.04189E+00,2.04172E+00,4.74940E-10,4.84540E-15,1.90010E-05,9.99920E-01,7.56800E-01
MSC_vo_00565_m03_g1_2790,3.10290E+03,5.65000E-07,2.00504E+00,2.00454E+00,5.78010E-07,9.09890E-11,1.00000E-03,9.99753E-01,7.23300E-01
MSC_vo_00565_m01_fd_0015,1.64466E+01,5.65000E-07,2.29228E+00,2.29228E+00,9.59618E-12,1.34950E-17,2.69768E-06,1.00000E+00,7.92759E-01
MSC_vo_00565_m01_fd_0008,8.51946E+00,5.65000E-07,2.74058E+00,2.74058E+00,2.57139E-12,1.87541E-18,1.40279E-06,1.00000E+00,8.45384E-01
MSC_vo_00565_m03_g1_5162,5.74038E+03,5.65000E-07,2.00334E+00,2.00285E+00,1.97820E-06,5.76110E-10,1.85000E-03,9.99752E-01,7.23400E-01
MSC_vo_00565_m02_g2_0145,1.61600E+02,5.65000E-07,2.03044E+00,2.03037E+00,9.10100E-10,1.28530E-14,2.63020E-05,9.99966E-01,7.57500E-01
MSC_vo_00565_m02_g2_0055,6.07729E+01,5.65000E-07,2.05616E+00,2.05602E+00,1.28710E-10,6.83610E-16,9.89150E-06,9.99931E-01,7.65200E-01
MSC_vo_00565_m03_g1_0538,5.98420E+02,5.65000E-07,2.01510E+00,2.01491E+00,1.25110E-08,6.52680E-13,9.74000E-05,9.99907E-01,7.62700E-01
MSC_vo_00565_m02_g2_0202,2.24252E+02,5.65000E-07,2.03035E+00,2.03017E+00,1.75260E-09,3.43470E-14,3.65000E-05,9.99913E-01,7.60100E-01
MSC_vo_00565_m02_g2_0039,4.35909E+01,5.65000E-07,2.09856E+00,2.09854E+00,6.62200E-11,2.52270E-16,7.09490E-06,9.99987E-01,7.76000E-01
MSC_vo_00565_m03_g1_3722,4.13927E+03,5.65000E-07,2.00416E+00,2.00366E+00,1.02860E-06,2.16000E-10,1.33400E-03,9.99752E-01,7.23200E-01
MSC_vo_00565_m03_g1_0932,1.03676E+03,5.65000E-07,2.01047E+00,2.01038E+00,4.03280E-08,3.39400E-12,1.87300E-04,9.99955E-01,7.47300E-01
MTC_vo_02000_2_g2_005380,1.69028E+02,2.00000E-06,2.04129E+00,1.52554E+00,1.24780E-08,6.52380E-13,9.74000E-05,7.47342E-01,8.78653E-01
MTC_vo_02000_1_fd_000203,6.36687E+00,2.00000E-06,2.43233E+00,2.40341E+00,1.79994E-11,3.47304E-17,3.69239E-06,9.88110E-01,8.84365E-01
MTC_vo_02000_3_g1_071617,2.24991E+03,2.00000E-06,2.00753E+00,1.07452E+00,3.79560E-06,1.53860E-09,2.56600E-03,5.35245E-01,9.77985E-01
MTC_vo_02000_1_fd_000055,1.72099E+00,2.00000E-06,1.93329E-01,1.86973E-01,1.31472E-12,6.85636E-19,9.86761E-07,9.67124E-01,5.72926E-01
MTC_vo_02000_3_g1_012061,3.78899E+02,2.00000E-06,2.02469E+00,1.35148E+00,7.86200E-08,7.34850E-12,2.81100E-04,6.67502E-01,9.22960E-01
MTC_vo_02000_1_fd_000542,1.70338E+01,2.00000E-06,2.30973E+00,2.22988E+00,1.29040E-10,6.65269E-16,9.89944E-06,9.65430E-01,8.34593E-01
MTC_vo_02000_3_g1_027910,8.76811E+02,2.00000E-06,2.01411E+00,1.21655E+00,5.75980E-07,9.10640E-11,1.00000E-03,6.04015E-01,9.49248E-01
MTC_vo_02000_1_fd_000104,3.26968E+00,2.00000E-06,9.00274E-01,8.86578E-01,4.74591E-12,4.70282E-18,1.90986E-06,9.84787E-01,7.98642E-01
MTC_vo_02000_1_fd_001041,3.26889E+01,2.00000E-06,2.01305E+00,1.86423E+00,4.76073E-10,4.70269E-15,1.90031E-05,9.26073E-01,8.11045E-01
MTC_vo_02000_3_g1_051633,1.62211E+03,2.00000E-06,2.00936E+00,1.10843E+00,1.97290E-06,5.76590E-10,1.85000E-03,5.51633E-01,9.72296E-01
MTC_vo_02000_1_fd_000077,2.40931E+00,2.00000E-06,4.56748E-01,4.47160E-01,2.57660E-12,1.88141E-18,1.40056E-06,9.79008E-01,7.11247E-01
MTC_vo_02000_2_g2_003883,1.21998E+02,2.00000E-06,2.05375E+00,1.63347E+00,6.49470E-09,2.45290E-13,7.03000E-05,7.95362E-01,8.50220E-01
MTC_vo_02000_3_g1_037232,1.16967E+03,2.00000E-06,2.01164E+00,1.15823E+00,1.02500E-06,2.16180E-10,1.33400E-03,5.75763E-01,9.62391E-01
MTC_vo_02000_2_g2_001453,4.56414E+01,2.00000E-06,2.15382E+00,1.95761E+00,9.09160E-10,1.28440E-14,2.63000E-05,9.08901E-01,8.22904E-01
MTC_vo_02000_1_fd_000148,4.64616E+00,2.00000E-06,1.68453E+00,1.66400E+00,9.58340E-12,1.34950E-17,2.70563E-06,9.87813E-01,8.63264E-01
MTC_vo_02000_3_g1_014360,4.51140E+02,2.00000E-06,2.02197E+00,1.31257E+00,1.15400E-07,1.24040E-11,3.54200E-04,6.49152E-01,9.31652E-01
MTC_vo_02000_1_fd_000389,1.22168E+01,2.00000E-06,2.46201E+00,2.40465E+00,6.62755E-11,2.45407E-16,7.09831E-06,9.76703E-01,8.49077E-01
MTC_vo_02000_2_g2_002016,6.33420E+01,2.00000E-06,2.07378E+00,1.81601E+00,1.75110E-09,3.43320E-14,3.65000E-05,8.75702E-01,8.20483E-01
MTC_vo_02000_2_g2_002801,8.79849E+01,2.00000E-06,2.06645E+00,1.73390E+00,3.37810E-09,9.20130E-14,5.07000E-05,8.39072E-01,8.30568E-01
MTC_vo_02000_3_g1_016611,5.21865E+02,2.00000E-06,2.01994E+00,1.30295E+00,1.74250E-07,1.92000E-11,4.69800E-04,6.45044E-01,9.31002E-01
MTC_vo_02000_1_fd_000750,2.35713E+01,2.00000E-06,2.15192E+00,2.04266E+00,2.47392E-10,1.76299E-15,1.36873E-05,9.49224E-01,8.19789E-01
MTC_vo_02000_1_fd_000279,8.77565E+00,2.00000E-06,2.70340E+00,2.66273E+00,3.41926E-11,9.09517E-17,5.09296E-06,9.84956E-01,8.77888E-01
MTC_vo_02000_2_g2_005938,1.86555E+02,2.00000E-06,2.04011E+00,1.49556E+00,1.51940E-08,8.77090E-13,1.07500E-04,7.33078E-01,8.87574E-01
MTC_vo_02000_3_g1_018632,5.85357E+02,2.00000E-06,2.01847E+00,1.28474E+00,2.27780E-07,2.70950E-11,5.93300E-04,6.36493E-01,9.32504E-01
MTC_vo_02000_3_g1_020201,6.34639E+02,2.00000E-06,2.01750E+00,1.29688E+00,3.01750E-07,3.45310E-11,7.23800E-04,6.42812E-01,9.29507E-01
MTC_vo_02000_2_g2_009333,2.93197E+02,2.00000E-06,2.02913E+00,1.37619E+00,4.04010E-08,3.40490E-12,1.87300E-04,6.78216E-01,9.05162E-01
MSC_vo_12000_m01_fd_0385,2.01556E+01,1.20000E-05,2.01390E+00,1.00919E+00,6.51794E-09,2.38209E-13,7.02828E-05,5.01112E-01,9.37314E-01
MSC_vo_12000_m01_fd_0144,7.54569E+00,1.20000E-05,2.02651E+00,9.33441E-01,9.11245E-10,1.24950E-14,2.63561E-05,4.60616E-01,9.15551E-01
MSC_vo_12000_m03_g1_3722,1.94890E+02,1.20000E-05,2.00722E+00,1.04372E+00,1.02860E-06,2.16000E-10,1.33400E-03,5.19982E-01,9.51300E-01
MSC_vo_12000_m02_g2_2020,1.05749E+02,1.20000E-05,2.00986E+00,1.03558E+00,3.03590E-07,3.45070E-11,7.23840E-04,5.15252E-01,9.38500E-01
MSC_vo_12000_m02_g2_1660,8.69427E+01,1.20000E-05,2.01147E+00,1.03707E+00,1.74600E-07,1.91770E-11,4.69830E-04,5.15577E-01,9.36700E-01
MSC_vo_12000_m01_fd_0039,2.03546E+00,1.20000E-05,1.37492E+00,3.95767E-01,6.62901E-11,2.45165E-16,7.06648E-06,2.87848E-01,6.91687E-01
MSC_vo_12000_m01_fd_0008,4.01552E-01,1.20000E-05,2.96352E-01,4.60927E-03,2.57115E-12,1.88141E-18,1.33690E-06,1.55534E-02,3.98721E-02
MSC_vo_12000_m02_g2_1205,6.31186E+01,1.20000E-05,2.01322E+00,1.03421E+00,7.85780E-08,7.33760E-12,2.81130E-04,5.13709E-01,9.34200E-01
MSC_vo_12000_m01_fd_0054,2.83925E+00,1.20000E-05,1.64345E+00,5.80892E-01,1.28991E-10,6.65464E-16,9.93127E-06,3.53458E-01,7.92491E-01
MSC_vo_12000_m03_g1_5162,2.70276E+02,1.20000E-05,2.00581E+00,1.04644E+00,1.97820E-06,5.76110E-10,1.85000E-03,5.21703E-01,9.52100E-01
MSC_vo_12000_m03_g1_2790,1.46095E+02,1.20000E-05,2.00875E+00,1.04077E+00,5.78010E-07,9.09890E-11,1.00000E-03,5.18119E-01,9.50400E-01
MSC_vo_12000_m01_fd_0015,7.74442E-01,1.20000E-05,5.96803E-01,4.83738E-02,9.59438E-12,1.34993E-17,2.67380E-06,8.10549E-02,1.50776E-01
MSC_vo_12000_m02_g2_0593,3.10494E+01,1.20000E-05,2.01858E+00,1.02937E+00,1.51720E-08,8.73450E-13,1.07330E-04,5.09946E-01,9.26600E-01
MSC_vo_12000_m01_fd_0104,5.44454E+00,1.20000E-05,1.96405E+00,8.56455E-01,4.74385E-10,4.69333E-15,1.89076E-05,4.36065E-01,8.94819E-01
MSC_vo_12000_m03_g1_7160,3.74880E+02,1.20000E-05,2.00467E+00,1.04860E+00,3.80580E-06,1.53730E-09,2.56600E-03,5.23080E-01,9.52600E-01
MSC_vo_12000_m01_fd_0533,2.79094E+01,1.20000E-05,2.02678E+00,1.02676E+00,1.25073E-08,6.32500E-13,9.74028E-05,5.06595E-01,9.39506E-01
MSC_vo_12000_m01_fd_0005,2.86852E-01,1.20000E-05,2.07114E-01,1.23061E-03,1.30686E-12,6.85785E-19,9.54930E-07,5.94173E-03,2.11035E-02
MSC_vo_12000_m01_fd_0200,1.04475E+01,1.20000E-05,1.99083E+00,9.44095E-01,1.74700E-09,3.31684E-14,3.64783E-05,4.74222E-01,9.25341E-01
MSC_vo_12000_m02_g2_1435,7.51516E+01,1.20000E-05,2.01274E+00,1.03716E+00,1.15530E-07,1.23850E-11,3.54280E-04,5.15297E-01,9.34800E-01
MSC_vo_12000_m02_g2_1863,9.75318E+01,1.20000E-05,2.01066E+00,1.03489E+00,2.28210E-07,2.70720E-11,5.93390E-04,5.14699E-01,9.37900E-01
MSC_vo_12000_m01_fd_0075,3.92815E+00,1.20000E-05,1.84031E+00,7.39031E-01,2.46920E-10,1.76246E-15,1.37510E-05,4.01579E-01,8.58008E-01
MSC_vo_12000_m02_g2_0933,4.88288E+01,1.20000E-05,2.01738E+00,1.03742E+00,4.03380E-08,3.39710E-12,1.87360E-04,5.14240E-01,9.30600E-01
MSC_vo_12000_m01_fd_0278,1.45364E+01,1.20000E-05,2.01013E+00,9.86188E-01,3.38574E-09,8.93509E-14,5.06113E-05,4.90610E-01,9.32903E-01
MSC_vo_12000_m01_fd_0028,1.46235E+00,1.20000E-05,1.08032E+00,2.31268E-01,3.42136E-11,9.09038E-17,5.15662E-06,2.14074E-01,5.15795E-01
MSC_vo_12000_m01_fd_0010,5.44945E-01,1.20000E-05,4.10349E-01,1.43971E-02,4.74739E-12,4.70280E-18,1.90986E-06,3.50850E-02,7.31613E-02
MSC_vo_12000_m01_fd_0020,1.06132E+00,1.20000E-05,8.15960E-01,1.17832E-01,1.80202E-11,3.47476E-17,3.62873E-06,1.44409E-01,2.92713E-01
MTC_vo_00500_071617_g1,8.99964E+03,5.00000E-07,2.00251E+00,2.00204E+00,3.79560E-06,1.53860E-09,2.56600E-03,9.99767E-01,7.21848E-01
MTC_vo_00500_000757_g2,9.50991E+01,5.00000E-07,2.05312E+00,2.05300E+00,2.46660E-10,1.81540E-15,1.37000E-05,9.99941E-01,7.38411E-01
MTC_vo_00500_000279_fd,3.51024E+01,5.00000E-07,2.12406E+00,2.12406E+00,3.42997E-11,9.09499E-17,5.10092E-06,1.00000E+00,7.66474E-01
MTC_vo_00500_051633_g1,6.48843E+03,5.00000E-07,2.00312E+00,2.00265E+00,1.97290E-06,5.76590E-10,1.85000E-03,9.99768E-01,7.21758E-01
MTC_vo_00500_000055_fd,6.88395E+00,5.00000E-07,2.77011E+00,2.77011E+00,1.31472E-12,6.85636E-19,1.00268E-06,1.00000E+00,8.61525E-01
MTC_vo_00500_014360_g1,1.80456E+03,5.00000E-07,2.00732E+00,2.00716E+00,1.15390E-07,1.24040E-11,3.54200E-04,9.99921E-01,7.38522E-01
MTC_vo_00500_000392_g2,4.92850E+01,5.00000E-07,2.09165E+00,2.09161E+00,6.62580E-11,2.52690E-16,7.10000E-06,9.99978E-01,7.65715E-01
MTC_vo_00500_002016_g2,2.53368E+02,5.00000E-07,2.02998E+00,2.02986E+00,1.75230E-09,3.43320E-14,3.65000E-05,9.99942E-01,7.41174E-01
MTC_vo_00500_005938_g1,7.46221E+02,5.00000E-07,2.01318E+00,2.01301E+00,1.52320E-08,8.77100E-13,1.07500E-04,9.99916E-01,7.60720E-01
MTC_vo_00500_005380_g1,6.76111E+02,5.00000E-07,2.01408E+00,2.01391E+00,1.25050E-08,6.52380E-13,9.74000E-05,9.99916E-01,7.60697E-01
MTC_vo_00500_000203_fd,2.54672E+01,5.00000E-07,2.05318E+00,2.05318E+00,1.80496E-11,3.47293E-17,3.70035E-06,1.00000E+00,7.60655E-01
MTC_vo_00500_000104_fd,1.30784E+01,5.00000E-07,2.37573E+00,2.37573E+00,4.74617E-12,4.70250E-18,1.90190E-06,1.00000E+00,8.00840E-01
MTC_vo_00500_000077_fd,9.63708E+00,5.00000E-07,2.60060E+00,2.60060E+00,2.57680E-12,1.88131E-18,1.40056E-06,1.00000E+00,8.28518E-01
MTC_vo_00500_002801_g1,3.51938E+02,5.00000E-07,2.02176E+00,2.02163E+00,3.38800E-09,9.20120E-14,5.07000E-05,9.99937E-01,7.60804E-01
MTC_vo_00500_012061_g1,1.51560E+03,5.00000E-07,2.00822E+00,2.00808E+00,7.86110E-08,7.34850E-12,2.81100E-04,9.99931E-01,7.41437E-01
MTC_vo_00500_001453_g2,1.82565E+02,5.00000E-07,2.03630E+00,2.03616E+00,9.09790E-10,1.28440E-14,2.63000E-05,9.99932E-01,7.39591E-01
MTC_vo_00500_009333_g1,1.17279E+03,5.00000E-07,2.00975E+00,2.00970E+00,4.04360E-08,3.40490E-12,1.87300E-04,9.99973E-01,7.45541E-01
MTC_vo_00500_018633_g1,2.34143E+03,5.00000E-07,2.00615E+00,2.00580E+00,2.27770E-07,2.70950E-11,5.93300E-04,9.99825E-01,7.23182E-01
MTC_vo_00500_027910_g1,3.50725E+03,5.00000E-07,2.00470E+00,2.00425E+00,5.76460E-07,9.10640E-11,1.00000E-03,9.99774E-01,7.21758E-01
MTC_vo_00500_000148_fd,1.85849E+01,5.00000E-07,2.24726E+00,2.24726E+00,9.60174E-12,1.34956E-17,2.69768E-06,1.00000E+00,7.83088E-01
MTC_vo_00500_001050_g2,1.31890E+02,5.00000E-07,2.04113E+00,2.04102E+00,4.74410E-10,4.84260E-15,1.90000E-05,9.99948E-01,7.33549E-01
MTC_vo_00500_003883_g1,4.87991E+02,5.00000E-07,2.01750E+00,2.01735E+00,6.51420E-09,2.45290E-13,7.03000E-05,9.99929E-01,7.60688E-01
MTC_vo_00500_000547_g2,6.87219E+01,5.00000E-07,2.06513E+00,2.06507E+00,1.28820E-10,6.85060E-16,9.90000E-06,9.99970E-01,7.49253E-01
MTC_vo_00500_016611_g1,2.08746E+03,5.00000E-07,2.00664E+00,2.00642E+00,1.74220E-07,1.92000E-11,4.69800E-04,9.99890E-01,7.29933E-01
MTC_vo_00500_037232_g1,4.67867E+03,5.00000E-07,2.00388E+00,2.00342E+00,1.02580E-06,2.16180E-10,1.33400E-03,9.99773E-01,7.21803E-01
MTC_vo_00500_020201_g1,2.53856E+03,5.00000E-07,2.00583E+00,2.00537E+00,3.02000E-07,3.45310E-11,7.23800E-04,9.99770E-01,7.21790E-01
MTC_vo_01130_1_fd_000077,4.26426E+00,1.13000E-06,1.68977E+00,1.68975E+00,2.57670E-12,1.88140E-18,1.40279E-06,9.99986E-01,8.47387E-01
MTC_vo_01130_3_g1_051633,2.87098E+03,1.13000E-06,2.00651E+00,1.99533E+00,1.97290E-06,5.76590E-10,1.85000E-03,9.94426E-01,7.33783E-01
MTC_vo_01130_1_fd_000104,5.78703E+00,1.13000E-06,2.44707E+00,2.44704E+00,4.74585E-12,4.70281E-18,1.90636E-06,9.99986E-01,8.68056E-01
MTC_vo_01130_2_g2_000757,4.20800E+01,1.13000E-06,2.16323E+00,2.16289E+00,2.46700E-10,1.81550E-15,1.37000E-05,9.99845E-01,7.84846E-01
MTC_vo_01130_1_fd_000542,3.01483E+01,1.13000E-06,2.01544E+00,2.01525E+00,1.29252E-10,6.65263E-16,9.89148E-06,9.99904E-01,7.67829E-01
MTC_vo_01130_3_g1_027910,1.55188E+03,1.13000E-06,2.00981E+00,2.00355E+00,5.76460E-07,9.10640E-11,1.00000E-03,9.96885E-01,7.32650E-01
MTC_vo_01130_2_g2_001050,5.83584E+01,1.13000E-06,2.07277E+00,2.07231E+00,4.74490E-10,4.84260E-15,1.90000E-05,9.99780E-01,7.62517E-01
MTC_vo_01130_3_g1_012061,6.70618E+02,1.13000E-06,2.01717E+00,2.01359E+00,7.86200E-08,7.34850E-12,2.81100E-04,9.98224E-01,7.51734E-01
MTC_vo_01130_1_fd_000203,1.12687E+01,1.13000E-06,2.47897E+00,2.47890E+00,1.79978E-11,3.47298E-17,3.70481E-06,9.99972E-01,8.25817E-01
MTC_vo_01130_2_g2_005380,2.99164E+02,1.13000E-06,2.03095E+00,2.02884E+00,1.24700E-08,6.52380E-13,9.74000E-05,9.98960E-01,7.53375E-01
MTC_vo_01130_3_g1_009333,5.18932E+02,1.13000E-06,2.02037E+00,2.01721E+00,4.04460E-08,3.40490E-12,1.87300E-04,9.98436E-01,7.55973E-01
MTC_vo_01130_1_fd_000055,3.04595E+00,1.13000E-06,9.14557E-01,9.14541E-01,1.31464E-12,6.85604E-19,1.00713E-06,9.99982E-01,7.77969E-01
MTC_vo_01130_3_g1_071617,3.98214E+03,1.13000E-06,2.00524E+00,1.98993E+00,3.79560E-06,1.53860E-09,2.56600E-03,9.92367E-01,7.34877E-01
MTC_vo_01130_3_g1_018632,1.03603E+03,1.13000E-06,2.01285E+00,2.00812E+00,2.27780E-07,2.70950E-11,5.93300E-04,9.97651E-01,7.33718E-01
MTC_vo_01130_3_g1_020201,1.12326E+03,1.13000E-06,2.01217E+00,2.00750E+00,3.01750E-07,3.45310E-11,7.23800E-04,9.97680E-01,7.31938E-01
MTC_vo_01130_2_g2_005938,3.30186E+02,1.13000E-06,2.02876E+00,2.02661E+00,1.51900E-08,8.77100E-13,1.07500E-04,9.98939E-01,7.53583E-01
MTC_vo_01130_1_fd_000279,1.55321E+01,1.13000E-06,2.32539E+00,2.32530E+00,3.42343E-11,9.09520E-17,5.10760E-06,9.99958E-01,8.06482E-01
MTC_vo_01130_2_g2_002801,1.55725E+02,1.13000E-06,2.04516E+00,2.04400E+00,3.38100E-09,9.20120E-14,5.07000E-05,9.99430E-01,7.48442E-01
MTC_vo_01130_3_g1_016611,9.23654E+02,1.13000E-06,2.01387E+00,2.00959E+00,1.74250E-07,1.92000E-11,4.69800E-04,9.97876E-01,7.40647E-01
MTC_vo_01130_1_fd_000389,2.16224E+01,1.13000E-06,2.16536E+00,2.16523E+00,6.64304E-11,2.45398E-16,7.10388E-06,9.99936E-01,7.85681E-01
MTC_vo_01130_1_fd_000148,8.22332E+00,1.13000E-06,2.77197E+00,2.77192E+00,9.58370E-12,1.34951E-17,2.69768E-06,9.99982E-01,8.59755E-01
MTC_vo_01130_3_g1_014360,7.98478E+02,1.13000E-06,2.01528E+00,2.01116E+00,1.15400E-07,1.24040E-11,3.54200E-04,9.97953E-01,7.48807E-01
MTC_vo_01130_2_g2_001453,8.07812E+01,1.13000E-06,2.07097E+00,2.07043E+00,9.09000E-10,1.28440E-14,2.63000E-05,9.99738E-01,7.50108E-01
MTC_vo_01130_2_g2_002016,1.12110E+02,1.13000E-06,2.05625E+00,2.05541E+00,1.75080E-09,3.43320E-14,3.65000E-05,9.99589E-01,7.44710E-01
MTC_vo_01130_3_g1_037232,2.07021E+03,1.13000E-06,2.00810E+00,1.99989E+00,1.02580E-06,2.16180E-10,1.33400E-03,9.95911E-01,7.33159E-01
MTC_vo_01130_2_g2_003883,2.15925E+02,1.13000E-06,2.03603E+00,2.03451E+00,6.50040E-09,2.45290E-13,7.03000E-05,9.99256E-01,7.49598E-01
MTC_vo_00640_016611_g1,1.63083E+03,6.40000E-07,2.00975E+00,2.00948E+00,1.74220E-07,1.92000E-11,4.69800E-04,9.99865E-01,7.33361E-01
MTC_vo_00640_037232_g1,3.65521E+03,6.40000E-07,2.00569E+00,2.00516E+00,1.02580E-06,2.16180E-10,1.33400E-03,9.99733E-01,7.24965E-01
MTC_vo_00640_020201_g1,1.98325E+03,6.40000E-07,2.00856E+00,2.00806E+00,3.02000E-07,3.45310E-11,7.23800E-04,9.99750E-01,7.24914E-01
MTC_vo_00640_018632_g1,1.82924E+03,6.40000E-07,2.00903E+00,2.00863E+00,2.27770E-07,2.70950E-11,5.93300E-04,9.99800E-01,7.26388E-01
MTC_vo_00640_000148_fd,1.45193E+01,6.40000E-07,2.34296E+00,2.34296E+00,9.59394E-12,1.34950E-17,2.69927E-06,1.00000E+00,8.01081E-01
MTC_vo_00640_027910_g1,2.74004E+03,6.40000E-07,2.00690E+00,2.00638E+00,5.76460E-07,9.10640E-11,1.00000E-03,9.99744E-01,7.25003E-01
MTC_vo_00640_000547_g2,5.36890E+01,6.40000E-07,2.10220E+00,2.10214E+00,1.28820E-10,6.85060E-16,9.90000E-06,9.99972E-01,7.64314E-01
MTC_vo_00640_003883_g1,3.81243E+02,6.40000E-07,2.02569E+00,2.02554E+00,6.51390E-09,2.45290E-13,7.03000E-05,9.99922E-01,7.63982E-01
MTC_vo_00640_001050_g2,1.03039E+02,6.40000E-07,2.06800E+00,2.06790E+00,4.74410E-10,4.84260E-15,1.90000E-05,9.99948E-01,7.40509E-01
MTC_vo_00640_001453_g2,1.42629E+02,6.40000E-07,2.05364E+00,2.05351E+00,9.09000E-10,1.28440E-14,2.63000E-05,9.99938E-01,7.37033E-01
MTC_vo_00640_009333_g1,9.16240E+02,6.40000E-07,2.01432E+00,2.01422E+00,4.04360E-08,3.40490E-12,1.87300E-04,9.99951E-01,7.48606E-01
MTC_vo_00640_012061_g1,1.18406E+03,6.40000E-07,2.01207E+00,2.01189E+00,7.86110E-08,7.34850E-12,2.81100E-04,9.99911E-01,7.44570E-01
MTC_vo_00640_000077_fd,7.52900E+00,6.40000E-07,2.78939E+00,2.78939E+00,2.57666E-12,1.88133E-18,1.39547E-06,1.00000E+00,8.60007E-01
MTC_vo_00640_005380_g1,5.28212E+02,6.40000E-07,2.02067E+00,2.02050E+00,1.25050E-08,6.52380E-13,9.74000E-05,9.99915E-01,7.63815E-01
MTC_vo_00640_002016_g2,1.97944E+02,6.40000E-07,2.04151E+00,2.04133E+00,1.75230E-09,3.43320E-14,3.65000E-05,9.99909E-01,7.43358E-01
MTC_vo_00640_005938_g1,5.82985E+02,6.40000E-07,2.01936E+00,2.01918E+00,1.52320E-08,8.77100E-13,1.07500E-04,9.99914E-01,7.63885E-01
MTC_vo_00640_000203_fd,1.98964E+01,6.40000E-07,2.21027E+00,2.21027E+00,1.80356E-11,3.47298E-17,3.69749E-06,1.00000E+00,7.82431E-01
MTC_vo_00640_000104_fd,1.02177E+01,6.40000E-07,2.55190E+00,2.55190E+00,4.74663E-12,4.70273E-18,1.90477E-06,1.00000E+00,8.27114E-01
MTC_vo_00640_014360_g1,1.40981E+03,6.40000E-07,2.01074E+00,2.01054E+00,1.15390E-07,1.24040E-11,3.54200E-04,9.99900E-01,7.41542E-01
MTC_vo_00640_000055_fd,5.37809E+00,6.40000E-07,2.36009E+00,2.36009E+00,1.31472E-12,6.85636E-19,9.98220E-07,1.00000E+00,8.61507E-01
MTC_vo_00640_000392_g2,3.85039E+01,6.40000E-07,2.18676E+00,2.18673E+00,6.62590E-11,2.52690E-16,7.10000E-06,9.99987E-01,7.86448E-01
MTC_vo_00640_051633_g1,5.06908E+03,6.40000E-07,2.00458E+00,2.00400E+00,1.97290E-06,5.76590E-10,1.85000E-03,9.99713E-01,7.24946E-01
MTC_vo_00640_071617_g1,7.03097E+03,6.40000E-07,2.00368E+00,2.00306E+00,3.79560E-06,1.53860E-09,2.56600E-03,9.99692E-01,7.25058E-01
MTC_vo_00640_000279_fd,2.74237E+01,6.40000E-07,2.03118E+00,2.03118E+00,3.43010E-11,9.09496E-17,5.10314E-06,9.99999E-01,7.63149E-01
MTC_vo_00640_000757_g2,7.42961E+01,6.40000E-07,2.08500E+00,2.08493E+00,2.46700E-10,1.81540E-15,1.37000E-05,9.99969E-01,7.50924E-01
MTC_vo_00640_002801_g2,2.74952E+02,6.40000E-07,2.03297E+00,2.03277E+00,3.38100E-09,9.20120E-14,5.07000E-05,9.99900E-01,7.45329E-01
MSC_vo_00883_m01_fd_0015,1.05356E+01,8.83000E-07,2.53203E+00,2.53201E+00,9.60606E-12,1.35413E-17,2.69825E-06,9.99996E-01,8.28630E-01
MSC_vo_00883_m02_g2_0594,4.22592E+02,8.83000E-07,2.02056E+00,2.01989E+00,1.52240E-08,8.77370E-13,1.07490E-04,9.99667E-01,7.67200E-01
MSC_vo_00883_m02_g2_0105,7.46957E+01,8.83000E-07,2.07806E+00,2.07785E+00,4.75630E-10,4.84510E-15,1.90000E-05,9.99898E-01,7.79000E-01
MSC_vo_00883_m03_g1_2790,1.98544E+03,8.83000E-07,2.00808E+00,2.00629E+00,5.78000E-07,9.09890E-11,1.00000E-03,9.99109E-01,7.28200E-01
MSC_vo_00883_m02_g2_0280,1.99335E+02,8.83000E-07,2.03640E+00,2.03605E+00,3.38730E-09,9.20810E-14,5.07050E-05,9.99826E-01,7.67900E-01
MSC_vo_00883_m03_g1_7160,5.09463E+03,8.83000E-07,2.00431E+00,2.00052E+00,3.80580E-06,1.53730E-09,2.56600E-03,9.98107E-01,7.28700E-01
MSC_vo_00883_m03_g1_1435,1.02109E+03,8.83000E-07,2.01259E+00,2.01150E+00,1.15300E-07,1.23770E-11,3.54200E-04,9.99461E-01,7.45500E-01
MSC_vo_00883_m03_g1_1862,1.32525E+03,8.83000E-07,2.01058E+00,2.00919E+00,2.27690E-07,2.70590E-11,5.93300E-04,9.99310E-01,7.30000E-01
MSC_vo_00883_m02_g2_0076,5.38668E+01,8.83000E-07,2.10488E+00,2.10479E+00,2.47360E-10,1.81710E-15,1.37020E-05,9.99957E-01,7.86800E-01
MSC_vo_00883_m03_g1_0932,6.63389E+02,8.83000E-07,2.01678E+00,2.01600E+00,4.03290E-08,3.39410E-12,1.87300E-04,9.99613E-01,7.52400E-01
MSC_vo_00883_m03_g1_3722,2.64857E+03,8.83000E-07,2.00667E+00,2.00448E+00,1.02860E-06,2.16000E-10,1.33400E-03,9.98908E-01,7.28400E-01
MSC_vo_00883_m02_g2_0055,3.88947E+01,8.83000E-07,2.17498E+00,2.17491E+00,1.28770E-10,6.84050E-16,9.89360E-06,9.99970E-01,7.97700E-01
MSC_vo_00883_m03_g1_5162,3.67306E+03,8.83000E-07,2.00536E+00,2.00247E+00,1.97820E-06,5.76110E-10,1.85000E-03,9.98557E-01,7.28600E-01
MSC_vo_00883_m02_g2_0145,1.03370E+02,8.83000E-07,2.06314E+00,2.06292E+00,9.09510E-10,1.28410E-14,2.62940E-05,9.99889E-01,7.72000E-01
MSC_vo_00883_m01_fd_0008,5.45749E+00,8.83000E-07,2.35272E+00,2.35272E+00,2.57724E-12,1.88181E-18,1.40534E-06,9.99998E-01,8.64142E-01
MSC_vo_00883_m01_fd_0039,2.76347E+01,8.83000E-07,2.03298E+00,2.03295E+00,6.62994E-11,2.44440E-16,7.09696E-06,9.99985E-01,7.67537E-01
MSC_vo_00883_m01_fd_0020,1.44209E+01,8.83000E-07,2.34706E+00,2.34704E+00,1.80093E-11,3.47296E-17,3.69604E-06,9.99993E-01,8.05982E-01
MSC_vo_00883_m01_fd_0028,1.98768E+01,8.83000E-07,2.21934E+00,2.21931E+00,3.42700E-11,9.09500E-17,5.10138E-06,9.99990E-01,7.87955E-01
MSC_vo_00883_m01_fd_0010,7.39632E+00,8.83000E-07,2.77581E+00,2.77581E+00,4.73398E-12,4.68472E-18,1.89721E-06,9.99997E-01,8.64834E-01
MSC_vo_00883_m02_g2_0538,3.82925E+02,8.83000E-07,2.02340E+00,2.02283E+00,1.25000E-08,6.52770E-13,9.74040E-05,9.99718E-01,7.67500E-01
MSC_vo_00883_m03_g1_1205,8.57687E+02,8.83000E-07,2.01414E+00,2.01326E+00,7.84920E-08,7.33510E-12,2.81100E-04,9.99562E-01,7.48400E-01
MSC_vo_00883_m03_g1_1660,1.18149E+03,8.83000E-07,2.01142E+00,2.01033E+00,1.74340E-07,1.91740E-11,4.69800E-04,9.99460E-01,7.37600E-01
MSC_vo_00883_m03_g1_2020,1.43706E+03,8.83000E-07,2.01002E+00,2.00863E+00,3.02810E-07,3.45020E-11,7.23800E-04,9.99310E-01,7.28000E-01
MSC_vo_00883_m02_g2_0201,1.42705E+02,8.83000E-07,2.05184E+00,2.05159E+00,1.73610E-09,3.37860E-14,3.63000E-05,9.99882E-01,7.70300E-01
MSC_vo_00883_m02_g2_0388,2.76352E+02,8.83000E-07,2.03108E+00,2.03062E+00,6.51030E-09,2.45360E-13,7.02950E-05,9.99772E-01,7.67600E-01
MSC_vo_00883_m01_fd_0005,3.89952E+00,8.83000E-07,1.49564E+00,1.49564E+00,1.31571E-12,6.86413E-19,9.97790E-07,9.99998E-01,8.31071E-01
MTC_vo_00870_016611_g1,1.19969E+03,8.70000E-07,2.01202E+00,2.01112E+00,1.74220E-07,1.92000E-11,4.69800E-04,9.99548E-01,7.36695E-01
MTC_vo_00870_037232_g1,2.68889E+03,8.70000E-07,2.00702E+00,2.00525E+00,1.02580E-06,2.16180E-10,1.33400E-03,9.99116E-01,7.28588E-01
MTC_vo_00870_020201_g1,1.45894E+03,8.70000E-07,2.01055E+00,2.00938E+00,3.02000E-07,3.45310E-11,7.23800E-04,9.99418E-01,7.28206E-01
MTC_vo_00870_018633_g1,1.34565E+03,8.70000E-07,2.01114E+00,2.01005E+00,2.27770E-07,2.70950E-11,5.93300E-04,9.99458E-01,7.29781E-01
MTC_vo_00870_000389_fd,2.80841E+01,8.70000E-07,2.03006E+00,2.03003E+00,6.64793E-11,2.45394E-16,7.11155E-05,9.99988E-01,7.66739E-01
MTC_vo_00870_027910_g1,2.01566E+03,8.70000E-07,2.00851E+00,2.00708E+00,5.76460E-07,9.10640E-11,1.00000E-03,9.99287E-01,7.28421E-01
MTC_vo_00870_000148_fd,1.06809E+01,8.70000E-07,2.51704E+00,2.51703E+00,9.58532E-12,1.34951E-17,2.70006E-06,9.99996E-01,8.26787E-01
MTC_vo_00870_001050_g2,7.57988E+01,8.70000E-07,2.08181E+00,2.08166E+00,4.74500E-10,4.84260E-15,1.90000E-05,9.99924E-01,7.52016E-01
MTC_vo_00870_000547_g2,3.94952E+01,8.70000E-07,2.18184E+00,2.18174E+00,1.28820E-10,6.85050E-16,9.90000E-06,9.99955E-01,7.86986E-01
MTC_vo_00870_012061_g1,8.71033E+02,8.70000E-07,2.01488E+00,2.01416E+00,7.86110E-08,7.34850E-12,2.81100E-04,9.99640E-01,7.47932E-01
MTC_vo_00870_009333_g1,6.74016E+02,8.70000E-07,2.01766E+00,2.01708E+00,4.04360E-08,3.40490E-12,1.87300E-04,9.99711E-01,7.52253E-01
MTC_vo_00870_001453_g2,1.04923E+02,8.70000E-07,2.06836E+00,2.06820E+00,9.09000E-10,1.28440E-14,2.63000E-05,9.99922E-01,7.43476E-01
MTC_vo_00870_000077_fd,5.53864E+00,8.70000E-07,2.38894E+00,2.38893E+00,2.57675E-12,1.88140E-18,1.39849E-06,9.99998E-01,8.64705E-01
MTC_vo_00870_005938_g1,4.28863E+02,8.70000E-07,2.02387E+00,2.02336E+00,1.52320E-08,8.77100E-13,1.07500E-04,9.99749E-01,7.66769E-01
MTC_vo_00870_002016_g2,1.45614E+02,8.70000E-07,2.05009E+00,2.04986E+00,1.75080E-09,3.43320E-14,3.65000E-05,9.99891E-01,7.39469E-01
MTC_vo_00870_005380_g1,3.88570E+02,8.70000E-07,2.02549E+00,2.02503E+00,1.25050E-08,6.52380E-13,9.74000E-05,9.99770E-01,7.66722E-01
MTC_vo_00870_000104_fd,7.51659E+00,8.70000E-07,2.78226E+00,2.78225E+00,4.74619E-12,4.70300E-18,1.89697E-06,9.99998E-01,8.63755E-01
MTC_vo_00870_000203_fd,1.46363E+01,8.70000E-07,2.34332E+00,2.34330E+00,1.80120E-11,3.47289E-17,3.69701E-05,9.99995E-01,8.05009E-01
MTC_vo_00870_000055_fd,3.95625E+00,8.70000E-07,1.53456E+00,1.53455E+00,1.31459E-12,6.85614E-19,9.96947E-07,9.99998E-01,8.33696E-01
MTC_vo_00870_014360_g1,1.03710E+03,8.70000E-07,2.01325E+00,2.01242E+00,1.15390E-07,1.24040E-11,3.54200E-04,9.99589E-01,7.44939E-01
MTC_vo_00870_003883_g2,2.80454E+02,8.70000E-07,2.03336E+00,2.03290E+00,6.50040E-09,2.45290E-13,7.03000E-05,9.99774E-01,7.48191E-01
MTC_vo_00870_051633_g1,3.72898E+03,8.70000E-07,2.00565E+00,2.00335E+00,1.97290E-06,5.76590E-10,1.85000E-03,9.98856E-01,7.28660E-01
MTC_vo_00870_071617_g1,5.17221E+03,8.70000E-07,2.00454E+00,2.00153E+00,3.79560E-06,1.53860E-09,2.56600E-03,9.98501E-01,7.28855E-01
MTC_vo_00870_002801_g2,2.02263E+02,8.70000E-07,2.04269E+00,2.04238E+00,3.38100E-09,9.20120E-14,5.07000E-05,9.99847E-01,7.46357E-01
MTC_vo_00870_000757_g2,5.46546E+01,8.70000E-07,2.09837E+00,2.09825E+00,2.46700E-10,1.81540E-15,1.37000E-05,9.99943E-01,7.66106E-01
MTC_vo_00870_000279_fd,2.01738E+01,8.70000E-07,2.20717E+00,2.20715E+00,3.42686E-11,9.09499E-17,5.09550E-06,9.99992E-01,7.86128E-01
MTC_vo_07400_001440_fd,1.22289E+01,7.40000E-06,2.32704E+00,1.50822E+00,9.10135E-10,1.24726E-14,2.62637E-05,6.48129E-01,9.07952E-01
MTC_vo_07400_000077_fd,6.51162E-01,7.40000E-06,6.88317E-02,1.23739E-02,2.57899E-12,1.88138E-18,1.41330E-06,1.79771E-01,1.06224E-01
MTC_vo_07400_020201_g1,1.71524E+02,7.40000E-06,2.03000E+00,1.03722E+00,3.01780E-07,3.45310E-11,7.23800E-04,5.10943E-01,9.74992E-01
MTC_vo_07400_037232_g1,3.16126E+02,7.40000E-06,2.01996E+00,1.03200E+00,1.02510E-06,2.16180E-10,1.33400E-03,5.10904E-01,9.77214E-01
MTC_vo_07400_005938_g2,5.04202E+01,7.40000E-06,2.06913E+00,1.06880E+00,1.52040E-08,8.77090E-13,1.07500E-04,5.16547E-01,9.56322E-01
MTC_vo_07400_005380_g2,4.56830E+01,7.40000E-06,2.07677E+00,1.07672E+00,1.24810E-08,6.52370E-13,9.74000E-05,5.18457E-01,9.54828E-01
MTC_vo_07400_001999_fd,1.69712E+01,7.40000E-06,2.21481E+00,1.30857E+00,1.75582E-09,3.33402E-14,3.65101E-05,5.90826E-01,9.27860E-01
MTC_vo_07400_000148_fd,1.25572E+00,7.40000E-06,2.24693E-01,1.09577E-01,9.59245E-12,1.34951E-17,2.70882E-06,4.87675E-01,3.74531E-01
MTC_vo_07400_000389_fd,3.30176E+00,7.40000E-06,1.33015E+00,1.00629E+00,6.63312E-11,2.45390E-16,7.06648E-06,7.56525E-01,8.10317E-01
MTC_vo_07400_014360_g2,1.21930E+02,7.40000E-06,2.03765E+00,1.04162E+00,1.15290E-07,1.24040E-11,3.54200E-04,5.11187E-01,9.61163E-01
MTC_vo_07400_027910_g1,2.36976E+02,7.40000E-06,2.02419E+00,1.03353E+00,5.76030E-07,9.10640E-11,1.00000E-03,5.10591E-01,9.76402E-01
MTC_vo_07400_051633_g1,4.38407E+02,7.40000E-06,2.01605E+00,1.03121E+00,1.97140E-06,5.76590E-10,1.85000E-03,5.11500E-01,9.77830E-01
MTC_vo_07400_012061_g2,1.02405E+02,7.40000E-06,2.04416E+00,1.04835E+00,7.84280E-08,7.34850E-12,2.81100E-04,5.12850E-01,9.60329E-01
MTC_vo_07400_009333_g2,7.92424E+01,7.40000E-06,2.05104E+00,1.05032E+00,4.04210E-08,3.40490E-12,1.87300E-04,5.12094E-01,9.58419E-01
MTC_vo_07400_000279_fd,2.37178E+00,7.40000E-06,7.67030E-01,5.44088E-01,3.42251E-11,9.09498E-17,5.06431E-06,7.09343E-01,7.15771E-01
MTC_vo_07400_000542_fd,4.60370E+00,7.40000E-06,2.00310E+00,1.55926E+00,1.28968E-10,6.65250E-16,9.89307E-06,7.78423E-01,8.68060E-01
MTC_vo_07400_002801_g2,2.37794E+01,7.40000E-06,2.07107E+00,1.09638E+00,3.37660E-09,9.20100E-14,5.07000E-05,5.29377E-01,9.29882E-01
MTC_vo_07400_001041_fd,8.83490E+00,7.40000E-06,2.46762E+00,1.76620E+00,4.75039E-10,4.70277E-15,1.89617E-05,7.15747E-01,8.96516E-01
MTC_vo_07400_000750_fd,6.37063E+00,7.40000E-06,2.45814E+00,1.88656E+00,2.46971E-10,1.76301E-15,1.36619E-05,7.67476E-01,8.91001E-01
MTC_vo_07400_071617_g1,6.08084E+02,7.40000E-06,2.01290E+00,1.03081E+00,3.79250E-06,1.53860E-09,2.56600E-03,5.12103E-01,9.78259E-01
MTC_vo_07400_018632_g2,1.58204E+02,7.40000E-06,2.03190E+00,1.03726E+00,2.27420E-07,2.70950E-11,5.93300E-04,5.10489E-01,9.62611E-01
MTC_vo_07400_000203_fd,1.72076E+00,7.40000E-06,4.12130E-01,2.52572E-01,1.80138E-11,3.47291E-17,3.65101E-06,6.12844E-01,5.83523E-01
MTC_vo_07400_000104_fd,8.83691E-01,7.40000E-06,1.15178E-01,3.66927E-02,4.75017E-12,4.70273E-18,1.88439E-06,3.18574E-01,1.93208E-01
MTC_vo_07400_016611_g2,1.41044E+02,7.40000E-06,2.03464E+00,1.04014E+00,1.74240E-07,1.92000E-11,4.69800E-04,5.11217E-01,9.62258E-01
MTC_vo_07400_003883_g2,3.29723E+01,7.40000E-06,2.08936E+00,1.09579E+00,6.50200E-09,2.45290E-13,7.03000E-05,5.24460E-01,9.46577E-01
MTC_vo_07400_000055_fd,4.65130E-01,7.40000E-06,4.21005E-02,3.45529E-03,1.31317E-12,6.85629E-19,9.42197E-07,8.20725E-02,6.49705E-02
MTC_vo_00670_071617_g1,6.71615E+03,6.70000E-07,2.00381E+00,2.00312E+00,3.79560E-06,1.53860E-09,2.56600E-03,9.99657E-01,7.25589E-01
MTC_vo_00670_002801_g2,2.62640E+02,6.70000E-07,2.03245E+00,2.03233E+00,3.37880E-09,9.20120E-14,5.07000E-05,9.99940E-01,7.46073E-01
MTC_vo_00670_000757_g2,7.09695E+01,6.70000E-07,2.08262E+00,2.08255E+00,2.46700E-10,1.81540E-15,1.37000E-05,9.99964E-01,7.51689E-01
MTC_vo_00670_000279_fd,2.61958E+01,6.70000E-07,2.04637E+00,2.04637E+00,3.42963E-11,9.09496E-17,5.09710E-06,9.99999E-01,7.64835E-01
MTC_vo_00670_051633_g1,4.84211E+03,6.70000E-07,2.00474E+00,2.00411E+00,1.97290E-06,5.76590E-10,1.85000E-03,9.99688E-01,7.25628E-01
MTC_vo_00670_000055_fd,5.13721E+00,6.70000E-07,2.24651E+00,2.24651E+00,1.31466E-12,6.85611E-19,1.00236E-06,1.00000E+00,8.58769E-01
MTC_vo_00670_014360_g1,1.34669E+03,6.70000E-07,2.01112E+00,2.01090E+00,1.15390E-07,1.24040E-11,3.54200E-04,9.99890E-01,7.42262E-01
MTC_vo_00670_000392_g2,3.67799E+01,6.70000E-07,2.18544E+00,2.18539E+00,6.62590E-11,2.52690E-16,7.10000E-06,9.99978E-01,7.87486E-01
MTC_vo_00670_002016_g2,1.89080E+02,6.70000E-07,2.04244E+00,2.04236E+00,1.75230E-09,3.43320E-14,3.65000E-05,9.99963E-01,7.43716E-01
MTC_vo_00670_005938_g1,5.56879E+02,6.70000E-07,2.02004E+00,2.01985E+00,1.52320E-08,8.77090E-13,1.07500E-04,9.99904E-01,7.64428E-01
MTC_vo_00670_005380_g1,5.04561E+02,6.70000E-07,2.02140E+00,2.02123E+00,1.25050E-08,6.52380E-13,9.74000E-05,9.99915E-01,7.64204E-01
MTC_vo_00670_000203_fd,1.90056E+01,6.70000E-07,2.24398E+00,2.24397E+00,1.80357E-11,3.47303E-17,3.70019E-06,9.99999E-01,7.87036E-01
MTC_vo_00670_000104_fd,9.76024E+00,6.70000E-07,2.60090E+00,2.60090E+00,4.74644E-12,4.70284E-18,1.89808E-06,1.00000E+00,8.32798E-01
MTC_vo_00670_000077_fd,7.19189E+00,6.70000E-07,2.77535E+00,2.77535E+00,2.57684E-12,1.88134E-18,1.39690E-06,1.00000E+00,8.63131E-01
MTC_vo_00670_012061_g1,1.13104E+03,6.70000E-07,2.01250E+00,2.01230E+00,7.86110E-08,7.34850E-12,2.81100E-04,9.99901E-01,7.45030E-01
MTC_vo_00670_001453_g2,1.36243E+02,6.70000E-07,2.05396E+00,2.05377E+00,9.08990E-10,1.28440E-14,2.63000E-05,9.99909E-01,7.37965E-01
MTC_vo_00670_009333_g1,8.75214E+02,6.70000E-07,2.01483E+00,2.01472E+00,4.04360E-08,3.40490E-12,1.87300E-04,9.99946E-01,7.49224E-01
MTC_vo_00670_027910_g1,2.61735E+03,6.70000E-07,2.00714E+00,2.00660E+00,5.76460E-07,9.10640E-11,1.00000E-03,9.99729E-01,7.25418E-01
MTC_vo_00670_000148_fd,1.38691E+01,6.70000E-07,2.35611E+00,2.35611E+00,9.59058E-12,1.34948E-17,2.69784E-06,1.00000E+00,8.03283E-01
MTC_vo_00670_001050_g2,9.84253E+01,6.70000E-07,2.06545E+00,2.06527E+00,4.74410E-10,4.84260E-15,1.90000E-05,9.99914E-01,7.41341E-01
MTC_vo_00670_003883_g1,3.64172E+02,6.70000E-07,2.02660E+00,2.02643E+00,6.51390E-09,2.45290E-13,7.03000E-05,9.99917E-01,7.64273E-01
MTC_vo_00670_000547_g2,5.12850E+01,6.70000E-07,2.11093E+00,2.11087E+00,1.28820E-10,6.85060E-16,9.90000E-06,9.99972E-01,7.67431E-01
MTC_vo_00670_016611_g1,1.55780E+03,6.70000E-07,2.01009E+00,2.00980E+00,1.74220E-07,1.92000E-11,4.69800E-04,9.99855E-01,7.33738E-01
MTC_vo_00670_037232_g1,3.49154E+03,6.70000E-07,2.00589E+00,2.00532E+00,1.02580E-06,2.16180E-10,1.33400E-03,9.99713E-01,7.25379E-01
MTC_vo_00670_018632_g1,1.74733E+03,6.70000E-07,2.00935E+00,2.00893E+00,2.27770E-07,2.70950E-11,5.93300E-04,9.99790E-01,7.26949E-01
MTC_vo_00670_020201_g1,1.89445E+03,6.70000E-07,2.00886E+00,2.00835E+00,3.02000E-07,3.45310E-11,7.23800E-04,9.99745E-01,7.25259E-01
MTC_vo_00480_002801_g1,3.66602E+02,4.80000E-07,2.02162E+00,2.02150E+00,3.38730E-09,9.20120E-14,5.07000E-05,9.99942E-01,7.59965E-01
MTC_vo_00480_000077_fd,1.00388E+01,4.80000E-07,2.55610E+00,2.55610E+00,2.57673E-12,1.88141E-18,1.39802E-06,1.00000E+00,8.23243E-01
MTC_vo_00480_012061_g1,1.57875E+03,4.80000E-07,2.00817E+00,2.00804E+00,7.86110E-08,7.34850E-12,2.81100E-04,9.99936E-01,7.40626E-01
MTC_vo_00480_001453_g2,1.90172E+02,4.80000E-07,2.03306E+00,2.03296E+00,9.09780E-10,1.28440E-14,2.63000E-05,9.99951E-01,7.38626E-01
MTC_vo_00480_009333_g1,1.22165E+03,4.80000E-07,2.00969E+00,2.00962E+00,4.04360E-08,3.40490E-12,1.87300E-04,9.99968E-01,7.44739E-01
MTC_vo_00480_000547_g2,7.15853E+01,4.80000E-07,2.07178E+00,2.07173E+00,1.28820E-10,6.85060E-16,9.90000E-06,9.99975E-01,7.48510E-01
MTC_vo_00480_001050_g2,1.37385E+02,4.80000E-07,2.04630E+00,2.04626E+00,4.74410E-10,4.84260E-15,1.90000E-05,9.99982E-01,7.33962E-01
MTC_vo_00480_003883_g1,5.08323E+02,4.80000E-07,2.01739E+00,2.01725E+00,6.51420E-09,2.45290E-13,7.03000E-05,9.99934E-01,7.60046E-01
MTC_vo_00480_000148_fd,1.93594E+01,4.80000E-07,2.21969E+00,2.21969E+00,9.60322E-12,1.34957E-17,2.69672E-06,1.00000E+00,7.78879E-01
MTC_vo_00480_018633_g1,2.43899E+03,4.80000E-07,2.00611E+00,2.00576E+00,2.27770E-07,2.70950E-11,5.93300E-04,9.99825E-01,7.22523E-01
MTC_vo_00480_027910_g1,3.65338E+03,4.80000E-07,2.00467E+00,2.00422E+00,5.76460E-07,9.10640E-11,1.00000E-03,9.99774E-01,7.21141E-01
MTC_vo_00480_020201_g1,2.64433E+03,4.80000E-07,2.00579E+00,2.00534E+00,3.02000E-07,3.45310E-11,7.23800E-04,9.99775E-01,7.20971E-01
MTC_vo_00480_016611_g1,2.17444E+03,4.80000E-07,2.00660E+00,2.00638E+00,1.74220E-07,1.92000E-11,4.69800E-04,9.99890E-01,7.29342E-01
MTC_vo_00480_037232_g1,4.87361E+03,4.80000E-07,2.00385E+00,2.00340E+00,1.02580E-06,2.16180E-10,1.33400E-03,9.99773E-01,7.21061E-01
MTC_vo_00480_000757_g2,9.90633E+01,4.80000E-07,2.05577E+00,2.05571E+00,2.46660E-10,1.81550E-15,1.37000E-05,9.99970E-01,7.37775E-01
MTC_vo_00480_000279_fd,3.65649E+01,4.80000E-07,2.14081E+00,2.14081E+00,3.43010E-11,9.09496E-17,5.10314E-06,1.00000E+00,7.67147E-01
MTC_vo_00480_071617_g1,9.37463E+03,4.80000E-07,2.00249E+00,2.00202E+00,3.79560E-06,1.53860E-09,2.56600E-03,9.99767E-01,7.21157E-01
MTC_vo_00480_051633_g1,6.75878E+03,4.80000E-07,2.00310E+00,2.00263E+00,1.97290E-06,5.76590E-10,1.85000E-03,9.99768E-01,7.21238E-01
MTC_vo_00480_000392_g2,5.13393E+01,4.80000E-07,2.09433E+00,2.09427E+00,6.62590E-11,2.52700E-16,7.10000E-06,9.99972E-01,7.64001E-01
MTC_vo_00480_000055_fd,7.17078E+00,4.80000E-07,2.78886E+00,2.78886E+00,1.31472E-12,6.85636E-19,1.00077E-06,1.00000E+00,8.58567E-01
MTC_vo_00480_014360_g1,1.87975E+03,4.80000E-07,2.00727E+00,2.00711E+00,1.15390E-07,1.24040E-11,3.54200E-04,9.99921E-01,7.37792E-01
MTC_vo_00480_000203_fd,2.65282E+01,4.80000E-07,2.04049E+00,2.04049E+00,1.80525E-11,3.47288E-17,3.69749E-06,1.00000E+00,7.58796E-01
MTC_vo_00480_000104_fd,1.36237E+01,4.80000E-07,2.36026E+00,2.36026E+00,4.74821E-12,4.70286E-18,1.90222E-06,1.00000E+00,7.98135E-01
MTC_vo_00480_005380_g1,7.04283E+02,4.80000E-07,2.01399E+00,2.01383E+00,1.25050E-08,6.52380E-13,9.74000E-05,9.99921E-01,7.60227E-01
MTC_vo_00480_002016_g2,2.63925E+02,4.80000E-07,2.02726E+00,2.02715E+00,1.75230E-09,3.43320E-14,3.65000E-05,9.99946E-01,7.40230E-01
MTC_vo_00480_005938_g1,7.77314E+02,4.80000E-07,2.01310E+00,2.01296E+00,1.52320E-08,8.77100E-13,1.07500E-04,9.99931E-01,7.60184E-01
MTC_vo_07000_051633_g1,4.63459E+02,7.00000E-06,2.01471E+00,1.02977E+00,1.97260E-06,5.76590E-10,1.85000E-03,5.11125E-01,9.77506E-01
MTC_vo_07000_009333_g2,8.37705E+01,7.00000E-06,2.04729E+00,1.04250E+00,4.04650E-08,3.40490E-12,1.87300E-04,5.09208E-01,9.66431E-01
MTC_vo_07000_012061_g2,1.08257E+02,7.00000E-06,2.04034E+00,1.04045E+00,7.85540E-08,7.34850E-12,2.81100E-04,5.09937E-01,9.68327E-01
MTC_vo_07000_000542_fd,4.86680E+00,7.00000E-06,2.11093E+00,1.59578E+00,1.28970E-10,6.65264E-16,9.91535E-06,7.55958E-01,8.73562E-01
MTC_vo_07000_002801_g2,2.51384E+01,7.00000E-06,2.06087E+00,1.05790E+00,3.38610E-09,9.20110E-14,5.07000E-05,5.13330E-01,9.48778E-01
MTC_vo_07000_000279_fd,2.50731E+00,7.00000E-06,8.83872E-01,6.11910E-01,3.42257E-11,9.09501E-17,5.12479E-06,6.92306E-01,7.35073E-01
MTC_vo_07000_000750_fd,6.73465E+00,7.00000E-06,2.46868E+00,1.81904E+00,2.46976E-10,1.76299E-15,1.37032E-05,7.36847E-01,8.94710E-01
MTC_vo_07000_071617_g1,6.42832E+02,7.00000E-06,2.01183E+00,1.02984E+00,3.79490E-06,1.53860E-09,2.56600E-03,5.11894E-01,9.77897E-01
MTC_vo_07000_001041_fd,9.33978E+00,7.00000E-06,2.42102E+00,1.64470E+00,4.75080E-10,4.70281E-15,1.90508E-05,6.79342E-01,9.02827E-01
MTC_vo_07000_000203_fd,1.81908E+00,7.00000E-06,4.89807E-01,2.94802E-01,1.80136E-11,3.47288E-17,3.67648E-06,6.01874E-01,6.14275E-01
MTC_vo_07000_000104_fd,9.34189E-01,7.00000E-06,1.41541E-01,4.50965E-02,4.75017E-12,4.70275E-18,1.89394E-06,3.18612E-01,2.15754E-01
MTC_vo_07000_016611_g2,1.49104E+02,7.00000E-06,2.03178E+00,1.03467E+00,1.74670E-07,1.92000E-11,4.69800E-04,5.09246E-01,9.70085E-01
MTC_vo_07000_003883_g2,3.48565E+01,7.00000E-06,2.09190E+00,1.08120E+00,6.51030E-09,2.45290E-13,7.03000E-05,5.16852E-01,9.59043E-01
MTC_vo_07000_018633_g2,1.67245E+02,7.00000E-06,2.02915E+00,1.03185E+00,2.28120E-07,2.70950E-11,5.93300E-04,5.08514E-01,9.70732E-01
MTC_vo_07000_000055_fd,4.91724E-01,7.00000E-06,5.16908E-02,4.39385E-03,1.31401E-12,6.85691E-19,1.00268E-06,8.50025E-02,6.91130E-02
MTC_vo_07000_001440_fd,1.29278E+01,7.00000E-06,2.29456E+00,1.41437E+00,9.10196E-10,1.24727E-14,2.62924E-05,6.16401E-01,9.17989E-01
MTC_vo_07000_000077_fd,6.88369E-01,7.00000E-06,8.38897E-02,1.54086E-02,2.57904E-12,1.88136E-18,1.44831E-06,1.83676E-01,1.19071E-01
MTC_vo_07000_020201_g1,1.81326E+02,7.00000E-06,2.02750E+00,1.03194E+00,3.01950E-07,3.45310E-11,7.23800E-04,5.08974E-01,9.75091E-01
MTC_vo_07000_005380_g2,4.82937E+01,7.00000E-06,2.06787E+00,1.05855E+00,1.24970E-08,6.52380E-13,9.74000E-05,5.11904E-01,9.63221E-01
MTC_vo_07000_037232_g1,3.34191E+02,7.00000E-06,2.01829E+00,1.02986E+00,1.02570E-06,2.16180E-10,1.33400E-03,5.10265E-01,9.76953E-01
MTC_vo_07000_005938_g2,5.33015E+01,7.00000E-06,2.06070E+00,1.05290E+00,1.52230E-08,8.77100E-13,1.07500E-04,5.10943E-01,9.64036E-01
MTC_vo_07000_001999_fd,1.79410E+01,7.00000E-06,2.18492E+00,1.23372E+00,1.75611E-09,3.33404E-14,3.65420E-05,5.64651E-01,9.37000E-01
MTC_vo_07000_014360_g2,1.28897E+02,7.00000E-06,2.03451E+00,1.03554E+00,1.15640E-07,1.24040E-11,3.54200E-04,5.08987E-01,9.68999E-01
MTC_vo_07000_027910_g1,2.50518E+02,7.00000E-06,2.02217E+00,1.03033E+00,5.76370E-07,9.10640E-11,1.00000E-03,5.09518E-01,9.76255E-01
MTC_vo_07000_000389_fd,3.49044E+00,7.00000E-06,1.47224E+00,1.08398E+00,6.63335E-11,2.45393E-16,7.13014E-06,7.36278E-01,8.24309E-01
MTC_vo_07000_000148_fd,1.32748E+00,7.00000E-06,2.70714E-01,1.30094E-01,9.59253E-12,1.34953E-17,2.67380E-06,4.80557E-01,4.13044E-01
MTC_vo_02915_1_dd_001439,3.10131E+01,2.91500E-06,1.95498E+00,9.93018E-01,9.12159E-10,1.24725E-14,2.16550E-05,5.07943E-01,9.70690E-01
MTC_vo_02915_1_dd_000542,1.16742E+01,2.91500E-06,1.67802E+00,7.38589E-01,1.28847E-10,6.65250E-16,8.11127E-06,4.40155E-01,9.52330E-01
MTC_vo_02915_1_dd_001039,2.24049E+01,2.91500E-06,1.87062E+00,9.11544E-01,4.75784E-10,4.70268E-15,1.56373E-05,4.87296E-01,9.66340E-01
MTC_vo_02915_1_dd_000749,1.61552E+01,2.91500E-06,1.79018E+00,8.37269E-01,2.47057E-10,1.76300E-15,1.12466E-05,4.67701E-01,9.60920E-01
MTC_vo_02915_1_dd_000055,1.17925E+00,2.91500E-06,4.64549E-01,3.01239E-02,1.31463E-12,6.85640E-19,8.19256E-07,6.48455E-02,3.32230E-01
MTC_vo_02915_1_dd_000202,4.36313E+00,2.91500E-06,1.15478E+00,3.42116E-01,1.79983E-11,3.47287E-17,3.03064E-06,2.96261E-01,8.72770E-01
MTC_vo_02915_3_g1_051633,1.11294E+03,2.91500E-06,2.00169E+00,1.03569E+00,1.97250E-06,5.76590E-10,1.85000E-03,5.17408E-01,9.79814E-01
MTC_vo_02915_3_g1_071617,1.54368E+03,2.91500E-06,2.00136E+00,1.03580E+00,3.79410E-06,1.53860E-09,2.56600E-03,5.17551E-01,9.79955E-01
MTC_vo_02915_2_g2_005380,1.15970E+02,2.91500E-06,1.98636E+00,1.03336E+00,1.25020E-08,6.52370E-13,9.74000E-05,5.20229E-01,9.69123E-01
MTC_vo_02915_1_dd_000077,1.65093E+00,2.91500E-06,6.05872E-01,6.58017E-02,2.57668E-12,1.88134E-18,1.14666E-06,1.08606E-01,5.55810E-01
MTC_vo_02915_3_g1_012061,2.59965E+02,2.91500E-06,2.00445E+00,1.04093E+00,7.86040E-08,7.34850E-12,2.81100E-04,5.19310E-01,9.76254E-01
MTC_vo_02915_3_g1_027910,6.01586E+02,2.91500E-06,2.00254E+00,1.03550E+00,5.76350E-07,9.10640E-11,1.00000E-03,5.17091E-01,9.79371E-01
MTC_vo_02915_1_dd_000104,2.24055E+00,2.91500E-06,7.55212E-01,1.18712E-01,4.74587E-12,4.70275E-18,1.55598E-06,1.57190E-01,7.07110E-01
MTC_vo_02915_3_g1_016611,3.58055E+02,2.91500E-06,2.00359E+00,1.03812E+00,1.74210E-07,1.92000E-11,4.69800E-04,5.18130E-01,9.77592E-01
MTC_vo_02915_1_dd_000388,8.37244E+00,2.91500E-06,1.52334E+00,6.08860E-01,6.62708E-11,2.45391E-16,5.81519E-06,3.99689E-01,9.38050E-01
MTC_vo_02915_2_g2_002801,6.03668E+01,2.91500E-06,1.96880E+00,1.01191E+00,3.38620E-09,9.20120E-14,5.07000E-05,5.13975E-01,9.67096E-01
MTC_vo_02915_1_dd_000148,3.18392E+00,2.91500E-06,9.59003E-01,2.22704E-01,9.58363E-12,1.34951E-17,2.21112E-06,2.32225E-01,8.06700E-01
MTC_vo_02915_2_g2_009333,2.01164E+02,2.91500E-06,1.99358E+00,1.03500E+00,4.04620E-08,3.40490E-12,1.87300E-04,5.19169E-01,9.70977E-01
MTC_vo_02915_2_g2_005938,1.27997E+02,2.91500E-06,1.98804E+00,1.03554E+00,1.52300E-08,8.77100E-13,1.07500E-04,5.20882E-01,9.69433E-01
MTC_vo_02915_3_g1_018632,4.01617E+02,2.91500E-06,2.00333E+00,1.03509E+00,2.27740E-07,2.70950E-11,5.93300E-04,5.16684E-01,9.78751E-01
MTC_vo_02915_3_g1_020201,4.35430E+02,2.91500E-06,2.00315E+00,1.03545E+00,3.01950E-07,3.45310E-11,7.23800E-04,5.16910E-01,9.79002E-01
MTC_vo_02915_1_dd_000279,6.01401E+00,2.91500E-06,1.34700E+00,4.73681E-01,3.41935E-11,9.09472E-17,4.17853E-06,3.51658E-01,9.14190E-01
MTC_vo_02915_3_g1_037232,8.02516E+02,2.91500E-06,2.00210E+00,1.03557E+00,1.02560E-06,2.16180E-10,1.33400E-03,5.17243E-01,9.79612E-01
MTC_vo_02915_2_g2_003883,8.37033E+01,2.91500E-06,1.97917E+00,1.02431E+00,6.51310E-09,2.45290E-13,7.03000E-05,5.17546E-01,9.67935E-01
MTC_vo_02915_2_g2_002016,4.34597E+01,2.91500E-06,1.95417E+00,9.95446E-01,1.75500E-09,3.43330E-14,3.65000E-05,5.09395E-01,9.64806E-01
MTC_vo_02915_3_g1_014360,3.09530E+02,2.91500E-06,2.00396E+00,1.03981E+00,1.15370E-07,1.24040E-11,3.54200E-04,5.18877E-01,9.76643E-01
MTC_vo_00429_3_g1_037232,5.45299E+03,4.29000E-07,2.00384E+00,2.00337E+00,1.02580E-06,2.16180E-10,1.33400E-03,9.99768E-01,7.19084E-01
MTC_vo_00429_1_fd_000148,2.16605E+01,4.29000E-07,2.12872E+00,2.12872E+00,9.60680E-12,1.34951E-17,2.69696E-06,1.00000E+00,7.66231E-01
MTC_vo_00429_3_g1_014360,2.10322E+03,4.29000E-07,2.00724E+00,2.00708E+00,1.15390E-07,1.24040E-11,3.54200E-04,9.99920E-01,7.35788E-01
MTC_vo_00429_2_g2_001453,2.12780E+02,4.29000E-07,2.03258E+00,2.03245E+00,9.09780E-10,1.28440E-14,2.63000E-05,9.99935E-01,7.37476E-01
MTC_vo_00429_2_g2_002016,2.95300E+02,4.29000E-07,2.02828E+00,2.02821E+00,1.75230E-09,3.43320E-14,3.65000E-05,9.99964E-01,7.39602E-01
MTC_vo_00429_3_g1_016611,2.43294E+03,4.29000E-07,2.00657E+00,2.00635E+00,1.74220E-07,1.92000E-11,4.69800E-04,9.99890E-01,7.27141E-01
MTC_vo_00429_3_g1_018632,2.72893E+03,4.29000E-07,2.00609E+00,2.00574E+00,2.27770E-07,2.70950E-11,5.93300E-04,9.99825E-01,7.20411E-01
MTC_vo_00429_3_g1_005380,7.88008E+02,4.29000E-07,2.01393E+00,2.01378E+00,1.25050E-08,6.52380E-13,9.74000E-05,9.99925E-01,7.58135E-01
MTC_vo_00429_3_g1_020201,2.95869E+03,4.29000E-07,2.00577E+00,2.00531E+00,3.02000E-07,3.45310E-11,7.23800E-04,9.99770E-01,7.19021E-01
MTC_vo_00429_1_fd_000203,2.96821E+01,4.29000E-07,2.01244E+00,2.01244E+00,1.80536E-11,3.47292E-17,3.70064E-06,1.00000E+00,7.51787E-01
MTC_vo_00429_3_g1_005938,8.69722E+02,4.29000E-07,2.01305E+00,2.01289E+00,1.52320E-08,8.77100E-13,1.07500E-04,9.99925E-01,7.58159E-01
MTC_vo_00429_3_g1_009333,1.36688E+03,4.29000E-07,2.00965E+00,2.00958E+00,4.04360E-08,3.40490E-12,1.87300E-04,9.99967E-01,7.42506E-01
MTC_vo_00429_3_g1_071617,1.04891E+04,4.29000E-07,2.00248E+00,2.00201E+00,3.79560E-06,1.53860E-09,2.56600E-03,9.99767E-01,7.19067E-01
MTC_vo_00429_1_fd_000055,8.02316E+00,4.29000E-07,2.77392E+00,2.77392E+00,1.31459E-12,6.85612E-19,9.96851E-07,1.00000E+00,8.45752E-01
MTC_vo_00429_2_g2_000547,8.00954E+01,4.29000E-07,2.06856E+00,2.06850E+00,1.28800E-10,6.85060E-16,9.90000E-06,9.99972E-01,7.38829E-01
MTC_vo_00429_3_g1_002801,4.10184E+02,4.29000E-07,2.02153E+00,2.02139E+00,3.38820E-09,9.20120E-14,5.07000E-05,9.99931E-01,7.57908E-01
MTC_vo_00429_3_g1_027910,4.08770E+03,4.29000E-07,2.00465E+00,2.00419E+00,5.76460E-07,9.10640E-11,1.00000E-03,9.99769E-01,7.19060E-01
MTC_vo_00429_3_g1_012061,1.76643E+03,4.29000E-07,2.00813E+00,2.00800E+00,7.86110E-08,7.34850E-12,2.81100E-04,9.99931E-01,7.38568E-01
MTC_vo_00429_2_g2_001050,1.53718E+02,4.29000E-07,2.04347E+00,2.04342E+00,4.74820E-10,4.84260E-15,1.90000E-05,9.99975E-01,7.37091E-01
MTC_vo_00429_2_g2_000392,5.74418E+01,4.29000E-07,2.06557E+00,2.06550E+00,6.62580E-11,2.52690E-16,7.10000E-06,9.99963E-01,7.54139E-01
MTC_vo_00429_1_fd_000104,1.52431E+01,4.29000E-07,2.32867E+00,2.32867E+00,4.75047E-12,4.70266E-18,1.89811E-06,1.00000E+00,7.90259E-01
MTC_vo_00429_2_g2_000757,1.10838E+02,4.29000E-07,2.04637E+00,2.04625E+00,2.46660E-10,1.81540E-15,1.37000E-05,9.99938E-01,7.32603E-01
MTC_vo_00429_1_fd_000077,1.12320E+01,4.29000E-07,2.44883E+00,2.44883E+00,2.57660E-12,1.88132E-18,1.39969E-06,1.00000E+00,8.07304E-01
MTC_vo_00429_3_g1_003883,5.68754E+02,4.29000E-07,2.01732E+00,2.01717E+00,6.51420E-09,2.45290E-13,7.03000E-05,9.99928E-01,7.58039E-01
MTC_vo_00429_3_g1_051633,7.56227E+03,4.29000E-07,2.00309E+00,2.00262E+00,1.97290E-06,5.76590E-10,1.85000E-03,9.99767E-01,7.19108E-01
MTC_vo_00429_2_g2_000282,4.12611E+01,4.29000E-07,2.13424E+00,2.13418E+00,3.41870E-11,9.36540E-17,5.10000E-06,9.99973E-01,7.75236E-01
MSC_vo_02173_m03_g1_2020,5.84085E+02,2.17250E-06,2.01840E+00,1.75895E+00,3.02810E-07,3.45020E-11,7.23800E-04,8.71459E-01,8.16900E-01
MSC_vo_02173_m02_g2_0932,2.69628E+02,2.17250E-06,2.03060E+00,1.82629E+00,4.03140E-08,3.39400E-12,1.87300E-04,8.99384E-01,8.20000E-01
MSC_vo_02173_m01_fd_0020,5.86624E+00,2.17250E-06,2.17076E+00,2.16566E+00,1.80289E-11,3.48176E-17,3.69968E-06,9.97654E-01,8.82156E-01
MSC_vo_02173_m01_fd_0075,2.16998E+01,2.17250E-06,2.23162E+00,2.21146E+00,2.47360E-10,1.76301E-15,1.36923E-05,9.90965E-01,8.26113E-01
MSC_vo_02173_m01_fd_0028,8.09110E+00,2.17250E-06,2.71107E+00,2.70383E+00,3.43000E-11,9.13660E-17,5.08273E-06,9.97330E-01,8.89039E-01
MSC_vo_02173_m01_fd_0010,3.00853E+00,2.17250E-06,6.98716E-01,6.96331E-01,4.74134E-12,4.69564E-18,1.90170E-06,9.96586E-01,7.76656E-01
MSC_vo_02173_m02_g2_0538,1.55634E+02,2.17250E-06,2.04003E+00,1.90498E+00,1.24990E-08,6.52720E-13,9.74020E-05,9.33800E-01,8.15800E-01
MSC_vo_02173_m02_g2_1435,4.15017E+02,2.17250E-06,2.02210E+00,1.77385E+00,1.15470E-07,1.23770E-11,3.54200E-04,8.77228E-01,8.24900E-01
MSC_vo_02173_m02_g2_0388,1.12320E+02,2.17250E-06,2.05892E+00,1.95837E+00,6.51010E-09,2.45350E-13,7.02940E-05,9.51167E-01,8.06900E-01
MSC_vo_02173_m01_fd_0005,1.58470E+00,2.17250E-06,1.40786E-01,1.39684E-01,1.31533E-12,6.86110E-19,1.00272E-06,9.92173E-01,5.21740E-01
MSC_vo_02173_m01_fd_0104,3.00612E+01,2.17250E-06,2.03487E+00,2.00685E+00,4.75002E-10,4.68760E-15,1.90170E-05,9.86232E-01,8.05790E-01
MSC_vo_02173_m03_g1_7160,2.07068E+03,2.17250E-06,2.00791E+00,1.41776E+00,3.80580E-06,1.53730E-09,2.56600E-03,7.06089E-01,9.00400E-01
MSC_vo_02173_m02_g2_0280,8.09937E+01,2.17250E-06,2.07627E+00,2.00228E+00,3.38520E-09,9.19960E-14,5.06890E-05,9.64367E-01,8.01200E-01
MSC_vo_02173_m03_g1_1862,5.38640E+02,2.17250E-06,2.01942E+00,1.75139E+00,2.27690E-07,2.70590E-11,5.93300E-04,8.67275E-01,8.20100E-01
MSC_vo_02173_m01_fd_0015,4.28064E+00,2.17250E-06,1.38800E+00,1.38442E+00,9.59933E-12,1.35271E-17,2.69696E-06,9.97419E-01,8.54191E-01
MSC_vo_02173_m02_g2_0594,1.71766E+02,2.17250E-06,2.03560E+00,1.88820E+00,1.52250E-08,8.77460E-13,1.07500E-04,9.27587E-01,8.18700E-01
MSC_vo_02173_m03_g1_2790,8.06969E+02,2.17250E-06,2.01483E+00,1.68341E+00,5.77850E-07,9.09890E-11,1.00000E-03,8.35512E-01,8.34300E-01
MSC_vo_02173_m01_fd_0054,1.56815E+01,2.17250E-06,2.34189E+00,2.32739E+00,1.29011E-10,6.65286E-16,9.88885E-06,9.93810E-01,8.40556E-01
MSC_vo_02173_m02_g2_1205,3.48610E+02,2.17250E-06,2.02745E+00,1.80595E+00,7.85110E-08,7.33560E-12,2.81110E-04,8.90748E-01,8.21700E-01
MSC_vo_02173_m02_g2_0145,4.20435E+01,2.17250E-06,2.15581E+00,2.11635E+00,9.10810E-10,1.28680E-14,2.63130E-05,9.81694E-01,8.09400E-01
MSC_vo_02173_m03_g1_5162,1.49289E+03,2.17250E-06,2.00984E+00,1.51483E+00,1.97840E-06,5.76100E-10,1.85000E-03,7.53706E-01,8.76000E-01
MSC_vo_02173_m02_g2_1660,4.80202E+02,2.17250E-06,2.02046E+00,1.76936E+00,1.74570E-07,1.91730E-11,4.69790E-04,8.75722E-01,8.21400E-01
MSC_vo_02173_m01_fd_0008,2.21769E+00,2.17250E-06,3.40433E-01,3.38767E-01,2.57614E-12,1.88061E-18,1.38306E-06,9.95104E-01,6.83404E-01
MSC_vo_02173_m01_fd_0039,1.12706E+01,2.17250E-06,2.56404E+00,2.55375E+00,6.65587E-11,2.46974E-16,7.08816E-06,9.95989E-01,8.62730E-01
MSC_vo_02173_m03_g1_3722,1.07649E+03,2.17250E-06,2.01224E+00,1.60807E+00,1.02870E-06,2.16000E-10,1.33400E-03,7.99146E-01,8.52400E-01
MSC_vo_02173_m02_g2_0202,5.83419E+01,2.17250E-06,2.09925E+00,2.04479E+00,1.75380E-09,3.43840E-14,3.65130E-05,9.74056E-01,8.04500E-01
MSC_vo_01395_m01_fd_0005,2.46796E+00,1.39500E-06,5.50361E-01,5.50247E-01,1.31535E-12,6.86128E-19,9.99095E-07,9.99792E-01,7.18159E-01
MSC_vo_01395_m02_g2_0388,1.74917E+02,1.39500E-06,2.03352E+00,2.02323E+00,6.50980E-09,2.45330E-13,7.02920E-05,9.94938E-01,7.73000E-01
MSC_vo_01395_m01_fd_0020,9.12065E+00,1.39500E-06,2.69193E+00,2.69143E+00,1.79693E-11,3.46450E-17,3.70775E-06,9.99812E-01,8.53915E-01
MSC_vo_01395_m02_g2_0932,4.19901E+02,1.39500E-06,2.01795E+00,1.99541E+00,4.03380E-08,3.39390E-12,1.87300E-04,9.88830E-01,7.64200E-01
MSC_vo_01395_m02_g2_0538,2.42373E+02,1.39500E-06,2.02540E+00,2.01109E+00,1.24800E-08,6.52700E-13,9.74010E-05,9.92932E-01,7.73500E-01
MSC_vo_01395_m01_fd_0010,4.68478E+00,1.39500E-06,1.89174E+00,1.89149E+00,4.74025E-12,4.69403E-18,1.90938E-06,9.99871E-01,8.58010E-01
MSC_vo_01395_m01_fd_0028,1.25905E+01,1.39500E-06,2.41114E+00,2.41042E+00,3.42450E-11,9.11462E-17,5.10649E-06,9.99704E-01,8.21262E-01
MSC_vo_01395_m01_fd_0075,3.37735E+01,1.39500E-06,2.03440E+00,2.03242E+00,2.47194E-10,1.75980E-15,1.36987E-05,9.99027E-01,7.72904E-01
MSC_vo_01395_m03_g1_1205,5.42897E+02,1.39500E-06,2.01496E+00,1.98980E+00,7.84930E-08,7.33520E-12,2.81100E-04,9.87518E-01,7.60500E-01
MSC_vo_01395_m03_g1_2020,9.09623E+02,1.39500E-06,2.01060E+00,1.97974E+00,3.02810E-07,3.45020E-11,7.23800E-04,9.84649E-01,7.41700E-01
MSC_vo_01395_m03_g1_1660,7.47855E+02,1.39500E-06,2.01208E+00,1.98272E+00,1.74340E-07,1.91740E-11,4.69800E-04,9.85408E-01,7.50700E-01
MSC_vo_01395_m03_g1_3722,1.67648E+03,1.39500E-06,2.00705E+00,1.95168E+00,1.02860E-06,2.16000E-10,1.33400E-03,9.72409E-01,7.47400E-01
MSC_vo_01395_m02_g2_0202,9.08278E+01,1.39500E-06,2.04896E+00,2.04342E+00,1.75530E-09,3.43490E-14,3.65000E-05,9.97298E-01,7.69500E-01
MSC_vo_01395_m02_g2_0145,6.54696E+01,1.39500E-06,2.04297E+00,2.03907E+00,9.11970E-10,1.28640E-14,2.63100E-05,9.98092E-01,7.75300E-01
MSC_vo_01395_m03_g1_5162,2.32494E+03,1.39500E-06,2.00567E+00,1.93039E+00,1.97820E-06,5.76100E-10,1.85000E-03,9.62466E-01,7.52300E-01
MSC_vo_01395_m01_fd_0054,2.44213E+01,1.39500E-06,2.07621E+00,2.07480E+00,1.29208E-10,6.65269E-16,9.90214E-06,9.99320E-01,7.80495E-01
MSC_vo_01395_m01_fd_0039,1.75149E+01,1.39500E-06,2.29383E+00,2.29282E+00,6.63853E-11,2.45396E-16,7.10468E-06,9.99562E-01,8.06020E-01
MSC_vo_01395_m01_fd_0008,3.45568E+00,1.39500E-06,1.13852E+00,1.13835E+00,2.57907E-12,1.88382E-18,1.39873E-06,9.99850E-01,8.09186E-01
MSC_vo_01395_m02_g2_0594,2.67512E+02,1.39500E-06,2.02477E+00,2.00905E+00,1.52260E-08,8.77580E-13,1.07500E-04,9.92236E-01,7.75800E-01
MSC_vo_01395_m01_fd_0015,6.65264E+00,1.39500E-06,2.65420E+00,2.65384E+00,9.55963E-12,1.34433E-17,2.70866E-06,9.99865E-01,8.74725E-01
MSC_vo_01395_m03_g1_2790,1.25673E+03,1.39500E-06,2.00855E+00,1.96647E+00,5.78000E-07,9.09890E-11,1.00000E-03,9.79054E-01,7.44300E-01
MSC_vo_01395_m02_g2_0105,4.72372E+01,1.39500E-06,2.06896E+00,2.06622E+00,4.74760E-10,4.83180E-15,1.89830E-05,9.98672E-01,7.82600E-01
MSC_vo_01395_m03_g1_7160,3.22477E+03,1.39500E-06,2.00456E+00,1.90287E+00,3.80580E-06,1.53730E-09,2.56600E-03,9.49273E-01,7.58600E-01
MSC_vo_01395_m03_g1_1435,6.46326E+02,1.39500E-06,2.01331E+00,1.98456E+00,1.15300E-07,1.23770E-11,3.54200E-04,9.85717E-01,7.58200E-01
MSC_vo_01395_m02_g2_0280,1.26187E+02,1.39500E-06,2.03636E+00,2.02869E+00,3.38790E-09,9.21080E-14,5.07100E-05,9.96234E-01,7.70400E-01
MSC_vo_01395_m03_g1_1862,8.38849E+02,1.39500E-06,2.01119E+00,1.97923E+00,2.27690E-07,2.70590E-11,5.93300E-04,9.84107E-01,7.44000E-01
